ClavedeFonograma,Titulo,Subtítulo,Intérprete principal,Intérpretes Invitados,Intérprete articipante,Soporte físico,Editora,Número de catálogo,Ciudad de Edición,País de Edición,Año,Pistas,Observaciones
142,Lo mejor de Francisco Gabilondo Soler,,Cri-Cri  El grillito cantor,,Orquesta de Chucho Ferrer,LP,RCA Víctor,MKLA - 63,"México, D.F.",México,1968,"LP 1 Lado 1: 1. La patita (introducción) (F. Gabilondo S.), 2. El ratón vaquero (F. Gabilondo S.), 3. El ropero (F. Gabilondo S.), 4. Di por qué (F. Gabilondo S.), 5. Cochinitos dormilones (F. Gabilondo S.), 6. El negrito bailarín (F. Gabilondo S.); Lado 2: 1. El chorrito (F. Gabilondo S.), 2. Bombón I (F. Gabilondo S.), 3. La muñeca fea (F. Gabilondo S.), 4. La marcha de las letras (F. Gabilondo S.), 5. La merienda (F. Gabilondo S.), 6. Los caballitos (F. Gabilondo S.); LP 2 Lado 1: 1. Negrito sandía (F. Gabilondo S.), 2. El ropavejero (F. Gabilondo S.), 3. Campanita y Juan Pestañas (F. Gabilondo S.), 4. Papá elefante (F. Gabilondo S.), 5. Gato de barrio (F. Gabilondo S.), 6. El teléfono (F. Gabilondo S.); Lado 2: 1. Caminito de la escuela (F. Gabilondo S.), 2. El perrito (F. Gabilondo S.), 3. Llueve (F. Gabilondo S.), 4. Cucurumbé (F. Gabilondo S.), 5. Casamiento de los palomos (F. Gabilondo S.), 6. Marcha de las canicas (F. Gabilondo S.); LP 3 Lado 1: 1. La cocorica (F. Gabilondo S.), 2. Batallón de plomo (F. Gabilondo S.), 3. Orquesta de animales (F. Gabilondo S.), 4. Mosquitos trompeteros (F. Gabilondo S.), 5. Desfile de los cupidos (F. Gabilondo S.), 6. La cacería (F. Gabilondo S.); Lado 2: 1. El borreguito (F. Gabilondo S.), 2. El gato carpintero (F. Gabilondo S.), 3. Pollitos jardineros (F. Gabilondo S.), 4. Los ratones bomberos (F. Gabilondo S.), 5. Los enanos toreros (F. Gabilondo S.), 6. Escuela de perritos (F. Gabilondo S.)",
312,"Cri-Cri  ""El grillito Cantor""",,Francisco Gabilondo Soler,,,LP,RCA Víctor,MKL 3032,,México,s/d,"Lado 1: 1. El burrito (F. Gabilondo S.), 2. Negrito bailarín (F. Gabilondo S.), 3. El marinero (F. Gabilondo S.), 4. Fiesta de los zapatos (F. Gabilondo S.); Lado 2: 1. La maquinita (F. Gabilondo S.), 2. Lunada (F. Gabilondo S.), 3. La merienda (F. Gabilondo S.), 4. Los caballitos (F. Gabilondo S.)",Dice en portada: Disco Larga duración. Es un acetato de 25 cm. de diámetro. 33 1/3 rpm. Nota de presentación en contraportada. Se cuenta con tres ejemplares.
329,"Cri-Cri ""El grillito Cantor""",,Francisco Gabilondo Soler,,,LP,RCA Víctor,MKL 3001,,México,s/d,"Lado 1: 1. Marcha de las letras (F. Gabilondo S.), 2. Cochinitos dormilones (F. Gabilondo S.), 3. Carrousel (F. Gabilondo S.), 4. La olla y el comal (F. Gabilondo S.); Lado 2: 1. Ratón vaquero (F. Gabilondo S.), 2. Negrito sandía (F. Gabilondo S.), 3. Cucurumbé (F. Gabilondo S.), 4. La patita (F. Gabilondo S.)","Es un acetato de 25 cm. de diámetro. 33 1/3 rpm. Nota de presentación en contraportada. Se cuenta con dos ejemplares, de ediciones diferentes. Diferencia en el diseño de marbete."
340,Rondas infantiles,,Coro infantil del Parque de la ilusión,,,LP,Discos Globo,s/d,,México,1980,"Lado A: 1. Doña Blanca, 2. Juguemos esta ronda (C. Carlos), 3. Que llueva, que llueva, 4. Acitrón de un fandango, 5. Brinca la tablita; Lado B: 1. A la víbora de la mar, 2. Amó, ató, 3. La pájara pinta, 4. Mambrú, 5. San Serafín","La pista 2 Lado B aparece registrada en el fonograma de la siguiente manera: Amo a To. Se utilizó un título o nombre ""normalizado"" en el campo correspondiente a fin de hacer más claro la aparición de nombres propios y/o títulos en los índices."
343,El rincón de los niños Vol. 1,El encanto de la música infantil,"Hermanos Rincón. Valentín Rincón (vz, gt y ef), César Rincón (vz y gt), Xochitl Arévalo (vz), Gabriela Partida (vz)",,,LP,"Polydor-Polygram Discos, S. A.",LPR16236 Estereo 2389092,,México,1977,"Lado 1: 1. El negrito Zambo (G. Rincón/V. Rincón), 2. La ardilla (G. Rincón/V. Rincón), 3. Lagartija (G. Rincón/V. Rincón), 4. Pasteles de lodo (G. Rincón/V. Rincón), 5. Mi gatito (G. Rincón/V. Rincón), 6. La matraca traca (G. Rincón/V. Rincón), 7. El grillo (G. Rincón/V. Rincón), 8. La muñeca enferma (G. Rincón/V. Rincón), 9. El gusanito medidor (G. Rincón/V. Rincón); Lado 2: 1. Los números (G. Rincón-V. Rincón), 2. El arco iris (G. Rincón/V. Rincón), 3. Caracol (G. Rincón/V. Rincón), 4. La vaquita de Martín (G. Rincón/V. Rincón), 5. La rata cambalachista (G. Rincón/V. Rincón), 6. Abecedario de la pelota (G. Rincón/V. Rincón), 7. La tortuguita (G. Rincón/V. Rincón), 8. El sueño (G. Rincón/V. Rincón).","Dirección artística: Óscar Chávez. Números de registro que aparecen en el LP: 16236 2389092. Intersong. En la contraportada aparece inscripción: ""Recomendado para su difusión en las escuelas del país por la Dirección General de Educación Audiovisual de la Secretaría de Educación Pública"". Nota en contraportada por Rocío Sanz. Se cuenta con dos ejemplares. El encanto de la música infantil aparece solo en uno de los dos ejemplares. Ambos tienen la misma fecha de edición (1977)."
344,El rincón de los niños Vol. 2,,Hermanos Rincón,,Andrés Rincón y José Omar Barroso. Niños,LP,"Polydor-Polygram Discos, S. A.",LPR16274 Estereo,,México,1978,"Lado 1: 1. El niño robot (G. Rincón-V. Rincón), 2. La campana niña (G. Rincón-V. Rincón), 3. La máquina de escribir (G. Rincón-V. Rincón), 4. El ornitorrinco (V. Rincón), 5. La clase de música (V. Rincón); Lado 2: 1. El trenecito (G. Rincón-V. Rincón), 2. El columpio (G. Rincón-V. Rincón), 3. El rock del changuito (G. Rincón-V. Rincón), 4. El sembrador (G. Rincón-V. Rincón), 5. La gatita pinta (G. Rincón-V. Rincón), 6. Apelotonaditos (G. Rincón-V. Rincón)","Dirección artística: Óscar Chávez. Números de registro que aparecen en el LP: 16274 2389103. En la portada interior aparecen las letras de las canciones. Todas las selecciones editadas por Consorcio musical, S.A. Se cuenta con dos ejemplares."
345,El rincón de los niños Vol. 3,,"Hermanos Rincón. Valentín Rincón (vz, gt, mf y ef), César Rincón (vz y gt), Xochitl Arévalo (vz), Gabriela Partida (vz), Gilda Rincón (vz), Hugo Vázquez (ctro, qn, ch y bm)",,,LP,"Polydor-Polygram Discos, S. A.",LPR 16303 Estereo,,México,1979,"Lado 1: 1. La pelota (G. Rincón-V. Rincón), 2. Blues de la cigüeña (G. Rincón-V. Rincón), 3. Pajarito cola blanca (G. Rincón-V. Rincón), 4. Caballitos de mar (G. Rincón-V. Rincón), 5. Ay, ay, ay (G. Rincón-V. Rincón), 6. Re - la - mi - do (G. Rincón-V. Rincón), 7. Las esdrújulas (G. Rincón-V. Rincón); Lado 2: 1. Sapito verde (G. Rincón-V. Rincón), 2. El trompo (G. Rincón-V. Rincón), 3. El doctor (G. Rincón-V. Rincón), 4. Arrullo de las palomas (G. Rincón-V. Rincón), 5. Los puerquitos (G. Rincón-V. Rincón), 6. Cuéntame mamá (G. Rincón-V. Rincón)","Dirección artística: Óscar Chávez. En la contraportada aparecen las letras de las canciones. Números de registro que aparecen en el LP: 16303 2389118. Todas las melodías editadas por LAÚD. Se cuenta con tres ejemplares que aunque tienen el mismo año, el tercero puede ser posterior, ya que la contraportada es distinta y no presenta las letras de las canciones. La información detallada de intérpretes e instrumentos se encuentra en la contraportada del fonograma."
347,El rincón de los niños Vol. V,,"Hermanos Rincón. Valentin Rincón (vz, gt, mf y efectos), Xóchitl Arévalo (vz), Gabriela Partida (vz), César Rincón (vz, gt), Gilda Rincón (vz), Hugo Vázquez (ctro, qn, ch,bm).",,Músicos del SUTM. Hugo Luis Barroso (maullidos especiales),LP,"Polydor-Polygram Discos, S. A.",LPR 16420 Estereo,,México,1982,"Lado 1: 1. La comidita (G. Rincón-V. Rincón), 2. Luna luna (G. Rincón-V. Rincón), 3. Siete vidas (G. Rincón-V. Rincón), 4. Canción andina (G. Rincón-V. Rincón), 5. Las negritas de chocolate (G. Rincón-V. Rincón), 6. Tiene el cielo estrellas (G. Rincón-V. Rincón), 7. Las familias de la orquesta (V. Rincón); Lado 2: 1. Los cangrejitos (V. Rincón), 2. Los gatos de Rocío (V. Rincón), 3. La infantina está enfadada (V. Rincón), 4. El jicotito (V. Rincón), 5. Susana la oruga (V. Rincón), 6. La canción que te canto (V. Rincón)",Dirección artística: Óscar Chávez. Números de registro que aparecen en el LP: 16420 2389 183. Editora LAÚD.
348,Lírica infantil mexicana vol. II,,Óscar Chávez/Hermanos Rincón,,,LP,"Polydor-Polygram Discos, S. A.",LPRN16549,,México,1985,"Lado 1: 1. Caballito blanco ([Trad.]), 2. La calavera ([Trad.]), 3. Mambrú ([Trad.]), 4. Andándome yo paseando ([Trad.]), 5. Cantos para pedir y dar posada ([Trad.]), 6. El zopilote ([Trad.]), 7. La suegra y la nuera ([Trad.]), 8. El piojo ([Trad.]), 9. María la pastora ([Trad.]), 10. La rana (A) ([Trad.]), 11. La muerte ([Trad.]); Lado 2: 1. Mañanitas de Guadalajara ([Trad.]), 2. Bartolo ([Trad.]), 3. El cojo (B) ([Trad.]), 4. El marrano ([Trad.]), 5. El real y medio (B) ([Trad.]), 6. Ahí vienen los monos ([Trad.]), 7. Arrullo mexicano ([Trad.]), 8. Cuchito ([Trad.]), 9. La rana (B) ([Trad.]), 10. Duérmete niña bonita ([Trad.]), 11. La paloma azul ([Trad.])","Dirección artística: Óscar Chávez.Participación del músicos del SUTM en cuerdas, flauta y saxofón. Todos los temas pertenecen a Editora LAÚD. Números de registro que aparecen en el LP: 16549 825 844-1."
351,Canto al niño en su año,,Alberto Lozano,,,LP,"Discos Gas, S. A.",GAS-4118,,México,1979,"Lado 1: 1. Hoy el sol al despertar (A. Lozano), 2. Tic tac (A. Lozano), 3. Las plantas y los árboles (A. Lozano), 4. Peluchín (A. Lozano), 5. Por el periférico voy (A. Lozano); Lado 2: 1. Coquito Baby (A. Lozano), 2. Al campo al caminar (A. Lozano), 3. Las nubes van (A. Lozano), 4. La lluvia cae (A. Lozano), 5. Buenas noches padre nuestro (A. Lozano)","Incluye las letras de todas las canciones en la contraportada. Dirección artística: Guillermo Acosta S. Editora: Intersong.
Este fonograma se editó como aparece aquí registrado y además forma parte del álbum ""Canto al niño en su año"", clave de fonograma N° 1523 con el título ""Canto al niño en su año III"""
354,Mi disco,La nueva música infantil Vol.1. Canciones para niños de Ricardo García,"Coros del Colegio Nueva Era, Eugenia María Delgado, Ricardo García y Grupo Maranatha",,,LP,Discos Antares,AS-1002,"México, D.F.",México,1980,"Lado 1: 1. El soldado (R. García-R. García/E. Castillo), 2. Los niños de mi barrio (R. García), 3. La fiesta (R. García), 4. La bruja (R. García), 5. El ratón (R. García), 6. El pupú (R. García); Lado 2: 1. El cometa (R. García), 2. Achú (R. García), 3. 7 cosas (R. García), 4. La meta (R. García), 5. El deseo (R. García-R. García/J. J. Avila), 6. De regreso (R. García)","En la portada interior figuran las letras de las canciones excepto L1 6: De regreso.
Los títulos varían del marbete a la portada. Se registraron tal como aparecen en el marbete.
Editora RGO,1979."
357,Katy la oruga,,,,,LP,"CBS Columbia Internacional, S.A.",TVTCD-122,,México,1984,"Lado 1: 1. Un día volaré (S. Roche-N. Méndez), 2. La vida es una fiesta (S. Roche-N. Méndez), 3. Miel, polen y panal (S. Roche-N. Méndez), 4. Todo hay que comprar (S. Roche-N. Méndez); Lado 2: 1. Somos super (S. Roche-N. Méndez), 2. El rock de la quesoteca (S. Roche-N. Méndez), 3. Un día volaré (S. Roche-N. Méndez)",
366,Odisea Burbujas,,,,,LP,"CBS Columbia Internacional, S.A. Discos América",TCDC-0534,,México,1980,"Lado 1: 1. Odisea Burbujas (J. Castil-J. García E.), 2. El tobogán del tiempo (S. Roche-J. García E.), 3. Clik-clik (Ana Elena/Maru-J. García E.), 4. Mugre, basura y smog (S. Roche-J. García E.), 5. Popotito 22 (S. Roche-J. García Esquivel); Lado 2: 1. Un juego nada más (S. Roche-J. García E.), 2. Cuando te sientas triste (S. Roche-J. García E.), 3. La marcha de las vitaminas (S. Roche-J. García E.), 4. La regadera micromacromática (S. Roche-J. García E.), 5. Somos diferentes pero amigos de verdad (S. Roche - J. García E.), 6. Odisea Burbujas (J. Castil-J. García E.)",
367,Canciones para niños. Margarita Bauche,Vol. I,Margarita Bauche,,"José Tacher (acomp.), Wernwe Kleiner (bj)",LP,"Discos Caleidofón, S. A.",CF-87,"México, D.F.",México,s/d,"Lado A: 1. Hola Ola (M. Bauche), 2. Las resorteras (M. Bauche), 3. Viaje imaginario (M. Bauche), 4. Amor es (M. Bauche), 5. Historia de un hombre (M. Bauche); Lado B: 1. Pompas de jabón (M. Bauche), 2. Mi cuerpo (M. Bauche), 3. El rey de los tontos (M. Bauche), 4. Los cuatro elementos (M. Bauche), 5. A triunfar (M. Bauche)",Disco Estereo. Contiene un poster con las letras de las canciones.
368,Margarita Bauche canta canciones para niños Vol. II,,Margarita Bauche,,"José Tacher (gt), Jorge Reyes (fl), José Luis Romero (bt), Antonio sanchez (bj), Zózimo Hernández (bjo), Carlos Vivanco (vl), Alfredo Flores (vz), María Hill Bauche (vz), Mayita Hill Bauche (vz), Yoshua Tacher (vz), Gabriela Martínez (vz), Velia Villalpando",LP,Discos Caleidofón,CF-166,,México,1982,"Lado A: 1. Prólogo (Tacher/Reyes), 2. Tu fiel servidora (M. Bauche), 3. Melodía (M. Bauche-V. L. Ocampo), 4. El osito viajero (M. Bauche), 5. Mi amiga la oruga (M. Bauche), 6. La margarita (M. Bauche); Lado B: 1. Los niños del campo (M. Bauche), 2. Marcha rebelde (M. Bauche), 3. La rana y el sapo (M. Bauche), 4. Nuevo día (M. Bauche), 5. La guitarra (M. Bauche)",Incluye impreso separado dentro de la portada con las letras de las canciones.
397,Chespirito y sus canciones,,Chespirito,,,LP,Fontana-Polydor,LPM 10061,,México,1976,"Lado 1: 1. El Chapulín Colorado (R. Gómez B.), 2. Hermano Francisco (R. Gómez B.), 3. La juguetería (R. Gómez B.), 4. Los austronautas (R. Gómez B.), 5. La ciruela pasa (R. Gómez B.); Lado 2: 1. Payasos (R. Gómez B.), 2. Óyelo, escúchalo (R. Gómez B.), 3. La carcachita (R. Gómez B.), 4. La gallinita (R. Gómez B.), 5. Un año más (R. Gómez B.)",
399,Juan Pestañas Vol.  I,,Juan Pestañas,,,LP,Discos Coro,CLP 1010,"México, D.F.",México,s/d,"Lado A: 1. La orquesta de los animales (F. Gabilondo S.), 2. La negrita Cucurumbé (F. Gabilondo S.), 3. El ratón vaquero (F. Gabilondo S.), 4. La marcha de las canicas (F. Gabilondo S.), 5. La hora de la merienda (F. Gabilondo S.); Lado B: 1. El comal y la olla (F. Gabilondo S.), 2. El negrito bailarín (F. Gabilondo S.), 3. Caminito de la escuela (F. Gabilondo S.), 4. La muñeca fea (F. Gabilondo S.), 5. La patita (F. Gabilondo S.)",
402,Había una vez...,,Varios,,,LP,"Gamma, S.A",GX 01-1252,,México,1982,"Lado A: 1. El pequeño panda de Chapultepec (L. Gómez Llanos B.), 2. Popurri: Peter pan, Volarás, La de un pirata es la vida mejor, Lirin Liron, Su nombre es mamá, (S. Cahn-S.Fain-E. Santos-Ed. Penner-O. Wallace-), 3. Mamá dame 100 pesitos, 4. ¡Recordad a Marcelino!; Lado B: 1. Las canciones de los niños, Todos preparados, Quisiera ser tan alto como la luna, Mambrú se fue a la guerra, Vamos a contar mentiras, El patio de mi casa, Tengo una muñeca, El señor don gato, 2. Pajaritos, 3. Un ramito de flores, 4. Que lío (A. Araujo/J. Seijas)",
406,Rondas modernas,,Carmelita Molina,,,LP,Son-Art,DS-611,,México,s/d,"Lado A: 1. Ronda de los días de la semana (C. Molina), 2. Ronda de arlequín (C. Molina), 3. Ronda de los meses del año (C. Molina), 4. Ronda de las frutas (C. Molina), 5. Ronda de los ritmos (C. Molina), 6. Ronda de la gimnasia (C. Molina); Lado B: 1. Nuevas mañanitas (C. Molina), 2. La ronda de la tarea (C. Molina), 3. La  ronda de la escobita (C. Molina), 4. No estés triste mamacita (Canta Ceci Abrego) (C. Molina), 5. La ronda del payaso (C. Molina), 6. Juntos podemos (C. Molina)",
410,Vendrá mi hermanito,,Lupita Vega y los Chackaymanta,,"Fernando Montaño (bt), Carlos Muñoz Palafox (tc, bj)",LP,"Dicard, S.A",ZC-803,,México,1982,"Lado A: 1. Pronto vendrá mi hermanito (J. R. Vallejo), 2. El reino del revés (M. E. Walsh), 3. Que se vengan los niños (Ch. Inchausti), 4. Vamos al bosque (J. M. Tolosa), 5. Mambrú (), 6. A mi burro; Lado B: 7. La vaca estudiosa (M. E. Walsh), 8. El último tranvía (M. E. Walsh), 9. Los gorriones (P. Sánchez), 10. La mona Jacinta (M. E. Walsh), 11. Cuando los huaraches se acaban (E. Zaldivar)",
411,El rincón de los niños,Guión y producción de Rocío Sanz,,,,LP,UNAM,MN-8,,México,1987,Lado A: 1. Los personajes de la orquesta; Lado B: 1. La gran solista (Ma. I. Medero),"Selección y montaje de Leonardo Velázquez. Actuaciones: Luis Heredia, Aurora Molina, Ana Ofelia Murguía, Germán Palomares Oviedo y Jorge Humberto Robles. 3a. Edición, serie Voz Viva."
415,Lírica infantil mexicana vol. lll,,Hermanos Rincón,,,LP,Polydor,LPRN16550,,México,1985,"Lado 1: 1. Tengo manita / La toca de la negra (Anónimo), 2. El nidito (Anónimo), 3. El chombito (Anónimo), 4. A Madrú, señores (Anónimo), 5. La almoneda (Anónimo), 6. Mire madre a Don José (Anónimo), 6. Arrullo moderno de Chavinda (Anónimo), 8. La tuza (Anónimo), 9. Hilitos, hilitos de oro (Anónimo), 10. Las pulgas (Anónimo), 11. A la rorro, ro (Anónimo), 12. Milano (Anónimo), 13. Campanita de oro (Anónimo), 14. Ru, ru, ru camaleón (Anónimo), 15. Al din don (Anónimo); Lado 2: 1. El conejo (Anónimo), 2. Un gato cayó en un plato (Anónimo), 3. Los ratoncitos (Anónimo), 4. Elisa de Mambrú (Anónimo), 5. La patita (Anónimo), 6. Arrullo mestizo de Chavinda (Anónimo), 7. Apa caballito (Anónimo), 8. Arrullo tojolabal (Anónimo), 9. Arestín de plata (Anónimo), 10. Yo me quería casar (Anónimo), 11. Nana Caliche (Anónimo), 12. El pan caliente (Anónimo), 13. Arrullo del Niño Dios (Anónimo), 14. Mañana domingo (Anónimo)","Dirección artística: Óscar Chávez. Dirección musical: Valentín Rincón y Andrés Rincón. Participación del músicos del SUTM en cuerdas, flauta y saxofón. Editora LAÚD. Números de registro que aparecen en el LP: 16550 825 845-1."
416,Jardín de niños con Carmelita Molina y sus canciones,,Carmelita Molina,,,LP,Son Art,D-309,,México,s/d,"Lado A: 1. Tic toc... tic toc... (C. Molina), 2. Buenos días (C. Molina), 3. La bandera (C. Molina), 4. Mañanitas (C. Molina), 5. Las pinturas (C. Molina), 6. El profesor (C. Molina), 7. El burrito fortacho (C. Molina); Lado B: 1. La vaquita (C. Molina), 2. El trenecito (C. Molina), 3. Chipi... Chipi... (C. Molina), 4. La hormiguita afanosa (C. Molina), 5. Campanitas de mi hogar (C. Molina), 6. Mi muñeca (C. Molina), 7. La orquesta (C. Molina)",
417,Canto al niño Vol. 2,,Alberto Lozano,,,LP,"Discos Gas, S. A",GAS-4105,,México,1978,"Lado A: 1. La rueda (A. Lozano), 2. Si quiero aprender (A. Lozano), 3. Paso a pasito (A. Lozano), 4. Sobre las nubes brilla el sol (A. Lozano), 5. Los niños de la tierra (A. Lozano); Lado B: 1. Canción de la unidad (A. Lozano), 2. Todo logra una sonrisa (A. Lozano), 3. Yo quiero saber (A. Lozano), 4. El trilurilu (A. Lozano), 5. Como un niño (A. Lozano)",Incluye en la contraportada las letras de todas las piezas. Director artístico: Guillermo Acosta S.
419,Todo cabe en un juego si lo sabes acomodar,Cántaro Vol. 2,Cántaro,,,LP,"Estudios Carlos Zavala Grabaciones, S.A. de C.V",N° Reg 32-86,,[México],s/d,"Lado A: 1. Tema de Cántaro (Cántaro), 2. La rana brincona (L. Gedovius), 3. Gusanito medidor (J. Moss), 4. Canción para arreglar un desorden (L. Negrete), 5. Canción para ser feliz (L. Negrete); Lado B: 1. El ranchito de Pascual (Popular), 2. Para que el sol... (L. Negrete), 3. Érase una viejecita (Popular), 4. Los veinte ratones (Popular), 5. Juan Paco Pedro de la mar (Popular), 6. Tema de Cántaro (Cántaro)",El país de edición nos fue informado por los intérpretes.
420,Pedro y el lobo Op. 67/Guía orquestal para jóvenes Op. 34,,Orquesta Sinfónica de Londres,,"André Previn, director",LP,EMI Capitol de México,CCM 062,,México,1981,"Lado A: 1. Pedro y el lobo Cuento musical para niños, Op. 67 (S. Prokofiev); Lado B: 1. Guía orquestal para jóvenes, Op. 34 (Variaciones y fuga sobre un tema de Henry Purcell) (B. Britten)",
422,Vamos al circo,,Burbujas,,,LP,"CBS Columbia Internacional, S.A. Discos América",TCDC-589,,México,1981,"Lado 1: 1. Vamos al circo (S. Roche), 2. Gofo (S. Roche), 3. Mis héroes pillos son (S. Roche), 4. Mi caballito de trapo (S. Roche), 5. El juego de los nombres (S. Roche); Lado 2: 1. Fantásticos payasos (S. Roche), 2. Ilusiones (S. Roche), 3. Entre flores (S. Roche), 4. En la playa (S. Roche), 5. El rock de los quesos (S. Roche)","En la funda interior de papel, aparecen impresas las letras de las piezas.
Existe una copia  en CD."
424,Canto al niño,,Alberto Lozano,,,LP,"Discos Gas, S. A",GAS-4074,,México,1978,"Lado A: 1. El mundo es una bola (A. Lozano), 2. El huen huen (A. Lozano), 3. Todo lo que tengo (A. Lozano), 4. Abran puertas y ventanas (A. Lozano), 5. Canto a la luz (A. Lozano); Lado B: 1. Al compás del rataplán (A. Lozano), 2. Eres grande (A. Lozano), 3. Siéntate en el sol (A. Lozano), 4. La primavera del mundo (A. Lozano), 5. Dios siempre está (A. Lozano)","Incluye en la portada la frase ""Sus mensajes, sus canciones"", referida al cantautor."
426,Los Rincón y Don Pulpo,,"Los Rincón. Andrés Rincón (vz, gt, bj, st, cb, pc) Valentín Rincón (vz, gt, cb, st), Omar Barroso Rincón (vz, cb, pn, st, bn, mf), Nitai Madrid Rincón (vz), Jazmín Aurora Rincón (vz)","Gerardo García Naumis (ft), Rafael Ramírez (vl), Alejandro Paolicharles (vz)",,LP,"Ediciones Pentagrama, S.A",LPP-161,"México, D.F.",México,1991,"Lado A: 1. Don pulpo (G. Rincón-V. Rincón), 2. La comidita (G. Rincón-V. Rincón), 3. El trompo (G. Rincón-V. Rincón), 4. Siete vidas (G. Rincón-V. Rincón), 5. Los pingüinos (G. Rincón-V. Rincón), 6. Cuéntame mamá (G. Rincón-V. Rincón), 7. Las esdrújulas (G. Rincón-V. Rincón); Lado B: 1. Tres hipopótamos (G. Rincón-V. Rincón), 2. Re - la - mi - do (V. Rincón), 3. El baile griego (V. Rincón), 4. Navidad, Navidad (G. Rincón-V. Rincón), 5. La máquina de escribir (G. Rincón-V. Rincón), 6. Los cangrejitos (G. Rincón-V. Rincón), 7. Arrullo (G. Rincón-V. Rincón)",Existe versión en CD y casete con el mismo título y contenido.
427,El pequeño pirata sin rabia,,"Hebe Rosell, Guillermo Briseño, Alejandro Aura, El séptimo aire",,"Sabo Romo (cr, gt, bj), Octavio ""Sopas"" Espinoza (cr sx), Guillermo Briseño (st), Hebel Rosell (sx), Juan Carlos Novelo (bt)",LP,El aurero,DEA 101,"México, D.F.",México,1987,Lado 1: 1. El pequeño pirata sin rabia (C. Boullosa-G. Briseño/H. Rosell); Lado 2: 2. El pequeño pirata sin rabia (C. Boullosa-G. Briseño/H. Rosell),"Relato con canciones. No figura el título de las canciones en el fonograma. Son dos pistas, una por cada lado del LP. En este disco Alejandro Aura cuenta la historia del asalto a la isla de Todoscontos y Briseño y El séptimo aire interpretan las canciones."
428,Canciones infantiles,Vol. 2,Chav´s y sus coros,,,LP,CLADRIJO,CAJR-7748,"México, D.F.",México,1982,"Lado A: 1. Historia del astrodito (A. Tapia - A. Peña), 2. El reloj (T. de Quintanilla), 3. Cangrejito Can Can (T. de Quintanilla), 4. Canción de Halloween (T. de Quintanilla), 5. Ronda de verano (T. de Quintanilla); Lado B: 1. Astrodito, astrodito (A. Tapia - A. Peña), 2. El barco chiquito (D. P.), 3. Aserrín aserrán (D. P.), 4. Juan Pirulero (D. P.), 5. De la una a las dos (D. P.)",
436,Don Memorio Platicón,,Pepe Frank,,"Alfredo Moreleón (tc), Juan Carlos García (pc, fl, jrh), Jorge Campos (tc), Chepis García (bjo), Martha Molinar (vz), Gerardo Pérez (bjo), Alina Ramírez (tc, cs), Rafael Ramírez (vl, qn), Douglas Tarnawiecki (tc), Manuel García (ch), Jaime Quiróz (za)",LP,Discos Tiradera,,"México, D.F.",México,1991,"Lado A: 1. Don Memorio Platicón (P. Frank-A. Moreleón), 2. Simón (P. Frank), 3. El lobo Jacobo (T. Valenzuela-P. Frank), 4. El dibujabundo (P. Frank), 5. Silvana y Silvino (P. Frank), 6. Petrita (P. Frank); Lado B: 1. Trotelote (P. Frank), 2. La rana sabia (P. Frank), 3. El poeta Rafael (P. Frank), 4. Fasolá (P. Frank), 5. La casa de la luna (P. Frank).",
444,Con un poco de imaginación,,La Chilindrina,,,LP,"Polygram Discos, S.A, de C.V. Karussell",LPM 12115-2499133,"México, D.F.",México,1978,"Lado A: 1. Platicando con Peluchín (Mi perrito Copito) (F. Flores), 2. El día del niño (M. Morales), 3. Silbando a trabajar (Churchil / Morey), 4. Con un poco de imaginación (N. DAlessandro), 5. La bicicleta (Hotz / Méndez), 6. Una gran vecindad (La reina de la vecindad) (V. Baeza); Lado B: 1. El zoológico (Marilú y yo), 2. El gato Feliciano (Muñequita), 3. Admiro a los animales (A. Martínez / L. Muñiz), 4. El zapaterito (M. de Jesús), 5. Andón Pirulero (D. López)",
464,Manejamos el carro,,Pimpollín,,""" Nueva Vida"". Dayton (pc), Wily López (bajo), Ricardo Zamora (sx)",LP,s/d,LPPP 002,,México,s/d,"Lado A: 1. Manejamos el carro, 2. Canto, salto y danzo (A. López), 3. Todo de Cristo soy, 4. Amor (S. Carrazco), 5. Pequeño soy; Lado B: 1. Alto, 2. Cortesía, 3. Lindo pajarillo (S. Carrazco), 4. Cuida de mí, 5. Con pluma de oro","Víctor Patrón (arreglista), Alberto Barrera (director artístico) y Gustavo Rocha (ingeniero de grabación). La información detallada de arreglista, créditos técnicos, intérpretes e instrumentos se encuentra en la contraportada del fonograma."
502,Rondas infantiles,,Coro infantil del Parque de la ilusión,,,LP,Musart,T-11052,"México, D.F.",México,1987,"Lado A: 1. Doña Blanca, 2. Juguemos esta ronda (C. Canto), 3. Que llueva, que llueva, 4. Acitrón de un fandango, 5. Brinca la tablita; Lado B: 1. A la víbora de la mar, 2. Amó, ató, 3. La pájara pinta, 4. Mambrú, 5. San Serafín","La pista 2 Lado B aparece registrada en el fonograma de la siguiente manera: Amo a To. Se utilizó un título o nombre ""normalizado"" en el campo correspondiente a fin de hacer más claro la aparición de nombres propios y/o títulos en los índices. 
Otros créditos en contraportada."
503,Rondas infantiles,,Estudiantina Los colegiales,,,LP,"Discos Cisne, S.A.",CI-1931,"México, D.F.",México,1975,"Lado A: 1. A la víbora de la mar (D. P.), 2. La muñeca (D. P.), 3. Hilitos, hilitos de oro (D. P.), 4. Milano (D. P.), 5. Amó, ató (D. P.), 6. A Madrú señores (D. P.); Lado B: 1. Mambrú (D. P.), 2. Naranja dulce (D. P.), 3. San Serafín (D. P.), 4. El cojo (D. P.), 5. La pájara pinta (D. P.), 6. Acitrón de un fandango (D. P.)","La pista 6 Lado A aparece registrada en el fonograma de la siguiente manera: A Mandrú señores. Se utilizó un título o nombre ""normalizado"" en el campo correspondiente a fin de hacer más claro la aparición de nombres propios y/o títulos en los índices."
530,Fiesta,,"Celia Garduño Díaz Chávez, María Amparo Solís y Evangelina Rivas de Ibarra",,,LP,Discos Jardín,JLP-2002,"México, D.F.",México,s/d,"Lado A: 1. Ritmo (E. S. de Bautista), 2. Cuando yo sea grande (R. Zapata / P. Peláez), 3. La canastita con frutas (V. Lozano / P. G. Padilla), 4. Muñecos de barro (L. López O. / P. G. Padilla), 5. Las abejas (R. Zapata / P. G. Padilla), 6. Los fruteritos (H. Gonzatti), 7. Naranjas (A. Orozco / P. G. Padilla), 8. El mercado (R. Zapata / M. Michaus), 9. Pregón del dulcero (R. Zapata / C. J. Robledo G.), 10. Las velas (Libro de Coordinación Musical 1961-1962 SEP); Lado B: 1. Ritmo (Ma. A. Solís), 2. Los gorrioncitos (Ma. R. Lomely), 3. Tres cantos tradicionales de posadas: En la noche de posadas; Dale, dale; Echen confites (D. P.), 4. La tortillerita (M. T. Mirasú), 5. Los oficios (R. Zapata / P. G. Padilla), 6. Los carpinteros (I. Vargas U.), 7. Canto panamericano (A. del Río / D. Shostakovitch), 8. Navidad en las montañas (Tradicional), 9. La lavandera (R. Zapata / Ma. de los A. Lizárraga), 10. Matlachines",
561,Caballito,Cantos y juegos infantiles,"Celia Garduño Díaz Chávez, María Amparo Solís y María de los Ángeles Palacios",,,LP,Discos Jardín,JLP-2004,"México, D.F.",México,s/d,"Lado A: 1. Ritmo... tres palmadas (C. Calderón), 2. Matlachines, 3. Heliotropos (L. M. Serradell - C. Calderón), 4. Arrullo (L. M. Serradell), 5. Himno al niño (R. Zapata - M. M. Ponce), 6. Linda florecita (L. A. Loria), 7. El conejito blanco (L. A. Loria), 8. Traviesos conejitos (E. Zavaleta de M. - L. A. Loria), 9. Mariposas y flores (L. A. Loria), 10. Indita de Xochimilco (B. Rousse de M. - L. A. Loria), 11. Árbol (L. Domínguez - M. A. Solís), 12. Al árbol (R. Zapata - M. A. Solís); Lado B: 1. Aves y mariposas (M. R. Lomely), 2. Orquesta de pájaros (R. Zapata - P. G. Padilla), 3. Los pajaritos (R. Zapata - P. G. Padilla), 4. El árbol (P. G. Padilla), 5. La primavera (C. González G. - Chopin), 6. Primavera (C. Ramos - Americana), 7. Ayer vi dos golondrinas, 8. Xochimilco (M. de los A. Palacios de V.), 9. Las golondrinas llegan (R. Zapata - M. M. Ponce), 10. Primavera llegará (L. López O.), 11. El caballito (C. González G.), 12. No me olvides (R. Zapata - P. Peláez)",Incluye un cuadernillo con las letras de las canciones.
562,Carnaval,Cantos y juegos infantiles,"Celia Garduño Díaz Chávez, Evangelina Díaz de Ibarra y María de los Ángeles Palacios",,,LP,Discos Jardín,JLP 2003,"México, D.F.",México,s/d,"Lado A: 1. San Serafín (R. Zapata - Popular), 2. Di borreguito, 3. El borreguito (M. Salinas), 4. Frío (R. Zapata - M. M. Ponce), 5. La muñequita (R. Zapata - P. G. Padilla), 6. Los caballitos (R. Zapata - P. Peláez), 7. El carnaval (L. M. Serradell - C. Calderón), 8. Frío (L. M. Serradell - C. Calderón), 9. Buena niña (L. M. Serradell - C. Calderón), 10. Los sembradores (B. Ochoa - Mendelssohn), 11. Niño sano y alegre (P. G. Padilla), 12. Nuevo hogar (R. Zapata - M. M. Ponce); Lado B: 1. Viento del norte (P. G. Padilla), 2. Hogar limpio (R. Zapata - M. M. Ponce), 3. El arrullo de la muñeca (M. R. Lomely), 4. Juguetes (L. Domínguez - M. A. Solís), 5. Rehiletes (L. Domínguez - M. A. Solís), 6. Papalotes (L. Domínguez - M. A. Solís), 7. Tempranito (A. Villarreal T.), 8. El amigo del viento (R. Zapata - M. de los Á. Lizárraga), 9. Siembra (R. Zapata - P. Peláez), 10. Himno a Juárez (J. P. de Montalvo), 11. Sarapes (J. P. de Montalvo)",
567,Payasito,,Cepillín (Ricardo González),,,LP,ORFEÓN,LP-16H-5216,,México,1979,"Lado A: 1. Polito, Polito (J. C. Abara), 2. La pelota vieja (J. A. Yorba), 3. La hormiguita (R. González), 4. La rutina de un niño (J. R. Vallejo), 5. Pinocho (J. Camilloni / R. Farías C.); Lado B: 1. Payasito (T. Randazzo / B. Barbieri / B. Weinstein), 2. Érase una vez (J. Godoy), 3. Bebito (M. C. de la Cruz), 4. Nene bueno (L. Covarrubias), 5. Payasito de la tele (E. de los Santos)",
568,Canto al niño en su año,,Alberto Lozano,,,LP,"Discos Gas, S. A",GAS-4074 / GAS-4105 / GAS-4118,,México,1979,"LP [1] Lado 1: 1. El mundo es una bola (A. Lozano), 2. El huen huen (A. Lozano), 3. Todo lo que tengo (A. Lozano), 4. Abran puertas y ventanas (A. Lozano), 5. Canto a la luz (A. Lozano); Lado 2: 1. Al compás del rataplán (A. Lozano), 2. Eres grande (A. Lozano), 3. Siéntate en el sol (A. Lozano), 4. La primavera del mundo (A. Lozano), 5. Dios siempre está (A. Lozano); LP [2] Lado 1: 1. La rueda (A. Lozano), 2. Si quiero aprender (A. Lozano), 3. Paso a pasito (A. Lozano), 4. Sobre las nubes brilla el sol (A. Lozano), 5. Los niños de la tierra (A. Lozano); Lado 2: 1. Canción de la unidad (A. Lozano), 2. Todo logra una sonrisa (A. Lozano), 3. Yo quiero saber (A. Lozano), 4. El trilurilu (A. Lozano), 5. Como un niño (A. Lozano); LP [3] Lado 1: 1. Hoy el sol al despertar (A. Lozano), 2. Tic tac (A. Lozano), 3. Las plantas y los árboles (A. Lozano), 4. Peluchín (A. Lozano), 5. Por el periférico voy (A. Lozano); Lado 2: 1. Coquito Baby (A. Lozano), 2. Al campo al caminar (A. Lozano), 3. Las nubes van (A. Lozano), 4. La lluvia cae (A. Lozano), 5. Buenas noches padre nuestro (A. Lozano)","Álbum con tres LP. Esta edición contiene tres discos que se editaron por separado, en fechas anteriores con los títulos ""Canto al niño "", ""Canto al niño Vol. 2"" y ""Canto al niño en su año"". Los datos sobre los arreglistas difieren en sus distintas ediciones. Se consignaron los datos tal como aparecen impresos en la contraportada del fonograma. Director artístico: Guillermo Acosta Segura. De los tres, se cuenta físicamente con el disco 1 y 2  y el 3 es el fonograma en su edición individual, que fue integrada posteriormente a este álbum. Se cuenta con dos ejemplares, el segundo está incompleto, sólo tiene dos discos."
570,Abecedario de los Hermanos Rincón,El rincón de los niños Vol. IV,"Los Hermanos Rincón. Valentín Rincón (vz y gt), César Rincón (vz y gt), Xóchitl Arévalo (vz), Gabriela Partida (vz), Gilda Rincón (vz), Andrés Rincón (gt) y Omar Barroso (mf)",,Músicos del SUTM,LP,"Polydor-Polygram Discos, S. A.",LPR 16369 A2 Estereo,,México,1980,"LP [1] Lado 1: 1. La bruja A (G. Rincón-V. Rincón), 2. La B grande y la V chica (G. Rincón-V. Rincón), 3. La C (G. Rincón-V. Rincón), 4. D, de dedo (G. Rincón-V. Rincón), 5. Adivinanza de la E (G. Rincón-V. Rincón), 6. Fanfarinfas va con F (G. Rincón-V. Rincón), 7. La G y la J (G. Rincón-V. Rincón); Lado 2: 1. H y Ch (G. Rincón-V. Rincón), 2. La I (G. Rincón-V. Rincón), 3. La K y la W (G. Rincón-V. Rincón), 4. L y LL (G. Rincón-V. Rincón), 5. Chacarera de la M (G. Rincón-V. Rincón), 6. La N y la Ñ (G. Rincón-V. Rincón), 7. La O (G. Rincón-V. Rincón); LP [2] Lado 1: 1. La P (G. Rincón-V. Rincón), 2. La Q (G. Rincón-V. Rincón), 3. La R y la RR (G. Rincón-V. Rincón), 4. La S (G. Rincón-V. Rincón), 5. La T (G. Rincón-V. Rincón), 6. La U (G. Rincón-V. Rincón), 7. La X (G. Rincón-V. Rincón); Lado 2: 1. La Y y la Ll (G. Rincón-V. Rincón), 2. La Z (G. Rincón-V. Rincón), 3. La bruja A (G. Rincón-V. Rincón), 4. Adivinanza de la E (G. Rincón-V. Rincón), 5. La I (G. Rincón-V. Rincón), 6. La O (G. Rincón-V. Rincón), 7. La U (G. Rincón-V. Rincón)","Álbum con dos discos. Es el único álbum de esta serie. En la portada interior aparecen impresas las letras de todas las canciones. Este es el único disco de la serie ""El rincón de los niños"" con nombre propio. Los demás discos se titulan con el nombre de la serie variando solamente el número de volumen. Todas las melodías editadas por LAÚD. Dirección artística: Óscar Chavez."
571,Un coro de delfines,,Cepillín,,,LP,ORFEÓN,S25-25029,,México,1989,"Lado A: 1. Un coro de delfines (R. Mouchulske / R. González / A. Concepción / P. Rossino), 2. Yo tenía una orquesta (Nazareno), 3. La computadora (R. Mouchulske / R. González / A. Concepción / P. Rossino), 4. El espacio sideral (R. Mouchulske / R. González / A. Concepción / P. Rossino), 5. La gimnasia (R. Mouchulske / R. González); Lado B: 1. El parque de diversiones (R. Mouchulske / R. González), 2. Tengo un espejo (A. Tolega), 3. Alibombo (W. Valdi / S. Marti), 4. A festejar, incluye fragmentos de: Feliz cumpleaños, Feliz en tu día y Las mañanitas (R. Mouchulske / R. González), 5. Batdance / Batman (Prince)",
669,Las mascotas de Cepillín,,Cepillín (Ricardo González),,,LP,ORFEÓN,LP-16H-5282,,México,1981,"Lado A: 1. Los pollitos (A. Correa), 2. Gorrión (N. Gurvich), 3. El ratón juguetón (R. González), 4. El elefante orejón (R. González), 5. La burrita (V. Romero); Lado B: 6. El conejito travieso (A. Correa), 7. La hormiguita (R. González), 8. Mi gatito (R. González), 9. El gato viudo (Ch. Flores), 10. El piojo y la pulga (F. Gil)",
671,"15 Rondas infantiles con Ricardo González ""Cepillín""",,Cepillín,,,LP,ORFEÓN,LPTV-134,,México,1987,"Lado A: 1. Doña Blanca, 2. Naranja dulce, 3. Tengo una muñeca vestida de azul, 4. Matarili lire ron, 5. Juan Pirulero, 6. Yo tenía diez perritos, 7. Había una vez un barco chiquito, 8. A la víbora de la mar; Lado B: 1. El patio de mi casa, 2. Mambrú, 3. Que llueva, que llueva, 4. Acitrón de un fandango, 5. La pájara pinta, 6. San Serafín, 7. Martinillo",
705,15 éxitos de Cri-Cri,Vol. I,Flavio,,Conjunto de Pepe Agüeros,LP,ACCIÓN,ACP-8,Estado de México,México,1963,"Lado A: 1. La patita (F. Gabilondo S.), 2. La muñeca fea (F. Gabilondo S.), 3. Los cochinitos dormilones (F. Gabilondo S.), 4. El ratón vaquero (F. Gabilondo S.), 5. La merienda (F. Gabilondo S.), 6. El ropavejero (F. Gabilondo S.), 7. Negrita Cucurumbé (F. Gabilondo S.), 8. Che Araña (F. Gabilondo S.); Lado B: 1. Di por qué (F. Gabilondo S.), 2. El negrito bailarín (F. Gabilondo S.), 3. El chivo ciclista (F. Gabilondo S.), 4. La canción de las brujas (F. Gabilondo S.), 5. El baile de los muñecos (F. Gabilondo S.), 6. Los mosquitos trompeteros (F. Gabilondo S.), 7. El gato de barrio (F. Gabilondo S.)","En este, como en todos los fonogramas de la casa grabadora Coro (también Corito), y del sello ACCIÓN, los datos del marbete y la portada varían. En la portada no aparece el número de volumen. En el marbete no aparece el año de edición o de registro de los derechos de Producción (P). El orden de las pistas del disco no es el que aparece en la portada. Los créditos de los intérpretes son enunciados de manera distinta en uno y otro objeto, estableciendo, de hecho, jerarquías distintas en uno y otro."
706,Canciones de Cri-Cri,Vol. IV,Flavio,,Conjunto de Pepe Agüeros,LP,ACCIÓN,ACP-112,Estado de México,México,1968,"Lado A: 1. El ratón vaquero (F. Gabilondo S.), 2. La guacamaya (F. Gabilondo S.), 3. El venadito (F. Gabilondo S.), 4. Cómo le va (F. Gabilondo S.), 5. Doña Cocorito (F. Gabilondo S.); Lado B: 1. El comal y la olla (F. Gabilondo S.), 2. El teléfono (F. Gabilondo S.), 3. La maquinita (F. Gabilondo S.), 4. Caminito de la escuela (F. Gabilondo S.), 5. Negrito sandía (F. Gabilondo S.)","En este, como en todos los fonogramas de la casa grabadora Coro (también Corito), y del sello ACCIÓN, los datos del marbete y la portada varían. En la portada no aparece el número de volumen. En el marbete no aparece el año de edición o de registro de los derechos de Producción (P). El orden de las pistas del disco no es el que aparece en la portada. Los créditos de los intérpretes son enunciados de manera distinta en uno y otro objeto, estableciendo, de hecho, jerarquías distintas en uno y otro."
858,"""Ayer en un pesebre, hoy dentro de ti""",Cántaro Vol. 1,"Cántaro. Rebeca Herrera Márquez, Leticia Negrete Pérez de Lara, Lorena Gedovius Luján, José Luis González Romero, Hernando Peniche Osorio y Luis Beuregard Negrete",,Alejandra y Juan Luis González Gedovius,LP,Sigma Ediciones,,,México,s/d,"Lado A: 1. El niño del tambor (Simeone), 2. Adeste fideles (Trad.), 3. Al pago de Palestina (Anzi), 4. Dijo el viento (Trad.), 5. Noche de paz (Gruber); Lado B: 1. Joy to the world (Haendel), 2. Jesús pequeñito (Trad.), 3. Ve y dilo en la montaña (Trad.), 4. Caminito de Belén (Márquez), 5. Arrullo de Brahms (Brahms), 6. It came upon a midnight clear - White Christmas - As the rain - Gloria / Angels we have heard up high (Trad./Berlín/Trad./Trad.)","El título de la pista 3 del Lado A fue tomado del CD del mismo título. En esa edición en CD se corrigió el nombre de la pista que tanto en el LP, como en el CA se registra equivocado. El nombre correcto de la pista es ""Al pago de Palestina""; en el LP aparece como ""Al paro de Palestina"". Rodolfo Pérez de Tejada G., Marco Polo Garibay E., Santiago Mireles L., Grupo Cántaro (arreglos y musicalización), Marco Polo Garibay (ingeniero de sonido). La información detallada de créditos técnicos e intérpretes se encuentra en la contraportada del fonograma. El nombre de Luis Beuregard Negrete presenta la anotación: ""(que aún canta con nosotros)""."
992,Recreaciones educativas infantiles,,Maritza Ortega de Chiriboga y Coro Paraíso de los niños.,,,LP,Margot M. R.,LP-001,,[México],1979,"Lado A: 1. Mi casita - Muñeca de cuerda (B. M. Espinosa S. de R.), 2. Como el pajarito (B. M. Espinosa S. de R.), 3. Canción de cuna (B. M. Espinosa S. de R.), 4. La canción de los números (B. M. Espinosa S. de R.), 5. Himno de la mañana deportiva (B. M. Espinosa S. de R.), 6. Yo ya sé hacer gimnasia (B. M. Espinosa S. de R.); Lado B: 1. Los niños buenos (B. M. Espinosa S. de R.), 2. Las pequeñas madrecitas (B. M. Espinosa S. de R.), 3. Los vaqueros (B. M. Espinosa S. de R.), 4. Los deditos (B. M. Espinosa S. de R.), 5. Los gatos y ratones (B. M. Espinosa S. de R.), 6. Himno a la madre (B. M. Espinosa S. de R.)","En portada el logo del Año internacional del niño 1979.
En contraportada aparecen las letras de todas las canciones.
Aunque no aparece el año de edición, se toma del logo que aparece en portada."
993,Canción del bosque,Cantos de escultismo y escolares,Coro y conjunto instrumental del Instituto T. Salesiano y del Colegio Ángela Segovia. Dirige Agustín Zago,,,LP,Discos CBS. Productos especiales.,PE-1013,,México,s/d,"Lado A: 1. ¡Escaut despierta ya! (A. Zaga / C. Amezcua), 2. Canto del lobato (A. Zaga / C. Amezcua), 3. ¡Hurra! (A. Zaga / C. Amezcua), 4. Canto de la despedida (A. Zaga / C. Amezcua), 5. Plegaria (A. Zaga / C. Amezcua), 6. Canto del clan (A. Zaga / C. Amezcua); Lado B: 1. Canto de las patrullas (A. Zaga / C. Amezcua), 2. Estrella de la tarde (A. Zaga / C. Amezcua), 3. Las manos enlazadas (A. Zaga / C. Amezcua), 4. Quisiera retornar (A. Zaga / C. Amezcua), 5. Tundra misteriosa (A. Zaga / C. Amezcua), 6. En un delicioso lago (A. Zaga / C. Amezcua)",En contraportada aparecen las letras de todas las canciones.
994,Homenaje a los niños,,"Libertad Lamarque (D3, LB, 1 y 3), Hugo Avendaño (D3, LB, 2 y 4), N. Tabares (D1, LB, 1) Teresa Escobar (D1, LB, 2), María Medina con las orquestas de Mario Ruiz Armengol y Chucho Zarzosa (D3, LB, 5)",,Los ositos y Los Klainer (coros),LP,RCA Víctor Records,MKLA-140,,México,1979,"LP 1 Lado A: 1. Dime abuelito (Oshiette) (E. Kishide / T. Watanabe), 2. Copo de nieve y yo (Yuki to Watashi) (E. Kishide / T. Watanabe), 3. Canción de cuna (Arumu No Komoriuta) (E. Kishide / T. Watanabe), 4. Pedro y yo (Petar to Watashi) (E. Kishide / T. Watanabe), 5. Oye (Mattrete Goran) (E. Kishide / T. Watanabe); Lado B: 1. Peter Pan (N. Tabares) (W. Disney), 2. Oh la vida de los piratas (Teresita Escobar) (Penner / Wallace / Santos), 3. Marcha de los niños perdidos (Orquesta Mario Ruiz Armengol) (Hibler / Sears / Wallace / Santos), 4. El elegante capitán Garfio (Orquesta Mario Ruiz Armengol (Cahn / Fine / Santos); LP 2 Lado A: 1. Vamos de paseo (J. C. Abara V.), 2. Yeyo el camello (J. C. Abara V.), 3. Papo el zapato (J. C. Abara V.), 4. Mi barquito de papel (J. C. Abara V.), 5. La locomotora (J. C. Abara V.); Lado B: 6. Alicia en el país de las maravillas (Teresita Escobar y Orquesta Mario Ruiz Armengol) (Hilliard / Fain); LP 3 Lado A: 1. Los Reyes Magos (F. Gabilondo S.), 2. Barquito de nuez (F. Gabilondo S.), 3. Marcha de los grillos (F. Gabilondo S.), 4. Cochecito de música (F. Gabilondo S.), 5. La cocada (F. Gabilondo S.); Lado B: 1. La patita (F. Gabilondo S.), 2. La marcha de las letras y Caminito de la escuela (F. Gabilondo S.), 3. Papá elefante (F. Gabilondo S.), 4. La negrita Cucurumbé y Cangrejito playero. (F. Gabilondo S.), 5. Popurrí Cri-Cri (Bombón primero, El ropero, Di por qué, El chorrito) (F. Gabilondo S.)","Es un álbum de tres discos. Arreglos: Chucho Ferrer (pistas 2 y 3 del LP3, lado A). En todas las pistas del disco 1 del lado A, versiones en español de Carlos Ramón Amart. Aparecen otros créditos."
995,Arrullos y melodías,,"Guillermo Alvarado, Bertha Santín de Castillo, Miguel C. Meza, Sylvia Gleason",,,LP,Discos Electro-Fidelidad,VEC-105,,México,s/d,"Lado A: 1. Canción de cuna (J. Brahms), 2. Canción de cuna (M. Lutero), 3. A solas al huerto yo voy (A. Miles), 4. Habla Jesús (L. L. Pickett - M. K.), 5. Padre Nuestro (A. H. Malotte), 6. Claro de Luna (C. A. Debussy); Lado B: 1. Hogar de mis recuerdos (Bishop - Payne), 2. Canción de cuna (Meza - E. V. de Flores), 3. Manos cariñosas (A. Colom), 4. Quisiera hablarte (W. Athans), 5. Oh! Qué amigo (Converse - Garza Mora)",
996,Las rejas de Chapultepec,,El Tío Herminio,,"Conjunto Eleazar Martínez, Coro Infantil y solistas",LP,CORO - ACCIÓN,ACP-118,"México, D. F.",México,1977,"Lado A: 1. Se presenta el Tío Herminio, 2. Las rejas de Chapultepec, 3. El gato con botas, 4. Zempa Tempakarempa, 5. Los Reyes Magos, 6. La canción de Juanito, 7. La canción del genio; Lado B: 1. Paraditos aquí, 2. Juanito el pastor, 3. Caprichitos,  4. La princesa triste, 5. La clase del sol bonito, 6. Los tres canarios","Esta edición, a diferencia de las dos diferentes publicadas en 1968, incluye un juego. El ejemplar con que se cuenta está incompleto, ya que no se conservaron las fichas e instrucciones para jugarlo, anunciadas en la portada. En la contraportada aparece impreso un tablero para jugar ""Ponle la nariz al payaso"".  En este, como en todos los fonogramas de la casa grabadora Coro (también Corito), y del sello ACCIÓN, los datos del marbete y la portada varían. En la portada no aparece el núm. de volumen. En el marbete no aparece el año de edición o de registro de los derechos de Producción (P). El orden de las pistas del disco no es el que aparece en la portada. Los créditos de los intérpretes son enunciados de manera distinta en uno y otro objeto, estableciendo, de hecho, jerarquías distintas.
Este disco tiene el mismo contenido que los fonogramas 693 de 1968, 695 de 1968 y 696 de 1976."
997,Chabelo en Rockilandia,,Chabelo,,"Guillermo Esparza Oteo (bj y tc), Enrique Esparza Oteo (bt) y Heriberto Estrada (gt)",LP,Laser Internacional,LASI/3063 P88,,México,1988,"Lado A: 1. El gato loco, 2. Pez pescado (P. Toscano), 3. El grillo cantor (P. Toscano), 4. Calla perico (P. Toscano / E. Esparza O.), 5. Llegó para quedarse el rocanrol (P. Toscano); Lado B: 1. Perro lanudo, 2. Bum bum tarolín (P. Toscano), 3. Qué oso (P. Toscano / G. Esparza O.), 4. Un caballo, un camello y un elefante (P. Toscano), 5. El sapo se cayó","En contraportada aparecen créditos de producción para Publicaciones Xalo, S. A. y Producciones de Discos América, S. A. de C. V."
998,"Hace rin, hace ran, hace rondas",Canciones y rondas infantiles,"Compañía infantil de T. V. de Armando Torres, Carmelita Molina, Yolanda del Campo, Chabelo, Hugo Avendaño, María Medina, Marco Antonio Muñiz, El duende Bubulín, Angélica Vale",,,LP,Selecciones del Reader's Digest - RCA - Ariola,HRR 12 14,,México,1984,"LP 1 Lado A: 1. Al ánimo, 2. El barco chiquito, 3. Los pollitos, 4. El señor don gato, 5. El romance del clavel; Lado B: 1. La rueda de San Miguel, 2. El juego del calentamiento, 3. La viudita, 4. El merecumbé, 5. A Madrú, señores; LP 2 Lado A: 1. A la víbora de la mar, 2. Naranja dulce, 3. Doña Blanca, 4. Brinca la tablita, 5. Hilitos, hilitos de oro, 6. Matarile, rile, ró; Lado B: 1. El patio de mi casa, 2. Juan Pirulero, 3. En el agua clara, 4. De la una a las dos, 5. Avena, avena, 6. La pájara pinta; LP 3 Lado A: 1. Los maderos de San Juan, 2. Don Pirulí, 3. San Serafín, 4. Los padres de San Francisco, 5. Soy cojo de un pie, 6. Que llueva, que llueva; Lado B: 1. El conejo, 2. El sapito, 3. La rana, 4. El caballito blanco, 5. La paloma azul, 6. Los monos en el volantín; LP 4 Lado A: 1. Juego de vocales, 2. El artículo, 3. El adjetivo, 4. El verbo, 5. El adverbio, 6. El nombre sustantivo; Lado B: 1. Pronombres personales, 2. Pronombres demostrativos y posesivos, 3. Pronombres relativos, 4. La comadre Chema, 5. Andándome yo paseando; LP 5 Lado A: 1. ¡Vamos todos a cantar! (C. Molina), 2. ¡Viva el agua y el jabón! (C. Molina), 3. El director de la orquesta (la orquesta) (C. Molina), 4. Los números (C. Molina), 5. Dedalito (Cuento) (C. Molina); Lado B: 1. ¿Cuánto me das marinero? (), 2. ¿A dónde vas Alfonso XII?, 3. El calaverón, 4. Clarincito (F. Gabilondo S.), 5. Lunada (F. Gabilondo S.), 6. Rondas de paz y amor (C. Molina); LP 6 Lado A: 1. Garabato colorado (Shark / T. de Rose), 2. Me llaman gaviota (R. Abramzon / T. Juaren), 3. Perrito maltés (E. Gold / S. Unthoff), 4. Travesuras (D. Castañeda), 5. Canta, canta, canta niño, 6. La mochila; Lado B: 1. El milano, 2. La pastora, 3. De México ha venido, 4. Los elefantes, 5. El acitrón; LP 7 Lado A: 1. La negrita Cucurumbé y Cocuyito playero (F. Gabilondo S.), 2. El reloj / La cocorica (F. Gabilondo S.), 3. Orquesta de animales / Mosquitos trompeteros (F. Gabilondo S.), 4. Popurrí Cri-Cri: Bombón primero / El ropero / Di por qué / El chorrito (F. Gabilondo S.); Lado B: 1. La muñeca fea (F. Gabilondo S.), 2. La canción de la abuela (A. Mayol), 3. Será como mamá y papá (N. Gurbich), 4. La sopa (J. C. Abara V.), 5. Nicasio el payaso (J. C. Abara V.), 6. Paseo en trineo (Manzanero / Anderson); LP 8 Lado A: 1. Que empiece la fiesta (R. Fuentes / J. Ferrer), 2. Marcha de las letras (F. Gabilondo S.), 3. La patita (F. Gabilondo S.), 4. Negrito sandía (F. Gabilondo S.), 5. El chorrito (F. Gabilondo S.), 6. El ratón vaquero (F. Gabilondo S.); Lado B: 1. Las flores (J. C. Abara V.), 2. La rueda (J. C. Abara V.), 3. El semáforo (J. C. Abara V.), 4. Quiero volar, volar, volar (J. C. Abara V.), 5. Las notas musicales (J. C. Abara V.), 6. Papo el zapato (J. C. Abara V.)","Álbum de ocho discos. En el marbete de los ocho discos aparece el número RDMS-59 distinto al número de catálogo. Producido por Reader's Digest México, S. A. de C. V. Arreglos: Juan Garrido. Juan Garrido y  J. Ferrer.  La pista 5  Lado B  aparece registrada en el fonograma de la siguiente manera: A Mandrú señores. Se utilizó un título o nombre ""normalizado"" en el campo correspondiente a fin de hacer más claro la aparición de nombres propios y/o títulos en los índices."
999,Cuentos y canciones de Cri-Cri,,Francisco Gabilondo Soler,,,LP,Selecciones del Reader's Digest - RCA,MCCS-1 al 18,,México,1963,"LP 1 Lado A: 1. Tema musical Cri-Cri (F. Gabilondo S.), 2. Un grillito convertido en señor (Cuento) (F. Gabilondo S.), 3. Di por qué (Canción) (F. Gabilondo S.), 4. Desacuerdo de Cri-Cri (Cuento) (F. Gabilondo S.), 5. Che Araña (Canción) (F. Gabilondo S.), 6. Arte de reír (Cuento) (F. Gabilondo S.), 7. Negrito bailarín (Canción) (F. Gabilondo S.); LP 1 Lado B: 1. Tema de Cri-Cri (Marcha) (F. Gabilondo S.), 2. Receta de la felicidad (Cuento) (F. Gabilondo S.), 3. El ropero (Canción) (F. Gabilondo S.), 4. Geografía ingenua (Cuento) (F. Gabilondo S.), 5. Chong-Ki-Fu (Canción) (F. Gabilondo S.), 6. Atenta despedida de un servidor (Cuento) (F. Gabilondo S.), 7. Tango medroso (Canción) (F. Gabilondo S.), 8. Adiós (Poema) (F. Gabilondo S.), 9. Saltarina en sol bemol (F. Gabilondo S.); LP 2 Lado A: 1. Tema de Cri-Cri (Polka) (F. Gabilondo S.), 2. Encuentro con un publicista (Cuento) (F. Gabilondo S.), 3. Lunada (Canción) (F. Gabilondo S.), 4. Los negocios imposibles (Cuento) (F. Gabilondo S.), 5. El teléfono (Canción) (F. Gabilondo S.), 6. Triste fin de una promoción (Cuento) (F. Gabilondo S.), 7. Bombón I (Canción) (F. Gabilondo S.); Lado B: 1. Tema de Cri-Cri (Chiapaneca) (F. Gabilondo S.), 2. Un documento interesante (Cuento) (F. Gabilondo S.), 3. Gallegada (Canción) (F. Gabilondo S.), 4. Consejos difíciles de seguir (Cuento) (F. Gabilondo S.), 5. Caminito de la escuela (Canción) (F. Gabilondo S.), 6. Final trágico, sin tango (Cuento) (F. Gabilondo S.), 7. Los caballitos (Canción) (F. Gabilondo S.); LP 3 Lado A: 1. Tema de Cri-Cri (Cingaresca) (F. Gabilondo S.), 2. Tratado de la lluvia (Cuento) (F. Gabilondo S.), 3. Llueve (Canción) (F. Gabilondo S.), 4. ¿Quién dijo aburrirse? (Cuento) (F. Gabilondo S.), 5. Jota de la ""J"" (Canción) (F. Gabilondo S.), 6. Una damita difícil (Cuento) (F. Gabilondo S.), 7. Teté (Canción) (F. Gabilondo S.); Lado B: 1. Tema de Cri-Cri (Tropical) (F. Gabilondo S.), 2. Cri-Cri, físico (Cuento) (F. Gabilondo S.), 3. El carrusel (Canción) (F. Gabilondo S.), 4. Cri-Cri, botánico (Cuento) (F. Gabilondo S.), 5. La guacamaya (Canción) (F. Gabilondo S.), 6. Cri-Cri, zoólogo (Cuento) (F. Gabilondo S.), 7. Marcha de las canicas (Canción) (F. Gabilondo S.); LP 4 Lado A: 1. Tema musical de ""Los cuatro invencibles"" (F. Gabilondo S.), 2. Cuatro barbajanes en acción (Cuento) (F. Gabilondo S.), 3. Campanitas (Canción) (F. Gabilondo S.), 4. Aventura chinesca interrumpida (Cuento) (F. Gabilondo S.), 5. La mariposa (Canción) (F. Gabilondo S.), 6. Cri-Cri, poeta fracasado (Cuento) (F. Gabilondo S.), 7. Casamiento de los palomos (Canción) (F. Gabilondo S.); Lado B: 1. Tema de Cri-Cri (Gallegada) (F. Gabilondo S.), 2. Atardecer campestre (Cuento) (F. Gabilondo S.), 3. El perrito (Canción) (F. Gabilondo S.), 4. Una noche desastrosa (Cuento) (F. Gabilondo S.), 5. Vals del rey (Canción) (F. Gabilondo S.), 6. Ventajas de la sordera (Cuento) (F. Gabilondo S.), 7. El chivo ciclista (Canción) (F. Gabilondo S.); LP 5 Lado A: 1. Tema de Cri-Cri (Vals) (F. Gabilondo S.), 2. Modo de flotar en el agua (Cuento) (F. Gabilondo S.), 3. Marina (Canción) (F. Gabilondo S.), 4. Un mundo submarino (Cuento) (F. Gabilondo S.), 5. El burrito (Canción) (F. Gabilondo S.), 6. Valor de la fantasía (Cuento) (F. Gabilondo S.), 7. Marcha de las letras (Canción) (F. Gabilondo S.); Lado B: 1. Tema de Cri-Cri (Arruyo del río) (F. Gabilondo S.), 2. Mañanitas mojadas (Cuento) (F. Gabilondo S.), 3. El chorrito (Canción) (F. Gabilondo S.), 4. Gustos de Cri-Cri (Cuento) (F. Gabilondo S.), 5. Baile de los muñecos (Canción) (F. Gabilondo S.), 6. Más confesiones sentimentales (Cuento) (F. Gabilondo S.), 7. El fantasma (Canción) (F. Gabilondo S.); LP 6 Lado A: 1. Tema de Cri-Cri (Blues) (F. Gabilondo S.), 2. Una familia metódica (Cuento) (F. Gabilondo S.), 3. El ropavejero (Canción) (F. Gabilondo S.), 4. Más equivocaciones de Cri-Cri (Cuento) (F. Gabilondo S.), 5. Rusiana (Canción) (F. Gabilondo S.), 6. Final inesperado (Cuento) (F. Gabilondo S.), 7. Las brujas (Canción) (F. Gabilondo S.); Lado B: 1. Tema de Cri-Cri (Vals en re) (F. Gabilondo S.), 2. Naútica ínfima (Cuento) (F. Gabilondo S.), 3. El marinero (Canción) (F. Gabilondo S.), 4. ¡Conozca usted el mundo! (Cuento) (F. Gabilondo S.), 5. Papá elefante (Canción) (F. Gabilondo S.), 6. Atleta oficinista de récord único (Cuento) (F. Gabilondo S.), 7. Jorobita (Canción) (F. Gabilondo S.); LP 7 Lado A: 1. Tema de Cri-Cri (""Capricho telegráfico"") (F. Gabilondo S.), 2. Cosa de millones (Cuento) (F. Gabilondo S.), 3. Cucurumbé (Canción) (F. Gabilondo S.), 4. Los ensueños de Cri-Cri (Cuento) (F. Gabilondo S.), 5. El jicote aguamielero (Canción) (F. Gabilondo S.), 6. Mexicanismos y preocupaciones (Cuento) (F. Gabilondo S.), 7. Gato de barrio (Canción) (F. Gabilondo S.); Lado B: 1. Tema de Cri-Cri (Galop) (F. Gabilondo S.), 2. Un viaje de Cri-Cri (Cuento) (F. Gabilondo S.), 3. La muñeca fea (Canción) (F. Gabilondo S.), 4. Otro país que no está en el atlas (Cuento) (F. Gabilondo S.), 5. Vals del trompo (Pieza con orquesta) (F. Gabilondo S.), 6. Inconvenientes de ser callado (Cuento) (F. Gabilondo S.), 7. Negrito Sandía (Canción) (F. Gabilondo S.); LP 8 Lado A: 1. Tema de Cri-Cri (Tango) (F. Gabilondo S.), 2. Soñador en gira (Cuento) (F. Gabilondo S.), 3. Fiesta de los zapatos (Canción) (F. Gabilondo S.), 4. Tratado del ruido (Cuento) (F. Gabilondo S.), 5. La patita (Canción) (F. Gabilondo S.), 6. Reciedumbre del sexo débil (Cuento) (F. Gabilondo S.), 7. Cochinitos dormilones (Canción) (F. Gabilondo S.); Lado B: 1. Tema de Cri-Cri (Balada) (F. Gabilondo S.), 2. Estupenda quietud del bosque (Cuento) (F. Gabilondo S.), 3. ¿Cómo le va? (Canción) (F. Gabilondo S.), 4. Cri-Cri se complica la vida (Cuento) (F. Gabilondo S.), 5. El comal y la olla (Canción) (F. Gabilondo S.), 6. Retorno a la casa sin techo (Cuento) (F. Gabilondo S.), 7. Juan Pestañas (Canción) (F. Gabilondo S.); LP 9 Lado A: 1. Tema de ""Los cuatro invencibles"" (Variación) (F. Gabilondo S.), 2. Más barrabasadas de los cuatro invencibles (Cuento) (F. Gabilondo S.), 3. El ratón vaquero (Canción) (F. Gabilondo S.), 4. Conmoción en el país de los cuentos (Cuento) (F. Gabilondo S.), 5. La merienda (Canción) (F. Gabilondo S.), 6. Expulsión musical de ingratos (Cuento) (F. Gabilondo S.), 7. La maquinita (Canción) (F. Gabilondo S.); Lado B: 1. Tema de ""La cacería"" (F. Gabilondo S.), 2. Cazadores antipáticos (Cuento) (F. Gabilondo S.), 3. El venadito (Canción) (F. Gabilondo S.), 4. Cri-Cri busca un empleo (Cuento) (F. Gabilondo S.), 5. Mi burrita (Canción) (F. Gabilondo S.), 6. Editores inaccesibles (Cuento) (F. Gabilondo S.), 7. El soldadito cojo (Pieza con orquesta) (F. Gabilondo S.)",Álbum de nueve discos. Incluye cuadernillo con cuentos.
1001,El mundo infantil de La Cenicienta,Canciones de Gabilondo Soler Cri-Cri,Evangelina Elizondo,,,LP,OKEH,OKL-10122,,México,1966,"Lado A: 1. El ropero (F. Gabilondo S.), 2. El rey bombón (F. Gabilondo S.), 3. El chorrito (F. Gabilondo S.), 4. Campanitas (F. Gabilondo S.), 5. Di por qué (F. Gabilondo S.); Lado B: 6. La marcha de las letras (F. Gabilondo S.), 7. Los tres cochinitos (F. Gabilondo S.), 8. El ropavejero (F. Gabilondo S.), 9. La muñeca fea (F. Gabilondo S.), 10. El ratón vaquero (F. Gabilondo S.)",Arreglos y dirección: Rafael Carrión.
1003,Canciones de Cri-Cri. El ratón vaquero,,Flavio y su conjunto original,,,LP,ACCIÓN,ACP- 101,Estado de México,México,s/d,"Lado A: 1. Negrito sandía (F. Gabilondo S.), 2. La merienda (F. Gabilondo S.), 3. El ratón vaquero (F. Gabilondo S.), 4. El negrito bailarín (F. Gabilondo S.), 5. El chivo ciclista (F. Gabilondo S.); Lado B: 1. La canción de las brujas (F. Gabilondo S.), 2. Chong Ki Fu (F. Gabilondo S.), 3. La jota de la jota (F. Gabilondo S.), 4. Che Araña (F. Gabilondo S.), 5. Los caballitos (F. Gabilondo S.)",Se cuenta sólo con el disco pero no con la portada.En el marbete no aparece el año de edición o de registro de los derechos de Producción (P).
1006,Canciones de Cri-Cri,,Yolanda del Campo,,Conjunto de Pepe Agüeros,LP,RCA,PCS 4629-A (lado 1) y PCS 4630-B (lado 2),,[México],s/d,"Lado 1: 1. La marcha de las letras (F. Gabilondo S.), 2. Clarincito (F. Gabilondo S.), 3. La muñeca fea (F. Gabilondo S.), 4. Los cochinitos (F. Gabilondo S.), 5. Chinesca (F. Gabilondo S.), 6. El ropero (F. Gabilondo S.); Lado 2: 1. Di por qué (F. Gabilondo S.), 2. El marinero (F. Gabilondo S.), 3. El negrito sandía (F. Gabilondo S.), 4. Lunada (F. Gabilondo S.), 5. La patita (F. Gabilondo S.), 6. La merienda (F. Gabilondo S.)",Se cuenta con el disco pero no con la portada. En el marbete se señala que es una grabación especial para las estancias infantiles de las Casas de la Asegurada del IMSS.
1041,Las canciones de Cri-Cri,,Flavio y su conjunto,,,LP,CORITO KOMPATIBLE,CCF-08,,México,1968,"Lado A: 1. El ropavejero (F. Gabilondo S.), 2. Cómo le va (F. Gabilondo S.), 3. Ojitos de cascabel (F. Gabilondo S.); Lado B: 1. La muñeca fea (F. Gabilondo S.), 2. El marinero (F. Gabilondo S.), 3. Los cochinitos dormilones (F. Gabilondo S.)","Este disco es de 33 1/3 RPM,  mide 17.5 cm. En Tipo de objeto aparece LP, ya que no existe en el menú otra denominación para este formato.
El fonograma incluye un cuento de Cri-Cri, se cuenta con el disco, pero no con la portada ni con el cuento. En marbete: ""Impreso en México por Coro, S. A."""
1042,Las canciones de Cri-Cri,,Flavio y su conjunto,,,LP,CORITO,CCF-06,,México,1968,"Lado A: 1. Papá elefante (F. Gabilondo S.), 2. El burrito (F. Gabilondo S.), 3. El venadito (F. Gabilondo S.) ;Lado B: 1. La mariposa (F. Gabilondo S.), 2. El carrousel (F. Gabilondo S.), 3. Doña Cocorito (F. Gabilondo S.)","Este disco es de 33 1/3 RPM,  mide 17.5 cm. En Tipo de objeto aparece LP, ya que no existe en el menú otra denominación para este formato.
El fonograma incluye un cuento de Cri - Crí, se cuenta con el disco, pero no con la portada  ni con el cuento. En portada aparece: ""Canta Flavio y Yolanda del Campo""."
1152,Vamos a jugar,,"La estudiantina infantil, Compañía infantil de teatro",,,LP,Cisne,CI-3-02,,México,1980,"LP 3 Lado A: 1. Vamos a jugar (Acuario-C. Antonori - Sabina), 2. El patio de mi casa (D. P.), 3. Naranja dulce (D. P.), 4. La muñeca azul (D. P.), 5. A la víbora de la mar (D. P.); Lado B: 1. Doña Blanca, 2. El cojo (D. P.), 3. A Madrú, señores (D. P.), 4. Arroz con leche, 5. La rueda de San Miguel","La pista 3 Lado B aparece registrada en el marbete como A Mandrú señores. Se utilizó un título o nombre ""normalizado"" en el campo correspondiente a fin de hacer más claro la aparición de nombres propios y/o títulos en los índices. Es un álbum de tres discos, pero sólo se cuenta con el tercero. Jorge Yáñez (arreglista y adaptación) para las pistas 1, 4 y 5 del Lado B. La información detallada del arreglista se encuentra tanto en el marbete como en la contraportada del fonograma."
1153,El show de El gorila y su pandilla,,El gorila y su pandilla,,,LP,s/d,D-2004,,[México],s/d,"Lado A: 1. Tema del gorila y su pandilla (G. A. Luna G.), 2. Las mañanitas (D. P.), 3. El gorila baila rock (E. A. Luna G.), 4. Jugar es la canción (E. A. Luna G.), 5. La fiesta del gorila y su pandilla (G. A. Luna G. / E. A. Luna G. / F. del C. Soto G.), 6. El soñador (G. A. Luna G.); Lado B: 1. Un grupo musical (G. A. Luna G. / E. A. Luna G. / F. del C. Soto G.), 2. La tortuguita (G. A. Luna G.), 3. El Duby del ratón (E. A. Luna G.), 4. El zoológico (F. del C. Soto G.), 5. El rock de la pandilla (G. A. Luna G.), 6. Despedida de la pandilla (Gabilondo S. / F. H. Luna G.)","El gorila y su pandilla (arreglos), Antonio Reyes/Roberto Díaz (ingenieros de grabación). La información detallada de arreglos y créditos técnicos se encuentra en la contraportada del fonograma."
1154,Rondas infantiles,,Luz Bermejo y su coro de niños,,,LP,Melody,M3LP-01,,México,s/d,"LP 1 Lado A: 1. A la víbora de la mar, 2. La pájara pinta, 3. El agua clara, 4. Hilitos, hilitos de oro, 5. Los maderos de San Juan, 6. Al ánimo; Lado B: 1. Juan Pirulero, 2. Los monos en el carrusel, 3. Cuánto me das marinero, 4. El pollito conquistador, 5. El patio de mi casa, 6. El conejo, 7. Brinca la tablita; LP 2 Lado A: 1. Naranja dulce, 2. Los diez perritos, 3. La niña María, 4. El ferroviario, 5. Matarilerilerileron, 6. El pájaro verde; Lado B: 1. Doña Blanca, 2. La viudita, 3. Mambrú, 4. Do re mi, 5. Alicia va en el coche; LP 3 Lado A: 1. Mambrú se fue a la guerra, 2. Una linda mañana, 3. La farolera, 4. Una tarde fresquita de mayo, 5. Santa Teresa, 6. Muy buen día su señoría, 7. Tengo una muñeca, 8. En coche va una niña, 9. Blanca paloma, 10. Juguemos en el bosque; Lado B: 1. Arroz con leche, 2. Se me perdió una niña, 3. Yo la quiero ver bailar, 4. Se va la barca, 5. Sobre el puente de Avignon, 6. La torre en guardia, 7. Entre San Juan y San Pedro, 8. Antón Pirulero, 9. Cucu cantaba la rana, 10. Aserrín aserrán","Álbum de tres LP. La pista 6  Lado A del LP 1 aparece registrada tanto en marbete como en la portada como ""Alanimo"". Se utilizó un título o nombre ""normalizado"" en el campo correspondiente a fin de hacer más claro la aparición de nombres propios y/o títulos en los índices. José Perea, Enrique Menéndez, Guillermo Bermejo, D. A. R. (arreglos). La información detallada de arreglistas se encuentra en el marbete. En la contraportada: ""Hecho en México por Discos y cartuchos de México, S. A."""
1158,Rondas infantiles,,Compañía infantil de T. V. (Televicentro) dirigida por Juan S. Garrido,,,LP,RCA Víctor,MKLA/S-72,,México,s/d,"LP 1 Lado 1: 1. A la víbora de la mar, 2. Doña Blanca, 3. La pájara pinta, 4. Naranja dulce, 5. Brinca la tablita, 6. Hilitos, hilitos de oro; Lado 2: 1. Matarile - rile - ro, 2. Los maderos de San Juan (J. S. Garrido), 3. Al ánimo (J. S. Garrido), 4. Juan Pirulero (J. S. Garrido), 5. En el agua clara, 6. Mambrú; LP 2 Lado 1: 1. El patio de mi casa, 2. El sapito, 3. El conejo, 4. San Serafín, 5. El acitrón, 6. Soy cojo de un pie; Lado 2: 1. Juego de vocales, 2. De la una a las dos, 3. Los monos en el volantín, 4. La paloma azul, 5. Avena, avena, 6. El relojito; LP 3 Lado 1: 1. La viudita, 2. Don Pirulí, 3. Los diez perritos, 4. Que llueva, que llueva, 5. El merecumbé, 6. Los elefantes; Lado 2: 1. A Madrú, señores-La rueda de San Miguel, 2. El milano (J. S. Garrido), 3. El barco chiquito, 4. El juego del calentamiento, 5. La rana, 6. Califoris","Álbum de tres discos. La pista 1 Lado 2 aparece registrada en el fonograma de la siguiente manera: A Mandrú señores. Se utilizó un título o nombre ""normalizado"", en el campo correspondiente, a fin de hacer más clara la recuperación de nombres propios y/o títulos en los índices."
1159,Canciones y juegos infantiles,,"Evangelina Elizondo y su conjunto, Yolanda del Campo y Conjunto de Carlos Oropeza, Tío Herminio, Conjunto de Eleazar Martínez, coro infantil y solistas",,,LP,ACCIÓN,"ACP-102, ACP-118, ACP-109",,México,"1965 (disco 1), 1968 (disco 2) y 1976 (disco 3)","LP 1 Lado A: 1. El músico, 2. La pelota, 3. Los dedos, 4. Patito, patito, 5. Adivinanzas, 6. Cantando cantamos 7. Aserrín aserrán; Lado B: 1. Acitrón, 2. Así palmadas damos, 3. La máquinita, 4. A la rueda jugaremos, 5. Las horas, 6. Mambrú se fue a la guerra, 7. Juan Pirulero; LP 2 Lado A: 1. Se presenta el Tío Herminio, 2. Las rejas de Chapultepec, 3. El gato con botas, 4. Zempa Tempa-Karempa, 5. Los Reyes Magos, 6. La canción de Jaimito, 7. La canción del genio; Lado B: 1. Paraditos aquí, 2. Juanito el pastor, 3. Caprichitos, 4. La princesa triste, 5. La clase del sol bonito, 6. Los tres canarios; LP 3 Lado A: 1. Doña Blanca, 2. Los perritos, 3. Matarililiriron, 4. En el agua clara, 5. El patio de mi casa; Lado B: 1. Tengo una muñeca, 2. Naranja dulce, 3. A la rorro niño, 4. A la víbora de la mar, 5. San Serafín","Álbum de 3 discos. Disco 1, ""Canciones infantiles"". Disco 2, ""Juegos infantiles"". Disco 3,  ""Las rejas de Chapultepec"". Existen dos álbumes con el mismo contenido pero con diferente portada y año de edición  (el segundo de 1974)."
1161,Jardín de niños,Canciones infantiles,Lucha Bermejo y Conjunto de Gustavo Pimentel,,,LP,DIMSA,DML-90001,México,México,s/d,"Lado A: 1. El vaquero Pecos Bill (Lange - D. E. Santos), 2. El remendón moro (G. Bermejo), 3. Bartolo toca la flauta (D. P.), 4. Pinocho (F. Cabanillas), 5. Don Quijote de la Mancha (R. Briand); Lado B: 1. Mambrú se fue a la guerra (R. Lambertucci), 2. Una tarde fresquita de mayo (D. P.), 3. Yo soy el aviador (G. Bermejo), 4. Mi tío (F. Barcellini, H. Contet y J. C. Carriere), 5. Cristóbal Colón (R. Briand)",
1163,"Tablas, rondas y cuentos",,"Estudiantina ""Los colegiales"" y La rondallita, Grupo Infantil de Teatro",,,LP,Cisne,CI-3-10,,México,1980,"LP 1 Lado 1: 1. La tabla del 1, 2. La tabla del 2, 3. La tabla del 3, 4. La tabla del 4, 5. La tabla del 5; Lado 2: 1. La tabla del 6, 2. La tabla del 7, 3. La tabla del 8, 4. La tabla del 9, 5. La tabla del 10; LP 2 Lado 1: 1. El patio de mi casa, 2. Los perritos, 3. Naranja dulce, 4. Al lobo, 5. A pares y nones; Lado 2: 1. Doña Blanca, 2. Pin Pon, 3. La muñeca vestida de azul, 4. Amó, ató, 5. A la víbora de la mar; LP 3 Lado 1: 1. Caperucita Roja, 2. Pinocho; Lado 2: 1. Pulgarcito, 2. El gato con botas","Álbum de tres discos. Disco 1, Tablas de multuplicar. Disco 2, Rondas. Disco 3, Cuentos. La pista  4 Lado 2 del Disco 2 aparece registrada en el fonograma de la siguiente manera: Amo a to. Se utilizó un título o nombre ""normalizado"" en el campo correspondiente a fin de hacer más claro la aparición de nombres propios y/o títulos en los índices."
1164,Multiplicando con Juan Pestañas,,Juan Pestañas,,,LP,ACCIÓN,ACP-107,Estado de México,México,1976,"Lado A: 1. Tablas de multiplicar del 1 al 5 (1), 2. Tablas de multiplicar del 1 al 5 (2), 3. Tablas de multiplicar del 1 al 5 (3), 4. Tablas de multiplicar del 1 al 5 (4), 5. Tablas de multiplicar del 1 al 5 (5); Lado B: 1. Tablas de multiplicar del 6 al 10 (6), 2. Tablas de multiplicar del 6 al 10 (7), 3. Tablas de multiplicar del 6 al 10 (8), 4. Tablas de multiplicar del 6 al 10 (9), 5. Tablas de multiplicar del 6 al 10 (10).",
1165,Sumando con Juan Pestañas,,Juan Pestañas,,,LP,ACCIÓN,ACP-1008,,México,s/d,"Lado A: 1. Tablas de sumar (1), 2. Tablas de sumar (2), 3. Tablas de sumar (3), 4. Tablas de sumar (4), 5. Tablas de sumar (5); Lado B: 1. Tabla del 6, 2. Tabla del 7, 3. Tabla del 8, 4. Tabla del 9, 5. Tabla del 10","Se cuenta con el disco, pero no con la portada. Este disco tiene el mismo contenido que los fonogramas 695 de 1968, 696 de 1976 y 996 de 1977."
1168,Baby a Go Go,,Conjunto Los espías,,,LP,CBS Harmony Columbia,HL 8341,,México,1966,"Lado 1: 1. La rana, 2. El patio de mi casa, 3. El pescadito, 4. La máquina, 5. Mambrú, 6. El conejo; Lado 2: 1. Hilitos de oro, 2. A la víbora de la mar, 3. Matarile ri le ron, 4. La pájara pinta, 5. La cucaracha",En contraportada aparecen las letras de las canciones.
1169,Esto es una fiesta para los niños,,"Compañía infantil de Televicentro (L1, 2; L2, 2) Piero (L1, 1; L2, 3), Heidi (L1, 3; L2, 1), Cri-Cri (L1, 4; L2, 3), El duende Bubulín (L1, 5; L2,6)",,,LP,RCA,RX-58,,México,1980,"Lado 1: 1. Sinfonía en ""La"" Mar (A. Mayol - Piero), 2. Doña Blanca (D. P.), 3. Pedro y yo (E. Kishida - T. Watanabe), 4. Caminito de la escuela (F. Gabilondo S.), 5. Vamos de paseo (J. C. Abara), 6. La patita (F. Gabilondo S.); Lado 2: 1. Dime abuelito (E. Kishida - T. Watanabe), 2. A la víbora de la mar (D. P.), 3. La marcha de las letras (F. Gabilondo S.), 4. El trenecito del oeste (A. Mayol), 5. Naranja dulce (D. P.), 6. Papo el zapato (J. C. Abara)",En el marbete se indica que es un disco promocional y en la portada aparece el logo de Radio Mil.
1170,Los 10 éxitos de radio infantil,,"Margarita Robleda (L1, 1), Juan Pestañas (L1,2), Lupita Vega y Los Chackaymanta (L1, 3), Jorge ""El músico ambulante"" (L1, 4,) los Hermanos Zavala (L1, 5), Kitzia y Gabriela (L2, 1), María Elena Walsh (L2, 2), Carmelita Molina (L2, 3), Amparo Ochoa (L2, 4)",,,LP,Instituto Mexicano de la Radio,s/d,,[México],s/d,"Lado 1: 1. El caracol (M. Robleda), 2. Polito, Polito (J. C. Abara), 3. A mi burro (D. P.), 4. El pato y el enanito (J. Luján - M. Meneses), 5. La canción del festival (J. A. Zavala R.); Lado 2: 1. El titiritero (G. Huesca/K.Weiss), 2. El reino del revés (M. E. Walsh), 3. Niño canta alegre (C. Molina), 4. El vaquerito (D. P.), 5. Al compás del rataplán (A. Lozano)",
1171,El mensaje de la estrella,,"Alejandra Romo Wiechers ""Luminita"", Liliana Abaroa Suzarte ""Rayo""",,,LP,EMI Capitol,SC-AV701,,México,1983,"Lado A: 1. Obertura (E. Ortiz T. K. / A. Tapia F.), 2. Canción de la estrella (J. Ortiz T. K. / A. Tapia F.), 3. Amor, niño y libertad (J. Ortiz T. K. / E. Ortiz T. K. / A. Tapia F.), 4. Himno a la naturaleza (J. Ortiz T. K. / E. Ortiz T. K. / A. Tapia F.); Lado B: 1. No es el mundo (J. Ortiz T. K. / E. Ortiz T. K. / A. Tapia F.), 2. Todo parece perdido (J. Ortiz T. K. / E. Ortiz T. K. / A. Tapia F.), 3. Encontramos a Dios (J. Ortiz T. K. / E. Ortiz T. K. / A. Tapia F.), 4. Ahora somos libres (J. Ortiz T. K. / E. Ortiz T. K. / A. Tapia F.)","En contraportada: Inspirada en el cuento ""La estrella y chispita"", original de Margarita Kelly de Ortiz Tirado. Argumento: Margarita Kelly de Ortiz Tirado, Javier Prieto Sánchez Mejorada y Javier Ortiz Tirado Kelly."
1172,Los 3 Reyes Magos,,Los Hermanos Zavala,,,LP,Audion,ALP-108,México,México,s/d,"Lado 1: 1. Obertura (J. A. Zavala), 2. El arcángel Gabriel (J. A. Zavala), 3. La canción de la estrella (A. Torres P. / J. A. Zavala), 4. Tema del Rey Melchor (J. A. Zavala), 5. Tema del Rey Gaspar (J. A. Zavala), 6. Tema del Rey Baltasar (J. A. Zavala), 7. La casita de Nazareth (J. A. Zavala), 8. Las tres primeras posadas (D. P.), 9. La sirena de Metepec (I. Zavala); Lado 2: 1. La cuarta posada (D. P.), 2. Tema del Rey Herodes (J. A. Zavala), 3. Los sabios del rey (A. Torres P. / J. A. Zavala), 4. Olbaid (J. A. Zavala), 5. La quinta posada (D. P.), 6. Murcio (J. A. Zavala), 7. Camino a Belem (J. A. Zavala), 8. Belem (J. A. Zavala), 9. Los tres Reyes Magos (J. A. Zavala)",Música original de la película.
1173,Mensaje a los niños,Por el Padre Machado,Padre Machado con Los Polifón,,"Marcos García, Águeda Márquez, Sergio Nava, Evangelina Nava",LP,Discos Viansa,VI-79721,"Ciudad Juárez, Chihuahua",México,s/d,"Lado A: 1. Introducción, 2. Sonrisa de un niño, 3. La abuelita, 4. El ratoncito, 5. El sapito; Lado B: 1. El gatito pirulí, 2. El perrito catrín, 3. El patito, 4. El torito entrometido, 5. El pollito","En portada y contraportada aparece la leyenda: ""Año Internacional del Niño"", sin especificar a qué año se refiere. Es una edición diferente a 1173 con las mismas canciones pero con variaciones en los títulos."
1174,Mensaje a los niños,Por el Padre Machado,Padre Machado con Los Polifón,,"Marcos García, Águeda Márquez, Sergio Nava, Evangelina Nava",LP,Discos Viansa,s/d,"Ciudad Juárez, Chihuahua",México,1990,"Lado A: 1. Introducción - Sonrisa de un niño, 2. La abuelita, 3. El ratoncito, 4. El sapito; Lado B: 1. El gatito pirulí, 2. El perrito catrín, 3. El patito, 4. El torito entrometido, 5. El pollito","En portada y contraportada aparece la leyenda: ""Año Internacional del Niño"" sin especificar a qué año se refiere. Tiene el mismo contenido que el fonograma 1173, aunque a diferencia de este, está acompañado por un folleto con las letras de las canciones."
1175,Viaje a la isla de Kolitas,,s/d,,,LP,CBS,DCS-1031,,México,1984,"Lado 1: 1. Viaje a Kolitas (H. Hackady / R. McBrien / A. L. Negrete), 2. Lágrimas felices (H. Hackady / R. McBrien / A. L. Negrete), 3. Toda clase de amigos (H. Hackady / R. McBrien / A. L. Negrete), 4. Volcán feroz (H. Hackady / R. McBrien / A. L. Negrete), 5. Fosforeciendo (H. Hackady / R. McBrien / A. L. Negrete), 6. Deseo de un día de estrella (H. Hackady / R. McBrien / A. L. Negrete); Lado 2: 1. Bumerangutan (H. Hackady / R. McBrien / A. L. Negrete), 2. Las flores tienen sentimientos (H. Hackady / R. McBrien / A. L. Negrete), 3. Ángel por fuera (H. Hackady / R. McBrien / A. L. Negrete), 4. Acabo de nacer (H. Hackady / R. McBrien / A. L. Negrete), 5. Kolitas, isla de alegría (H. Hackady / R. McBrien / A. L. Negrete)","Alfonso López Negrete (producción), Roberto Espriú y A. L. Negrete (adaptación al español). La información detallada de créditos técnicos se encuentra en la contraportada del fonograma."
1176,Sólo para niños,,"Chabelo, Micro-Chips, Burbujas, Nifu…Nifa, Flans, Timbiriche",,,LP,MELODY Serie Cristal,s/d,,México,1990,"Lado A: 1. El grillo cantor (P. Toscano), 2. Angello (T. y J. Willy / B. Steinberg / T. Kelly), 3. Adiós Superman (P. Toscano), 4. Mimoso Ratón (S. Roche / J. García E.), 5. Kikiki Co Co Co (P. Franco / F. Antone / Denicek / Cecconi); Lado B: 1. Mosquito bilingüe (M. Villafañe / G. Vanni), 2. Cocorito (F. Feliciati / Foschini / Ceroni / Bosé), 3. Burbujas (S. Roche / J. García E.), 4. Grandes años del Rock and Roll (), 5. Ping pong (Pepsa / P. Bertrand / G. Pirazzoli / G, Pasano)",Tiene el mismo contenido que el fonograma 941.
1177,Oraciones y canciones para enseñar a los niños,Presentadas por el hada Alegría y Porrito el payaso,s/d,,,LP,Guitarra,DG-134,,México,1978,"Lado A: 1. Presentación del hada Alegría y Porrito el payaso-La señal de la cruz, 3. El Ave María, 3. El Padre Nuestro, 4. El gloria, 5. La salve, 6. El credo, 7. Señor mío, Jesucristo, 8. Yo pecador, 9. Oraciones para antes y después de comulgar, 10. Bendición de la mesa y acción de gracias, 11. Bendita sea tu pureza, 12. Oración al ángel de la guarda, 13. Jesusito de mi vida ;Lado B: 1. El patio de mi casa, 2. El cocherito Lere, 3. Quisiera ser tan alta, 4. Tengo un hermanito, 5. Pase Misi, 6. Había un ratoncito, 7. Pin Pon era un muñeco, 8. Tengo una muñeca, 9. Ratón que te pilla el gato, 10. A la rueda rueda, 11. Estaba el señor don gato, 12. Los pollitos dicen pío pío, 13. Que llueva, que llueva, 14. Al pasar la barca, 15. Dónde están las llaves-Matarile, 16. Mambrú se fue a la guerra, 17. Allá en La Habana, 18. Hay tres noches que no duermo","Tomás Málaga (guion, arreglos y adaptaciones). La información detallada de los créditos técnicos se encuentra en la contraportada del fonograma."
1178,Canciones infantiles del Tío Herminio,,Herminio Keny [El tío Herminio],,,LP,"DISCOS CISNE, S. A.",CI-1431,,México,s/d,"Lado A: 1. El tren de Chapultepec (H. Keny), 2. El patio de mi casa (Trad.), 3. En la tierra del oeste (H. Keny), 4. Naranja dulce (Trad.), 5. La piñata navideña (H. Keny); Lado B: 1. Nuestra Navidad (H. Keny), 2. La muñeca vestida de azul (Trad.), 3. Sueño infantil (H. Keny), 4. Doña Blanca-La Pipila (Trad. - H. Keny), 5. La hormiguita (H. Keny)","En contraportada se indica la participación artística de ""Tesi"" y un coro de niños sin ninguna otra especificación. Chucho Ricón (dirección artística), Juan Magdaleno (ingeniero de grabación). La información detallada de créditos técnicos se encuentra en la contraportada del fonograma."
1181,Carrusel infantil,,Micky Santini y Coros,,,LP,Discos Tiempo,LPT-116,,México,1977,"Lado A: 1. Un día con mamá (M. Morales), 2. Tomás (Laudermyk - Valdez), 3. Feliz cumpleaños (M. Santini), 4. El mundo es una bola (A. Lozano), 5. La Ramona (L. Portigo); Lado B: 1. La vecindad del Chavo (R. Gómez B.), 2. Óyelo, escúchalo (R. Gómez B.), 3. Peluchín (A. Lozano), 4. No llores Quico (M. L. Romero - Chamín Correa), 5. El Chapulín Colorado (R. Gómez B.)",En portada del fonograma aparece el título Feria infantil.
1182,15 Super éxitos de Burbujas,,,,,LP,CBS,TVTCD-111,,México,1983,"Lado A: 1. Burbujas (S. Roche / J. García E.), 2. Potpourrí de personajes (S. Roche / J. García E.), 3. Mugre, basura y smog (S. Roche - J. García E.), 4. Somos diferentes pero amigos de verdad (S. Roche - J. García E.), 5. Popotito 22 (S. Roche / J. García E.), 6. El juego de los nombres (D. A. R.), 7. Ejercicios (S. Roche / N. Méndez); Lado B: 1. Vamos al circo (S. Roche / H. Haberman), 2. Fantásticos payasos (S. Roche / H. Haberman), 3. ¡Ay! qué difícil (S. Roche / N. Méndez), 4. Mis héroes pillos son (S. Roche / H. Haberman), 5. Cuando yo sea grande (J. Castil), 6. El rock del chucu chucu (S. Roche / N. Méndez), 7. Agarra tu patín (E. Puente / N. Méndez), 8. ¿Dónde están los asteroides? (E. Puente / N. Méndez)","El contenido de este fonograma está integrado por pistas de otros fonogramas producidos en los años 1979, 1980, 1981, 1982 y 1983. 
Otros créditos en contraportada."
1183,El rapto del pandita,Una comedia musical de Citlalixayotl,"Mario Kontos (LA, 1; LB, 2) (vz), Sergio Aedo (LA, 3, 4) (vz), Astrid (LA, 4; LB, 1, 3) (vz), Antonio Diagar (LA, 6; LB, 2) (vz), Pedro Heredia (LB, 1) (vz).",,"Eduardo Seriña (bt), Alejandro Seriña (bj), David Rodríguez (gt), Pedro Heredia (pn), César Seriña (st),  Isabel Rivero (cr), Óscar Ugalde (cr)",LP,s/d,s/d,,México,s/d,"Lado A: 1. Introducción musical, 2. La primavera, 3. Tema de yin yan, 4. Niño mi niño, 5. Dame pronto la mano, 6. ¡Pum cata pum!; Lado B: 1. Debo amar, 2. Para qué sirven los animales, 3. Sonreír, 4. Dame pronto la mano",
1184,Chabelo,,Chabelo,,Estudiantina del Colegio Simón Bolívar del Pedregal dirigidos por Jesús Vázquez,LP,RCA,MKS-2240,,México,1981,"Lado 1: 1. Será como mamá y papá (N. Gurbich), 2. Canta, canta, canta niño (N. Gurbich), 3. Travesuras (D. Castañeda), 4. Por qué será, por qué será (Que estando la vaca atada el ternero no se va) (M. Manere), 5. La creación (A. Mayol); Lado 2: 1. Me llaman gaviota (R. Abramzon - T. Juaren), 2. Garabato colorado (Shark - T. de Rose), 3. Perrito maltés (E. Gold - S. Unthoff), 4. Yo no quiero un hermanito (J. C. Gil), 5. La canción de la abuela (A. Mayol)","Ricardo Toral (arreglos y dirección). Realizado por Raúl Tovar Sagrego. La información detallada de intérpretes, arreglos y realización se encuentra en la contraportada del fonograma."
1186,Topo Gigio,Él es mi amigo,Topo Gigio,,,LP,PHILIPS,LPR-15324,,México,1986,"Lado 1: 1. Él es mi amigo Topito (A. Concepción / C. Gallego / J. A. Rota), 2. El tren de chocolate (R. Mochulske / C. Gallego / E. Londaits / D. Band / M. Perego), 3. Cantando los números (O. Wilson / C. Gallego / M. Barbino / M. Perego), 4. Gigio saltarín (A. Concepción / P. Rossino / J. A. Rota), 5. Tacos y helados (E. Londaits / C. Gallego / C. Mazzullo); Lado 2: 6. Las mañanitas (D. P.), 7. Gigio en día del niño (M. Barbino / C. Gallego / O. Wilson / M. Perego), 8. El queso es lo más rico (A. Concepción / M. Perego / J. A. Rota), 9. Los globitos (J. Peretti / A. Coumo), 10. Las golondrinas (D. P.)","En marbete: ""Hecho en México y distribuido por Polygram Discos, S. A. de C. V."". En todas las canciones: ""PromexArg"", excepto Los globitos (anotación: ""Pham"") y Las mañanitas y Las golondrinas."
1187,Angélica Vale,,Angélica Vale,,,LP,RCA,MKS-2291,,México,1982,"Lado 1: 1. Mi vaquita (A. Ortiz - J. Mondellini - Balloni - Lumni), 2. Parapinpunpas (El Circo) (A. Ortiz - J. Mondellini - Verde - Marchesi - Baudo - Simonetti), 3. Mis zapatillas (R. Vale), 4. El perico (Bardotti - De Moraes - Endrigo - Enríquez - I. Bonillas), 5. Adivina adivinanza (Indorinelli M. - Balloni - Moretto - A. Ortiz); Lado 2: 1. Chapulín, chapulín (R. Vale), 2. El avioncito (A. Ortiz - J. Mondellini - De Moraes - Bardutti - Toquinho), 3. Canto, silbo y bailo (C. Bogey - A. Ortiz - J. Mondellini - Alford), 4. El columpio (A. Ortiz - J. Mondellini - Balloni - Moretto), 5. Paseo en trineo (Manzanero - Anderson)","Arreglos, dirección, producción y realización: Raúl Vale. Banda Tres Coros: Pandilla Dury Dury."
1189,Botones,Baby Rock,,,,LP,Epic,LNS-17307,,México,1979,"Lado A: 1. Presumida (Samwell), 2. La banda (J. E. Dapena), 3. Para pedirte perdón (J. Pardo), 4. Pancho López (T. Blackburn - G. Burns - L. Guerrero), 5. Bésame mami (K. Bethake - P. R. Heninen - B. Gody); Lado B: 1. Popotitos (Williams), 2. Pecos Bill (E. Daniel - J. Lange), 3. Doctor Brujo (R. Bagdassarian), 4. Me voy a enamoriscar (J. Pardo)",Grabado en España. Impreso en México. Producciones: Juan Pardo. Música/Pop.
1190,Promesas infantiles,Kool Aid,"Marian, Grupo Mavi, Fernando, Grupo Patos, Crazi Babys, Grupo Bombón, Siglo, Grupo Ricani, Pao y Jesús, Grupo Conty",,,LP,MELODY INTERNACIONAL,MITV/112-P87,,México,1987,"Lado A: 1. Tema Festival Vamos juntos* (Ma. E. de Esesarte / E. Siqueiros), 2. Amigos todos* (M. Labias), 3. Quiero saber por qué* (C. María), 4. Super Pato* (Luis Eusebio), 5. Es progreso* (Ma. L. Romero); 6. Coro loco** (V. Alberti); Lado B: 1. Seremos los primeros* (Gela), 2. Lucharé* (C. María), 3. Pintaré* (Prisma), 4. Dónde está el color* (T. Gómez), 5. Sonreír no cuesta nada*** (W. Pesqueira)","Dirección general: Juan Carlos Abara Halabi. Arreglos musicales: Pedro Alberto Cárdenas*, Paco Ayala**, Walterio Pesquera***."
1191,20 Navidéxitos 20,,"Grupo Ábaco, Byanka y Maleza, Juanito Farías, Ivette y Monique, Sara Eugenia, Lolita Cortés, Chuchito, Lucerito, Katy, Lorenzo Antonio y su grupo, Las vicuñitas, Ginny",,,LP,MUSART,ED-1836,,México,1982,"Lado A: 1. Cantos de posadas (D. P.), 2. Sueño de invierno (J. C. Abara - M. Heredia), 3. Noche de paz (D. P.), 4. Paseo en trineo (M. Parish - J. Anderson), 5. Papacito Santa Claus (I. Copani - P. Krichmar), 6. Blanca Navidad (D. P.), 7. Querido Santa (O. Alfaro), 8. Navidad en casa (S. Andrade), 9. Te regalo una sonrisa (A. Pastor), 10. Jingle Bells (D. P.); Lado B: 1. Felicia (L. Antonio), 2. Llegó Navidad (J. C. Abara), 3. Canción de los abuelos (A. Pastor), 4. Los Reyes Magos (Capuano - Stott - Glosafatte), 5. Rodolfo el reno (D. P.), 6. La cena (S. Andrade), 7. Navidad sin abuelito (F. Curiel - R. Curiel), 8. El niño del tambor (Davis - Onorati - Simeone), 9. La noche de Belén (A. E. Reyes - Ma. E. de Esesarte - M. Gómez), 10. Cada día es navidad (I. Copani - P. Krichman)","Lado A: 1, 4, 5, 6, 7, 8 y 10, arreglos: Sergio Andrade. 2 y 3, arreglos: Chucho Ferrer. 9, arreglo: Gustavo Santiago. Lado B: 1, 4, 6, 8 y 9, arreglos: Sergio Andrade. 2, 3 y 7, arreglos: Chucho Ferrer. 5, arreglo: Gustavo Santiago. 10, arreglo: Julio Jaramillo."
1192,Posada Tradicional,,"Coro Infantil Estrella dirigido por Aristeo Hernández Labastida (párroco del Sagrado Corazón, Colonia Estrella)",,Francisco Silva (or),LP,AUDIOMEX,ALD-2050,,México,s/d,"Lado A: 1. Divino Manuel (Félix EE. CC.), 2. Oh, Mesías prometido (Popular español), 3. Lloved al justo (A. Hernández L.), 4. Ven niño del cielo (Sierra C. F. M.), 5. Santa María (Popular mexicano); Lado B: 1. Kirie Eleison, Santa María, Speculum Justitias, Regina Angelorum (Canto gregoriano), 2. En nombre del cielo (pedir posada) (Popular mexicano), 3. Aquí no es mesón (dar posada) (Popular mexicano), 4. Entren santos peregrinos (Popular mexicano), 5. La jornada (Popular mexicano), 6. Humildes peregrinos (Popular Mexicano), 7. Oh, peregrina agraciada (Popular mexicano), 8. Echen confites (Popular mexicano)",
1193,Infantilísimo,Los mejores temas infantiles,Artistas varios,,,LP,Discos Hit,DGH-832,,México,s/d,"Lado A: 1. La canción de Parchis (P. Moraleda), 2. Fuego (L. El Colon), 3. Pinocho (J. Camilloni / R. Farías C.), 4. Heidi (E. Kashira / T. Watanabe), 5. En la armada (J. Morali / H. Belolo / V. Willis / R. Amart); Lado B: 6. El burrito de Belem (H. Blanco), 7. Burbujas (S. Roche / J. García E.), 8. Hola amigos (R. Pérez B.), 9. Polito, Polito (J. C. Abara), 10. Querido profesor (C. Moncada / O. Rubio / F. Lapardi)",
1194,Infantilísimo Vol. III,Ring Ring,Artistas varios,,,LP,Producciones GR-31 Discos Continental,GR-357,,México,1982,"Lado 1: 1. Ring ring (P. Kartner / M. de la Calva / R. Arcusa), 2. La risa de las vocales (T. Páiz / G. A. Santiago), 3. Yo te amaré (G. Salerni / P. Hurtt / D. Hernández / H. Cabrera), 4. Tohui Panda (L. Gómez Ll.), 5. Ven a mi fiesta (R. Ventura / J. Oristrelli); Lado 2: 1. 1+1=2 Enamorados (R. Amado / J. Santos), 2. Timbiriche (P. Damián / M. Méndez G.), 3. Mentira (J. Gabriel), 4. Súbete a mi moto (E. Díaz / Carlos V.), 5. Somos amigos (E. Vonn / M. Méndez)",
1195,Infantilísimo Vol. II,Los mejores éxitos infantiles,Artistas varios,,,LP,Producciones GR-31 Discos Continental,LP-351,,México,1980,"Lado 1: 1. El baile de los pajaritos (T. Rendall / W. Tomas / C. Cuevas), 2. Ella A-A (J. Seijas / Herrero / L. G. Escolar), 3. La plaga (Blackwell /Marascalgo / Martínez), 4. Pecos Bill (Lance / Elliot / Daniel / E. Santos), 5. Un día con mamá (M. Morales); Lado 2: 1. El pequeño panda de Chapultepec (L. Gómez Ll.), 2. Si los niños gobernaran el mundo (K. Alberto L. / Serqueti / H. Anton), 3. Mimoso Ratón (S. Roche / J. García E.), 4. Tomás (Loudermilk / Valdez), 5. El Chapulín Colorado (R. Gómez B.)",
1196,Cuando cantan los niños Vol. 1,Catapun...Chin Chin!,Orquesta y coro de niños dirigido por Larry Godoy,,,LP,TECA Records,LPT-2006,,México,s/d,"Lado A: 1. Saludo, 2. El arbolito, 3. Catapún chin chin, 4. El lobo, 5. La cojita, 6. Amapolas y patitos, 7. El caballito Hop, 8. El sapito Glo Glo, 9. Las tres carabelas; Lado B: 1. El polichinela, 2. Arrepote, arrepote), 3. El cantarillo, 4. La señorita María, 5. La espigadora, 6. El ruiseñor (Lecuona - Grever), 7. La luciérnaga (P. Linckey / Grever), 8. Despedida","Discos Continental, S. A. Contiene hoja con letras de todas las canciones."
1197,Pampa Pipiltzin,Algo para los niños,"Pampa Pipiltzin (cr), Ma. Antonieta de las Nieves, Julio Lucena, Felipe Gil",,,LP,RCA Víctor,MKS-1994,,México,1974,"Lado 1: 1. Pampa Pipiltzin (F. Gil - C. Millán - J. I. Millán), 2. Concursos (F. Gil - C. Millán - J. I. Millán), 3. El amor se va (F. Gil - C. Millán - J. I. Millán), 4. Karate (F. Gil - C. Millán - J. I. Millán), 5. Pampa (F. Gil - C. Millán - J. I. Millán), 6. Trecemil trecedulces (F. Gil - C. Millán - J. I. Millán), 7. Saltarín (J. Salazar), 8. El arlequín (F. Gil - C. Millán - J. I. Millán); Lado 2: 1. Vive (F. Gil - C. Millán - J. I. Millán), 2. Pipil (F. Gil - C. Millán - J. I. Millán), 3. Rolling gags (F. Gil - C. Millán - J. I. Millán), 4. No estás solo (F. Gil - C. Millán - J. I. Millán), 5. Soy Tzin (F. Gil - C. Millán - J. I. Millán), 6. Saber vivir (F. Gil - C. Millán - J. I. Millán), 7. Pampa Pipiltzin (instrumental) (F. Gil - C. Millán - J. I. Millán)",En contraportada aparece el logo de Canal 13 Televisión. Música original del programa Pampa Pipiltzin.
1198,Cantan los pollitos,,s/d,,,LP,Guitarra Discos,DG-85,,México,1990,"Lado 1: 1. Cantan los pollitos (M. Vila), 2. El coche del gallo (M. Vila), 3. La hormiguita hippie (P. Barros - M. Vila), 4. Este es mi regalo para mamá (J. Tavera - M. Vila), 5. Aprendamos a tocar (J. Tavera - M. Vila); Lado 2: 1. Noche de paz y villancico (Tradicional), 2. En la chacra de mi tío (P. Barros), 3. Una princesita llamada Mi Bombón (P. Barros - M. Vila), 4. Ombley (M. Vila), 5. El día de mamá gallina (M. Vila)","Multimusic, S. A. de C. V. Tiene el mismo contenido que el fonograma 1271."
1200,Este es el juego de Juan Pirulero,,Compañía infantil de Televicentro de Armando Torres,,,LP,RCA,MKL/S-1579,,México,1964,"Lado 1: 1. Los maderos de San Juan, 2. Al ánimo, 3. La pastora, 4. El milano, 5. ¿A dónde vas Alfonso XII?, 6. Juan Pirulero; Lado 2: 1. El barco chiquito, 2. Juego de vocales, 3. En el agua clara, 4. El señor don gato, 5. Los pollitos, 6. De la una a las dos","Arreglos, dirección y orquesta: Juan S. Garrido."
1201,Juan Pestañas,"Lo mejor de Parchis, Menudo, María de Jesús y otros",Juan Pestañas,,,LP,ACCIÓN,ACP-1041,,México,1963,"Lado A: 1. El pequeño panda de Chapultepec (L. Gómez Ll.), 2. Baile de los pajaritos (T. Rendall - W. Tomas - C. Cuevas), 3. Cállate la boca (S. Dolce - V. Albery), 4. Hola amigos (R. Pérez B.), 5. Fin de cursos (C. Moncada); Lado B: 1. Fuego (Leyda E. Colon), 2. Ella (J. Seisa - H. Herrero - L. J. Escolar), 3. Twist del colegio (J. Pardo), 4. Amigo Félix (F. D. Diego - A Draujo), 5. Abuelito (H. Herrero - L. J. Escolar)",
1202,Musipistas infantiles,Vol. I,,,,LP,Helix,HXLP-15013,,México,1981,"Lado A: 1. Matarilerileron (cantado), 2. Matarilerileron (pista), 3. Juan Pirulero (cantado), 4. Juan Pirulero (pista), 5. Doña Blanca (cantado), 6. Doña Blanca (pista); Lado B: 1. Naranja dulce (cantado), 2. Naranja dulce (pista), 3. La niña María (cantado), 4. La niña María (pista), 5. Mandan dirum dirum dan (cantado), 6. Mandan dirum dirum dan (pista)","Arreglos, adaptación, dirección y realización: Lázaro Muñiz. En la contratapa figuran las letras de las canciones."
1203,El mago de los sueños,La familia Telerín de Vamos a la cama,"Coro Infantil, Andy Russell, Juan Carlos Mareco ""Pinocho"", Chicho Gordillo, Rafael Turia, Ennio Sangiusto, J. L. Barcelona y los 3 sudamericanos, Tere María con los 4 de la Torre",,,LP,TIZOC,TTVM 2075,,México,1970,"Lado 1: 1. Vamos a la cama (Areta - Barata - Moro - Rebollo), 2. Soñarás (Macian - Solá), 3. Soy el mago de los sueños (Macian - Solá), 4. El twist de Cuquin (Macian - Solá), 5. Cuento de la Caperucita (Macian - Solá), 6. Colitas y el circo (Macian - Solá); Lado 2: 1. Tete Hood (Macian - Solá), 2. Pelusín y la moneda (Macian - Solá), 3. El guau de Maripi (Macian - Solá), 4. Cleo y el marcianito (Macian - Solá), 5. Vamos a la cama (Areta - Barata - Moro - Rebollo)",
1204,Burbujas,,"Aurora Alvarado, Rodrigo de la Mora, Cristina Camargo, Marina Isolda, Ramón López Carrasco, Arturo Laphan, Hermanos Zavala García Castil (coros)",,,LP,MELODY,MITV-109,,México,1987,"Lado A: 1. Burbujas (S. Roche - J. García E.), 2. Patas Verdes (S. Roche - J. García E.), 3. Mimoso Ratón (S. Roche - J. García E.), 4. Mafafa Musguito (S. Roche - V. Rincón), 5. Pistachón zigzag (S. Roche - J. García E.), 6. El Ecoloco (S. Roche - J. García E.); Lado B: 1. Odisea Burbujas (J. Castil), 2. Popotito 22 (S. Roche - J. García E.), 3. La marcha de las vitaminas (S. Roche-J. García E.), 4. Mugre, basura y smog (S. Roche - J. García E.), 5. El juego de los nombres (D. A. R.), 6. Somos diferentes pero amigos de verdad (S. Roche - J. García E.)",Arreglos musicales: Juan García Esquivel (Musicastil).
1205,Canta y baila con Mimoso ratón,,Cristina Camargo,,,LP,CBS - Discos América,TCDC-618,,México,1982,"Lado 1: 1. Cuando yo sea grande (J. Castil), 2. ¡Ay qué difícil! (S. Roche - N. Méndez), 3. Eso me pregunto yo (S. Roche - N. Méndez), 4. En el cielo azul (H. Habermann - S. Roche), 5. Menos mal que hay mamás (S. Roche - N. Méndez); Lado 2: 1. El rock del chucu chucu (S. Roche - N. Méndez), 2. La raspa (D. P.), 3. A todo dar (N. Méndez), 4. Las clases de cha cha cha (R. Márquez), 5. El baile del canguro (N. Méndez)","Contiene una funda con las letras de todas las canciones. En marbete: ""Productos especiales CBS""."
1206,15 Juguepistas 15,Aprende a cantar con la música original de Juguemos a cantar,"Lorenzo Antonio, Grupo Ábaco, Juanito Farías, Katy, etc.",,,LP,MUSART,ED 1832,,México,1982,"Lado A: 1. Tema ""Juguemos a cantar"" (S. Andrade), 2. El combate (Ma. E. de Esesarte), 3. Don Quijote y Sancho Panza (M. Heredia), 4. Rock and Roll (F. Curiel), 5. Fiesta en mi pueblo (S. Andrade), 6. La risa de las vocales (T. Paiz), 7. Como gaviota (R. Sánchez A.), 8. Pepito (J. López L.); Lado B: 1. Vamos a jugar (L. Antonio), 2. Igual que el universo (R. Sánchez A.), 3. Si yo fuera presidente (P. Krishmar - I. Copani), 4. Caballo de palo (O. Alfaro), 5. Vamos a mi fiesta (J. A. Garay), 6. Circo (A. Sánchez), 7. La ordeña (B. Herrera - A. Santiago), 8. Tema ""Juguemos a cantar"" (S. Andrade)","""Lorenzo Antonio, Grupo Ábaco, Juanito Farías, Katy, etc."": así aparecen en portada. Lado A: 1 y 5, arreglos: Sergio Andrade; 2 y 4, arreglos: Julio Jaramillo; 3, arreglo: Jorge Neri; 6, arreglo: Gustavo A. Santiago; 7 y 8, arreglos: Chucho Ferrer. Lado B: 1, 2 y 3, arreglos: Julio Jaramillo. 3, arreglo: Jorge Neri; 4, arreglo: Chucho Ferrer; 6, arreglo: Lázaro Muñoz; 7, arreglo: Gustavo Santiago; 8, arreglo: Sergio Andrade."
1207,Canciones infantiles,,Chav´s y sus coros,,,LP,Kokin,KO-512,,México,s/d,"Lado A: 1. Mambrú (D. P.), 2. En el agua clara (D. P.), 3. Las vocales (D. P.), 4. Los diez perritos (D. P.), 5. Los pollitos (D. P.); Lado B: 1. Duérmete mi niño (D. P.), 2. Cuánto me das marinero (D. P.), 3. Los elefantes (D. P.), 4. La rana (D. P.), 5. La pájara pinta (D. P.)",
1208,Juegos infantiles,,Evangelina Elizondo y su conjunto,,,LP,CORITO Infantil,CI-102,,México,s/d,"Lado A: 1. El músico (D. P.), 2. La pelota (D. P.), 3. Los dedos (D. P.), 4. Patito, patito (D. P.), 5. Adivinanzas (D. P.), 6. Cantando cantamos (D. P.), 7. Aserrín, aserrán (D. P.); Lado B: 1. Acitrón (D. P.), 2. Así palmadas damos (D. P.), 3. La máquina (D. P.), 4. A la rueda jugaremos (D. P.), 5. Las horas (D. P.), 6. Mambrú se fue a la guerra (D. P.), 7. Juan Pirulero (D. P.)",
1209,Los 15 triunfadores del Segundo festival infantil,,"Meteoro, Fresa, Chikis, Marychelo, Mia y Matías, Juan Ramón, Eduardo Capetillo, Colibrí, Confeti, Erick, Sara Eugenia, Chuchito, Priscila, Ity",,,LP,MUSART,EDTV 002,,México,1983,"Lado A: 1. ¿Dónde están los niños? (J. C. Abara / F. Curiel), 2. Amor espacial (M. A. Sánchez / S. Frid), 3. Con mi guitarra (R. Defosse / F. Curiel), 4. Tobilleras para calentar (S. Yturria), 5. El baile de la gallina (L. Antonio), 6. Soy dinamita (Villaseñor / G. Puente / Tapia), 7. La amistad es un país color caramelo (H. Lanzi / A. Pastor), 8. Los payasos (Ma. E. de Esesarte); Lado B: 1. Cantando y bailando (J. Walls), 2. Ma ma ma (C. Vargas), 3. Ha salido el sol (J. Santos), 4. Mágico (I. Copani / F. Curiel), 5. Mi grupo toca rock (J. Santos), 6. ¿Por qué? (I. Copani), 7. Jaque Mate (B. Herrera / C. Vargas), 8. Mi burrito querendón (T. Paiz)",En contraportada aparecen los créditos de todas las canciones.
1210,II Festival ídolos del futuro,Así cantaré!,"Juan Carlos, Las Pillamitas, Luisa Fernanda, Raúl Reza",,,LP,Bourbon,s/d,,México,1986,"Lado A: 1. El tigre (Jones / Márquez), 2. México lindo y querido (Ch. Monje), 3. Cielito lindo (Q. Mendoza), 4. Osito panda (L. Gómez Ll.), 5. Ojos españoles (D. A. D.), 6. Popotitos (D. A. D.), 7. El rey (J. A. Jiménez), 8. Tiempos mejores (S. Andrade), 9. Chiquitita (D. A. D.); Lado B: 1. El tigre (Jones / Márquez), 2. México lindo y querido (Ch. Monje), 3. Cielito lindo (Q. Mendoza), 4. Osito panda (L. Gómez Ll.), 5. Ojos españoles (D. A. D.), 6. Popotitos (D. A. D.), 7. El rey (J. A. Jiménez), 8. Tiempos mejores (S. Andrade), 9. Chiquitita (D. A. D.)","En portada aparece: Lápiz adhesivo Resistol invita. Además se indica: ""Disco pistas para que ensayes"" que corresponde al lado B."
1211,Primer festival Juguemos a cantar,"15 éxitos infantiles. 10 finalistas, tema e invitados","Lucerito, Grupo Ábaco, Lolita Cortés, Ivette y Monique, Las vicuñitas, Katy, Sandra López, Grupo Plum-Kiss, Lorenzo Antonio y su grupo Vamos a jugar, Byanka y Maleza, Sara Eugenia, Juanito Farías, Grupo Aventura, Grupo Tuti-Fruti y Jorge Cordero",,,,Musart,ED 1823,,México,1982,"Lado A: 1. Tema Juguemos a cantar (S. Andrade), 2. El combate (M. E. de Esesarte), 3. Don Quijote  Sancho Panza (M. Heredia), 4. Rock and Roll (F. Curiel), 5. Fiesta en mi pueblo (S. Andrade), 6. La risa de las vocales (T. Paiz), 7. Como gaviota (R. Sánchez), 8. Pepito (J. López L.); Lado B: 1. Vamos a jugar (L. Antonio), 2. Igual que el universo (R. Sánchez), 3. Si yo fuera presidente (P. Krishmar e I. Copani), 4. Caballo de palo (O. Alfano), 5. Vamos a mi fiesta (J. A. Garay), 6. Circo (A. Sánchez), 7. La ordeña (B. Herrera)",Otros créditos en contraportada.
1212,Súper 6 La banda Timbiriche y Los grillos,,"Timbiriche, Los grillos",,,LP,MELODY,SU/008,,México,1984,"Lado A: 1. Timbiriche (P. Damián / M. Méndez G.), 2. Twist y twist (E. Feliciati / A. Kursell / F. Foschini), 3. La banda Timbiriche (E. Feliciati / F. Foschini / Ceroni / Bosé); Lado B: 1. El gato rocanrolero (M. Méndez G.), 2. Ale ole (E. Feliciati / A. Kursell / F. Foschini), 3. Micky (Mickey) (N. Chinn / M. Chapman / R. Valdéz)",
1213,Vamos a cantar Vol.II,"16 éxitos infantiles. 10 súper estrellas, tema e invitados","Kristian, Chuchito, Los amigos de Kitty, Lupita D´Alessio, Karlamaría, Los Amigos de Cornelio, La pandilla Rosa, Sandra y Mónica, Colorín Colorado, La Alegre Pandilla, Pulgas, Cepillín, Capulina, Chabelo",,,LP,ORFEÓN,LP-20-TV-002,,México,1982,"Lado A: 1. Gallito feliz (D. Vite), 2. Son cinco las vocales (A. Correa), 3. La fiesta de Kitty (Sue - Javier), 4. Mundo de juguete (A. Manzanero - B. Silvetti), 5. Adiós René (F. Canavati), 6. Reino Aventura (J. Serna - R. Corona), 7. Soy una pantera rosa (P. Ortega - L. Fransen), 8. Mi orquesta (Nazareno); Lado B: 1. El pequeño panda de Chapultepec (L. Gómez Ll.), 2. 1+1=2 Enamorados (R. Amado - J. Santos), 3. Será porque te amo (D. Pace - E. Ghinazzi - D. Farina - L. G. Escolar), 4. Mis patines (R. Acosta C.), 5. El baile de los pajaritos (W. Thomas - T. Randall), 6. Vamos a cantar (M. Eduardo), 7. El pájaro loco (G. Tibblis - R. Idriss), 8. Quiero un teléfono (Davie - Biye - O. Pino)",Incluye un cuadernillo con las letras de las canciones. Otros créditos en la contraportada.
1214,"América, esta es tu canción",Los 15 triunfadores,"Lucerito, Donizeti, Paula Bascuñan y Magdalena Contreras, Rafaela Barona Morey, José Heriberto García, Yanette Moyel, Vanessa Spatz, ""Pistacho"", Lucía Níñez y Juan Carlos Sierra, Ivette y Monique, Rosa Ma. E Ismael Gallardo, Hugo Fabián Gómez, Roxanita Va",,,LP,MELODY,MITV-006,,México,1982,"Lado A: 1. América, esta es tu canción (S. Andrade), 2. Canarinho dobrador (M. Nunes - A. C. Faustino), 3. En una nube (Grupo Mazapán), 4. La gata coqueta (D. Icaza de H.), 5. La pulga (J. Rivera), 6. Queremos crecer y vivir (L. Piferrer), 7. La gallina Tu-Tu (V. Nicol de P. - V. Spatz), 8. Quisiera ser (T. Sierra); Lado B: 1. A manejar (F. Curiel - R. Curiel), 2. Mi casita interiorana (E. Quintero), 3. El abuelito (O. N. Cabrera), 4. Adónde van los niños (A. P. Campos), 5. Puerto Rico (E. Labdy), 6. En mi mundo de juguete (J. Núñez del R.), 7. Vuelve papá (J. M. Ocampo), 8. La patineta y papá (O. Serfati), 9. Popurrí mexicano (Guízar - D. P. - J. A. Jiménez)",
1215,Tercer festival Juguemos a cantar,"15 Éxitos infantiles. 10 Finalistas, tema e invitados","Ivette y Monique, Oro Sólido, Jannette, Flavio, Grupo Globo, Trinitón, Rosangel, Grupo Universo, Ernesto, Grupo Tinnes, Juan Luis, Heidi, Tropichavos, Thalía, Grupo Rockola, Ariatna",,,LP,MUSART,ED 1853,,México,1982,"Lado A: 1. Tema (S. Andrade), 2. La computadora (J. C. Castro), 3. Ríe (R. M. Martín del C.), 4. Cuando sea grande (P. A. Cárdenas), 5. Los globos (A. E. Reyes), 6. Perico (R. Defosse - C. Chávez), 7. Tú con ganas, yo con fe (T. Martínez - F. Armida), 8. Vecinos igual que amigos (V. Martín); Lado B: 1. Vamos ya (M. E. de Esesarte - A. E. Reyes), 2. Mi gato (R. Páramo), 3. Letras en un corazón (V. Alberti), 4. Las carabelas (M. Acosta), 5. Tropichavos (E. E. Chávez), 6. Moderna niña de rock (M. López S.), 7. No quiten el disco (M. E. de Esesarte), 8. Niña punk (E. E. Vázquez - N. Martínez)",Otros créditos en contraportada.
1216,Niños,"Primer festival de la canción inédita infantil de Culiacán, Sinaloa","Liliana, Grupo Sonrisas, Grupo Furia Junior, Grupo Iris, Grupo Amistad, Jesús Manuel Osorio, Grupo Espacial, Grupo Suszuky, Jesús Rivera, Ludy y Gaby, Martha Beatriz Sánchez",,"Grupo La Raza: Víctor (bj), Roberto (tc), Samuel (gt), Armando (bt)",LP,Polydor,LPR 16454,"Culiacán, Sinaloa",México,1983,"Lado A: 1. Vuela golondrina (Cecy), 2. Cantando nos conocemos (A. Garay A.), 3. Furia junior (Gómez / Almara / Embilia / Felix / Almaral / Cuevas), 4. Amigos de verdad (Yoli / Lupita / Gaby / Lauris / Claudia), 5. Eres un artista (J. Amado), 6. La juventud (Lunas / Salas / Sotelo / Salas); Lado B: 1. Tombochi (Ch. Ramírez), 2. Espacial (Beltrán / Vega / Beltrán / Beltrán), 3. Disco rock (Cárdenas / Lizárraga / Padilla / Palazuelos), 4. Dos luceros (Luzy), 5. Gaviota como tú (G. López R.), 6. Canta pajarillo (M. B. Sánchez B.)",Otros créditos en contraportada.
1217,16 Super canciones infantiles 16,Con los ganadores de Juguemos a cantar,"Lorenzo Antonio y su grupo, Ivette y Monique, Lucerito, Juanito Farías, Katy, Byanka y Maleza, Lolita Cortés, Grupo Ábaco",,,LP,MUSART,EDTV 001,,México,1982,"Lado A: 1. Cómo me gustas (L. Antonio), 2. A manejar (F. Curiel), 3. Viernes (S. Andrade), 4. Amor de escuela (O. Alfaro), 5. Besitos de chocolate (R. Flores C.), 6. Chiquitito, chiquitín (F. Curiel), 7. Abejita (J. C. Abara), 8. La banda de mi escuela (M. E. de Esesarte - A. E. Reyes); Lado B: 1. Tema de Ábaco (M. E. de Esesarte - A. E. Reyes), 2. Hola amigos del espacio (S. Andrade), 3. Para cantarle a un niño (J. C. Abara), 4. ¿Qué es el amor? (J. C. Abara), 5. Mis ojitos (M. E. Castro M. Matys), 6. Fiebre del rock (O. Alfaro), 7. Trenecito (J. C. Abara), 8. Don Diddly (L. Antonio)",
1218,48 Éxitos juveniles 48,Vamos a cantar,"Kristian, Chuchito, Los amigos de Kitty, Lupita D´Alessio, Karlamaría, Los Amigos de Cornelio, La pandilla Rosa, Sandra y Mónica, Colorín Colorado, La Alegre Pandilla, Pulgas, Cepillín, Capulina, Chabelo, Los duendecitos pitukitos, Cynthia, Raulito, La Pe",,,LP,ORFEÓN,JM-353,,México,1983,"LP 1 Lado A: 1. Gallito feliz (D. Vite), 2. Son cinco las vocales (A. Correa), 3. La fiesta de Kitty (Sue - Javier), 4. Mundo de juguete (A. Manzanero), 5. Adiós René (F. Canavati), 6. Reino aventura (Los amigos de Cornelio) (J. Serna - R. Corona), 7. Soy una pantera rosa (P. Ortega - L. Fransen), 8. Mi orquesta (Nazareno); Lado B: 1. El pequeño panda de Chapultepec (L. Gómez Ll. B.), 2. 1+1= A 2 Enamorados (R. Amado - J. Santos), 3. Será porque te amo (D. Pace - E. Ghinazzi - D. Farina - L. G. Escolar), 4. Mis patines (R. Acosta C.), 5. El baile de los pajaritos (W. Thomas - T. Randall), 6. Vamos a cantar (M. Eduardo), 7. El pájaro loco (G. Tibblis - R. Idriss), 8. Quiero un teléfono (Davie - Biye - O. Pino); LP 2 Lado A: 1. La niña de al lado (J. Santos), 2. Mis cinco novios (Canavati -Cook), 3. Canta, canta niño (N. Gurvich), 4. Una fantasía hecha diversión. Himno Reino Aventura (F. Hernández / P. Pérez), 5. Duendecito Pitukito soy (R. Acosta C.), 6. Hello Kitty (Sue - Javier), 7. Miel con camote (Marcial), 8. La vida color de rosa (P. Ortega / L. Fransen); Lado B: 1. Tohui Panda (L. Gómez Ll. B .), 2. Romántica y enamorada (J. Santos / R. Amado), 3. Somos las pulgas (R. Acosta C.), 4. Do-re-mi (Hammerstein / Rodgers), 5. Los pollitos (A. Correa / G. García), 6. Mis días de escuela (M. Eduardo), 7. Mamacita dónde está Santa Claus (Parker / Grenier / Gutiérrez), 8. Dime espejito, dime (J. Nájera / V. Espíndola); LP 3 Lado A: 1. Contigo Xavier (F. Canavati), 2. Tennis, camiseta y jeans (Sue y Javier), 3. Velocidad (K. Aijala / B. Corral / A. Ciochetti), 4. Pitu beso (R. Acosta C.), 5. Nos vemos el sábado (P. Saavedra), 6. M-e-n-u-d-o (F. Canavati), 7. Brinca mi corazón (Sue y Javier), 8. Bienvenido ET (Sue y Javier / R. Acosta C.); Lado B: 1. Directo al corazón (R. Amado / J. Santos), 2. Chiquilladas (Sue y Javier), 3. Abracadabra (S. Miller), 4. Yo te amaré (Salerni / Hurt / Hernández / Cabrera), 5. Quiero ser una señorita (P. Saavedra), 6. Cómo me gustas (L. Antonio), 7. Solo los niños (M. Marroquí), 8. Déjame crecer mamá (D. de Kalafe)","Álbum de tres discos. El contenido del Disco 1 es igual al del fonograma con clave 1213. Este primer disco está roto, le falta una pequeña parte de la orilla."
1219,Timbiriche,,Timbiriche,,,LP,MELODY INTERNACIONAL,MI 8128,,México,[1982],"Lado A: 1. Somos amigos (E. Vonn / M. Méndez G.), 2. Y la fiesta comenzó (A. Fidel / M. Méndez G.), 3. Amor para ti (P. Damián / M. Méndez G.), 4. El gato rocanrolero (M. Méndez G.), 5. Medley de Cri-Cri (F. Gabilondo S.); Lado B: 1. Timbiriche (P. Damián / M. Méndez G.), 2. Fin de semana (A. Rubín / M. Méndez G.), 3. Un día en el campo (P. Damián / M. Méndez G.), 4. Hoy tengo que decirte papá (P. Damián / M. Méndez G.), 5. El pregonero (A. Dávila / M. Méndez G.)","Producción, arreglos y dirección: Memo Méndez Guiu."
1220,La banda Timbiriche en concierto,,Timbiriche,,,LP,MELODY INTERNACIONAL,MITV 021,,México,1983,"Lado A: 1. Presentación de la banda Timbiriche, 2. Popurrí Timbiriche, 3. Noches de verano (Summer nigths) (J. Jacobs - Casey / Trad. J. I. de Llano), 4. Problema (Trouble) (L. Buckingham / Trad. L. de Llano), 5. Baile del sapo (Time warp) (R. O´Brien / Trad. J. I. de Llano), 6. Sueño con volver a verte (T. Rice - Ll. O. Weber / Trad.J. I. de Llano); Lado B: 1. Payasos (One step) (D. A. R. / Trad. S. Pasquel), 2. Micky (Mickey) (N. Chinn - M. Chapman / Trad. R. Valdéz), 3. Popurrí Grandes años del rock, 4. Imagina (Imagine) (J. Lennon / Trad. P. Damián), 5. Popurrí banda Timbiriche","La pista 2 del Lado A, ""Popurrí Timbiriche"" incluye: ""Y la fiesta comenzó"" (A. Fidel / G. Méndez Guiu); ""Somos amigos"" (E. Vonn / G. Méndez Guiu); ""Amor para ti"" (P. Damián / G. Méndez Guiu); ""El gato rocanrolero"" (G. Méndez Guiu); ""Medley de Cri-Cri: El ropero, Dí por qué, Los tres cochinitos"" (F. Gabilondo S.); ""Un día en el campo"" (P. Damián / G. Méndez Guiu); ""El pregonero"" (A. Dávila / G. Méndez Guiu); ""Hoy tengo que decirte papá"" (P. Damián / G. Méndez Guiu); ""Timbiriche"" (P. Damián / G. Méndez Guiu).
La pista 3 del Lado B, ""Popurrí Grandes años del rock"" incluye: "" Confidente de secundaria (High School confidations)"" (Lewis - Hargrave); ""Chica alborotada (Tallahassee Lasie)"" (Frank S, Lay - Bob Crene - Viscariello / Trad. J. Glez); ""Lucila (Lucille)"" (R. Penniman / A. Collins); ""Rock del angelito"" (J. Roger - F. Domínguez); ""Popotitos (Boney Mordney)"" (L. Williams); ""Pólvora (Dinamite)"" (R. Charles - C. González).
La pista 5 del Lado B incluye: ""Chispita"" G. Méndez Guiu / A. Dávila; ""Ojos de miel"" G. Méndez Guiu / A, Rubín; ""Por tu amor"" G. Méndez Guiu / A. Dávila; ""Solo tu, solo yo"" Feliciati - Foschini - Ceroni - Bosé; ""México"" Feliciati - Foschini - Ceroni - Bosé; ""La vida es mejor cantando"" G. Méndez Guiu / Pedro Damian; ""Rocococococanrol"" G. Méndez Guiu / Pedro Damian; ""La Banda Timbiriche"" Feliciati - Foschini - ceroni - Bosé."
1221,Año internacional del niño. Canciones infantiles de Navidad,,"Las voces blancas, Norman Luboff y sus coros, Pina Álvarez y sus coros, Los cantantes de Ray Conniff, Coro de la Trinidad de Saltillo, Coral Columbia, Carmen Jara",,,LP,CBS,TC-0488,,México,1979,"Lado A: 1. Arre borriquito, 2. A la nanita nana, 3. Duerme no llores, 4. Rudolph, el reno de la nariz roja, 5. La virgen bajó a lavar, 6. Potpourrí navideño; Lado B: 1. Fum fum fum, 2. Papá Noel, 3. La virgen es panadera, 4. Nana de María, 5. Alegre San Nicolás, 6. El niño del tambor, 7. Arbolito",En portada y contraportada aparece el logo de la compañía hulera Good Year. Productos especiales CBS Edición limitada.
1222,Espíritu navideño,,[Rosa Mary y José Guardiola],,,LP,,LPVC 01,,[México],s/d,"Lado A: 1. Las ardillitas en Navidad, 2. El burrito de Belén, 3. Huesito de chabacano, 4. La balada del vagabundo, 5. Paseo en trineo, 6. Pequeño; Lado B: 1. Invierno triste, 2. El niño del tambor, 3. Un cuento, 4. Los dientes de Pánfilo, 5. Poema de Año Nuevo, 6. Feliz Navidad",
1223,Un niño es... Un canto de esperanza Vol. 2,,Silvia Tapia Alcazar (vz),,Guadalupe Segura Vda. De Rivas Torres (pn),LP,IMSS-Congreso del Trabajo,s/d,,México,1978,"Lado A: Aseo 1. Me lavo la carita (R. Fridman), 2. Baño de regadera (Lizárraga - Zapata), 3. Los niñitos limpiecitos (R. Roldán de A.). Saludo 4. Buenos días señorita (J. P. de Montalvo), 5. Buenas tardes (M. García A.), 6. Muy buenos días amigo (D. R. A.). Ruedas 7. Formemos la rueda (C. Calderón), 8. La rueda de chicos (E. N. G. de Calvo), 9. Una rueda (D. R. A.), 10. A la rueda (Música alemana), 11. Formaremos una ronda (A. Villarreal). Noción temporal, 12. Noche tranquila (D. R. A.), 13. Arriba Juan (D. R. A.), 14. A dormir (E. N. G. de Calvo); Lado B: Cantos Recreativos 1. Pío pío (R. Fridman), 2. Este gusanito (L. Alba L.), 3. La muñequita (Zapata - Padilla), 4. Palomitas (E. G. de Nyssen,), 5. ¡Oh qué bello es! (D. R. A.), 6. La villañela (Tradicional española), 7. A jugar (E. G. de Nyssen,), 8. Gotita de agua (E. Latour - E. Osorio), 9. Sapito travieso (R. R. de Alvarado), 10. Las gotitas (R. R. de Alvarado), 11. La viborita (D. R. A.), 12. El bolerito (D. R. A.), 13. Arrullo (Zapata y Peláez), 14. Con mi martillo (D. R. A.), 15. Desfile de 
instrumentos (Tradicional española), 16. El reloj (R. R. de Alvarado), 17. Zapatero remendón (Zapata - música alemana)","Producción: Francine Sarrapy Fabre. En contraportada aparece la leyenda: ""Guarderías para hijos de madres aseguradas"" y el logo del IMSS y del Congreso del Trabajo. Las pistas están agrupadas en los siguientes temas: Aseo, Saludo, Ruedas, Noción temporal y Cantos recreativos."
1224,Un niño es... Un canto de esperanza Vol. 1,,Silvia Tapia Alcazar (vz),,Guadalupe Segura Vda. De Rivas Torres (pn),LP,IMSS-Congreso del Trabajo,s/d,,México,1978,"Lado A: 1. Esquema Corporal - Tengo... tengo (E. N. G. de Calvo), 2. Esquema Corporal - Lo que tengo (A. Galera), 3. Esquema Corporal - Esta es mi cabeza (E. N. G. de Calvo), 4. Esquema Corporal - Con mis dos manitas (R. Fridman), 5. Esquema Corporal - ¿Cómo camina Cuca? (D. R. A.), 6. Esquema Corporal A jugar (E. G. de Nyssen), 7. Esquema Corporal No es un botoncito (E. S. de Schneider), 8. Esquema Corporal - Tiene mi manita (E. S. de Schneider), 9. Esquema  - Frío (R. Zapata - M. M. Ponce), 10. Esquema Corporal  Yo soy gigante (E. G. de Nyssen), 11. Esquema - De cojito (Tradicional mexicana), 12. Esquema Corporal - Así bailan los gitanos (D. R. A.), 13. Esquema Corporal - Canción para los primeros pasos (E. S. de Schneider), 14. Esquema Corporal Mi piquito (E. N. G. de Calvo); Lado B: 15. Ubicación Espacial - Voy hacia arriba (E. N. G. de Calvo), 16. Ubicación Espacial - Lugarcito (E. N. G. de Calvo), 17. Ubicación Espacial - Me gusta (E. N. G. de Calvo), 18. Ubicación Espacial - Cinco ratoncitos (D. R. A.), 19. Ubicación Espacial- Caminando (D. R. A.), 20. Ubicación Espacial- La escalerita (E. S. de Schneider), 21. Ubicación Espacial - Tambores (D. R. A.), 22. Marchas - Marcha de entrada (G. Colima), 23. Marchas- Entremos al salón (R. Roldán de A.), 24. Marchas - Zacatecas (M. García A.)","En contraportada aparece la leyenda: ""Guarderías para hijos de madres aseguradas"" y el logo del IMSS y del Congreso del Trabajo.
Las pistas están agrupadas en los siguientes temas: Esquema corporal, Ubicación espacial y Marchas."
1225,Amor es el mejor regalo,,Grillos,,,LP,MELODY,SS/6031,,México,1983,Lado A: 1. Amor es el mejor regalo (A. Rubín); Lado B: 1. Amor es el mejor regalo (Pista musical) (A. Rubín),
1226,Cantos y juegos para el Jardín de niños,,Celia Garduño Díaz Chávez,,,LP,CORITO,CI-120,,México,1970,"Lado 1: 1. Muy buenos días (L. M. Serradell - C. Calderón), 2. La gotita de agua (E. Latour - E. R. Osorio), 3. Los animalitos (C. Ramos), 4. Ayer me fui al campo (L. M. Serradell - C. Calderón), 5. Los pollitos (R. Zapata), 6. Los patitos (R. Zapata - Música popular), 7. Ama de casa (R. Zapata - P. Peláez), 8. Arrullo (R. Zapata - P. Peláez), 9. Baño de regadera (R. Zapata - Ma. de los A. Lizárraga); Lado 2: 1. La amapolita (R. Zapata - A. G. de Meza), 2. Los inditos (R. Zapata), 3. Temprano (R. Zapata), 4. A Froebel (L. M. Serradell - C. Calderón), 5. Himno a la madre (R. Zapata - M. M. Ponce), 6. Dulce hogar (H. Gonzatti), 7. Todo es ronda (G. Mistral - A. R. de F. González), 8. Dame la mano (G. Mistral - A. R. de F. González), 9. Bella ronda (R. Zapata - A. Esparza O.)",Incluye un cuadernillo con las letras de las canciones.
1227,Juegos y rondas infantiles,,Coros de Luz Bermejo,,,LP,MELODY,MEL 21,,México,s/d,"Lado A: 1. A la víbora de la mar, 2. La pájara pinta, 3. El agua clara, 4. Hilitos, hilitos de oro, 5. Los maderos de San Juan, 6. Al ánimo; Lado B: 1. Juan Pirulero, 2. Los monos en el carrusel, 3. Cuánto me das marinero, 4. El pollito conquistador, 5. El patio de mi casa, 6. El conejo, 7. Brinca la tablita","La pista 6  Lado A  aparece registrada en el fonograma de la siguiente manera: Alanimo. Se utilizó un título o nombre ""normalizado"" en el campo correspondiente a fin de hacer más claro la aparición de nombres propios y/o títulos en los índices."
1228,Temas infantiles,,Grupo Chiquilines,,,LP,SONOMEX,LPSM-688,,México,1982,"Lado A: 1. Súbete a mi moto (E. Díaz - Carlos Villa), 2. Quiero ser (E. Díaz . P. L. Soto), 3. Veo, veo (E. Rodrigo), 4. Mi amigo Félix (F. Dondiego - A. Araujo), 5. Vaya mentira (E. Aragón B. - E. Aragón A.); Lado B: 1. 1+1= A 2 Enamorados (R. Amado - J. Santos), 2. Rock en la T. V. (E. Díaz - C. Villa), 3. Si vas a París papá (L. Oropesa), 4. La canción de Parchis (P. Moraleda), 5. Lo que me gusta (Juan Gabriel)",
1229,Rondas infantiles Vol. 2,,Rondalla Chapultepec,,"Paloma Rodríguez (ad), Pablo Lezama (ad), Josefina Galindo (ad), Rosita González (pd), Guillermina Vázquez (pd), Lili Rodríguez (pd), Juan González (mn), José Luis Rodríguez (mn), Lilia Lezama (gt), Seberiano Galindo (gt), Elizabeth Manny (gt), José Yáñez",LP,Discos Chapultepec,CHE-10011,,México,1979,"Lado 1: 1. Los días de la semana, 2. Martinillo, 3. Doña Blanca, 4. El juego del calentamiento, 5. A la rorro niño; Lado 2: 1. Mambrú, 2. Las notas, 3. Hilitos, hilitos de oro, 4. Sapito, sapito, 5. Arroz con leche",
1230,Canciones infantiles,,Verónica y su coro infantil,,,LP,Discos LM,LM-537,,México,s/d,"Lado A: 1. Introducción, 2. Naranja dulce, 3. Polichinela, 4. La marcha de las letras ([F. Gabilondo S.]), 5. Amapolas y patitos; Lado B: 1. Arrepote, arrepote, 2. Cata pum chin chin, 3. La pájara pinta, 4. Arroz con leche, 5. Los días de la semana, 6. Amó, ató","La pista 6 Lado B aparece registrada en el fonograma de la siguiente manera: Amo ato. Se utilizó un título o nombre ""normalizado"" en el campo correspondiente a fin de hacer más claro la aparición de nombres propios y/o títulos en los índices."
1231,Juega cantando con las rondas de Carmelita Molina,,Carmelita Molina,,Cecilia Abrego y Ernesto Abrego,LP,KOKIN,KO-515,,México,s/d,"Lado A: 1. Buenos días amiguitos (C. Molina), 2. Chipi chipi (C. Molina), 3. La vaquita (C. Molina), 4. Las pinturas (C. Molina), 5. Gigantes y enanos (C. Molina), 6. La ronda de los oficios (C. Molina); Lado B: 1. La ronda de los ritmos (C. Molina), 2. El burrito fortachón (C. Molina), 3. Tic, tac, tic, toc (C. Molina), 4. Los cinco sentidos (C. Molina), 5. La pelota (C. Molina), 6. Los enanitos (C. Molina)",Tiene el mismo contenido que el fonograma 723.
1233,Juegos y rondas infantiles,Las voces de Kinder Garden,s/d,,,LP,Son-Art,D-56,,México,s/d,"Lado A: 1. A la rueda rueda (D. P.), 2. El puente de Avignon (D. P.), 3. Vengan a ver mi granja (D. P.), 4. La bola (D. P.), 5. Se me ha perdido una niña (D. P.), 6. Qué lindas son las aves (D. P.), 7. Bendito sea mi dulce hogar (D. P.), 8. Todas las mañanas (D. P.), 9. Yo no soy buena moza (D. P.), 10. El verde limón (D. P.); Lado B: 1. El juego de Juan Pirulero (D. P.), 2. Arroz con leche (D. P.), 3. Tengo una muñeca vestida de azul (D. P.), 4. San Selenin (D. P.), 5. Voy a abrir las puertas (D. P.), 6. La mar estaba serena (D. P.), 7. Hilos de oro, hilos de plata (D. P.), 8. Ya viene la niña (D. P.), 9. San Juan bailón (D. P.), 10. Las mañanitas del Rey David (D. P.)",Así aparece en la contraportada: 10. Amapolita morada (Las mañanitas) (D. P.)
1234,Para ti,Estancia infantil,Mariachi monumental Guardia Nacional,,,LP,ORFEÓN,s/d,,México,1979,"Lado A: 1. El niño (T. Flores), 2. El caracol (C. Avilés M.), 3. La tragedia (T. Flores), 4. Consejos (T. Flores), 5. Doy gracias (T. Flores); Lado B: 1. En la montaña (T. Flores), 2. La conquista (T. Flores - M. Molina M.), 3. Mitad tú, mitad yo (A. Cisneros - M. Molina M.), 4. Que fue de nuestro amor (T. Flores - M. Molina M.), 5. Canto a la virgen morena (M. Contreras - M. Molina M.)",Fonograma editado en celebración del Año Internacional del Niño. En la contraportada aparecen notas describiendo las características y beneficios de la Estancia Infantil para los hijos de elementos de Policía y Tránsito del D.F.
1235,Cantemos y bailemos I,Ritmos y rondas,Luz María Jiménez Gregg,,,LP,AS Discos,LP-0001,,México,1987,"Lado A: 1. Entremos al salón (M. García A.), 2. Ritmo holandés (R. R. de Alvarado), 3. Ritmo No. 1 (M. García A.), 4. Jugando en el campo (C. Calderón), 5. La bella ronda (R. Zapata / A. Esparza O.), 6. Ritmo tirolés (R. Rodgers), 7. Ritmo ruso (M. Michaus), 8. Siseando (C. Calderón), 9. Polka (M. García A.); Lado B: 1. Ritmo alemán (W. Ganz), 2. Todo es ronda (G. Mistral - A. Revueltas), 3. Dame la mano (G. Mistral - A. Revueltas), 4. Sentados en el piso (C. Calderón), 5. El bolonchón (Folklore nacional), 6. Ritmo para cuerdas (F. Burgumuller), 7. Sones veracruzanos (Folklore nacional), 8. Ronda (R. R. de Alvarado)",
1236,El burrito,Cantos y juegos para el Jardín de niños,Celia Garduño Díaz Chávez,,,LP,Discos Jardín,JLP-2007,,México,s/d,"Lado A: 1. Ritmo...rueda ruedita (C. Calderón), 2. Ritmo...molinito, 3. Rondas de niños
¿En dónde tejemos la ronda? (G. Mistral - J. L. Morales), 4. Zapatero remendón (R. Zapata), 5. La vaca (R. Zapata - M. M. Ponce), 6. Haciendo mantequilla (R. Zapata - M. M. Ponce), 7. El sapo (M. Oropeza - P. G. Padilla), 8. Himno a Hidalgo (M. Michaus), 9. El arroyito (C. González G. - P. G. Padilla), 10. El reloj (R. Zapata - P. Peláez), 11. Panadero (D. Zepeda G. - P. G. Padilla), 12. Las ranitas (C. González G. - P. G. Padilla); Lado B: 1. La maquinita, 2. El burrito (R. Zapata - P. G. Padilla), 3. Enero (L. M. Serradell - C. Calderón), 4. Febrero (L. M. Serradell - C. Calderón C.), 5. Otoño (L. M. Serradell - C. Calderón), 6. Octubre (L. M. Serradell - C. Calderón C.), 7. Invierno (L. M. Serradell - C. Calderón), 8. Diciembre (L. M. Serradell - C. Calderón), 9. Rondas tradicionales infantiles a) Milano b) Amadrus señores c) Campanitas",El fonograma incluye un librito con letras de todas las canciones.
1237,"Canta, canta niño Vol. III",16 Éxitos infantiles 16,"Kristian, Karlamaría, Sandra y Mónica, Amigos de Cornelio, Los Duendecitos Pitukitos, Los amigos de Kitty, Colorín Colorado, La Pandilla Rosa, Cynthia, Raulito, Pulgas, Lupita D´Alessio, Cepillín, Chuchito, Chabelo, La Peggy",,,LP,ORFEÓN,LP-20-TV-003,,México,1982,"Lado A: 1. La niña de al lado (J. Santos), 2. Mis cinco novios (Cook - Canavati), 3. Canta, canta niño (N. Gurvich), 4. Una fantasía hecha diversión (Himno Reino Aventura) (F. Hernández - P. Pérez), 5. Duendecito Pitukito soy (R. Acosta), 6. Hello Kitty (Sue y Javier), 7. Miel con camote (Marcia), 8. La vida color de rosa (P. Ortega - L. Fransen); Lado B: 1. Tohui Panda (L. Gómez Ll. B.), 2. Romántica y enamorada (J. Santos - R. Amado), 3. Somos las pulgas (R. Acosta), 4. Do re mi (Hammerstein - Rodgers), 5. Los pollitos (A.Correa), 6. Mis días de escuela (M. Eduardo), 7. Mamacita, dónde está Santa Claus (Parker - Grenier - Gutiérrez), 8. Dime espejito, dime (J. Nájera - V. Espíndola)",Incluye la letra de las canciones en hoja suelta.
1238,Escuela Alexander Bain,,Maestros y alumnos de la Escuela Alexander Bain,,,LP,POLYGRAM,LPE 38042,,México,1981,"Lado A: 1. La música (A. Hetch), 2. La familia (P. Yamaha), 3. Los números (G. Rincón - V. Rincón), 4. La primavera (A. Lozano), 5. Dance (G. García), 6. Niñas bonitas (A. Durán), 7. Los bomberos (S. Horrasti), 8. La semilla (P. M. de Morales), 9. La gaviota (J. C. Calderón), 10. La farola (D. P.), 11. Los pastores a Belén (D. P.), 12. Sueño imposible (Leigh / Taylor); Lado B: 1. Himno Alexander Bain (Alumnos del Bachillerato), 2. Chant (G. García), 3. El león (A. Kavieus), 4. Doña araña (A. Goldberg), 5. Gusanito medidor (G. Rincón - V. Rincón), 6. Banda Cumberland Square (Música popular alemana), 7. Tomorrow, 8. Soy tu hijo (L. Sawyer), 9. La orquesta (A. Goldberg), 10. Seis lindos patos (S. Horrasti), 11. Morning has broken (C. Stevens), 12. Juan a un charco se cayó (K. Orff - A. Hetch), 13. El golpe (S. Joplin), 14. Flauta de pan (J. C. Borelly), 15. Caracolito (D. P.)",Una producción independiente especial de Polygram Discos para la Escuela Alexander Bain.
1239,15 Éxitos Juegos infantiles,,"Evangelina Elizondo, Yolanda del Campo y Conjunto de Carlos Oropeza",,,LP,ACCIÓN,ACP-128,,México,s/d,"Lado A: 1. Patito, patito, 2. Cantando contamos, 3. Aserrín, aserrán, 4. Acitrón, 5. Así palmadas damos, 6. A la rueda jugaremos, 7. Juan Pirulero, 8. Doña Blanca; Lado B: 1. Matariliriliron, 2. El patio de mi casa, 3. Tengo una muñeca, 4. Naranja dulce, 5. A la rorro niño, 6. A la víbora de la mar, 7. San Serafín","Esta edición incluye un juego. El ejemplar con que se cuenta está incompleto, ya que no se conservaron las fichas  e instrucciones para jugarlo, anunciadas en la portada. En la contraportada aparece impreso un tablero para jugar ""Juguemos a la oca""."
1240,Juegos infantiles,,Evangelina Elizondo y su conjunto,,,LP,ACCIÓN,ACP-102,,México,s/d,"Lado A: 1. El músico (D. P.), 2. La pelota (D. P.), 3. Los dedos (D. P.), 4. Patito patito (D. P.), 5. Las adivinanzas (D. P.), 6. Contando cantamos (D. P.), 7. Aserrín aserrán (D. P.); Lado B: 1. Acitrón (D. P.), 2. Así palmadas damos (D. P.), 3. La máquina (D. P.), 4. A la rueda jugaremos (D. P.), 5. Las horas (D. P.), 6. Mambrú se fue a la guerra (D. P.), 7. Juan Pirulero (D. P.)",Incluye el Juego de la Oca en la contraportada y un volante con las instrucciones para jugar en el interior del disco.
1241,Juegos infantiles,,Evangelina Elizondo y su conjunto,,,LP,ACCIÓN,ACP-102,,México,1963,"Lado A: 1. El músico (D. P.), 2. La pelota (D. P.), 3. Los dedos (D. P.), 4. Patito patito (D. P.), 5. Las adivinanzas (D. P.), 6. Contando cantamos (D. P.), 7. Aserrín aserrán (D. P.); Lado B: 1. Acitrón (D. P.), 2. Así palmadas damos (D. P.), 3. La máquina (D. P.), 4. A la rueda jugaremos (D. P.), 5. Las horas (D. P.), 6. Mambrú se fue a la guerra (D. P.), 7. Juan Pirulero (D. P.)","Incluye en la contraportada el juego ""Pon la cola al burro"". Tiene el mismo contenido que el fonograma 1240."
1242,Canciones y juegos infantiles Vol. 1,,"Martita Guerrero, Gloria Montiel, Conjunto musical ""El Pupi""",,,LP,FM,FM-164,,México,s/d,"Lado A: 1. Juan Pirulero, 2. Los dedos, 3. La pelota, 4. Así palmadas damos, 5. Acitrón; Lado B: 1. Mata-rili-rili-ron, 2. Doña Blanca, 3. Patito patito, 4. Adivinanzas, 5. En el agua clara",
1243,Juegos infantiles,,Evangelina Elizondo y su conjunto,,,LP,ACCIÓN,ACP-102,,México,1965,"Lado A: 1. El músico (D. P.), 2. La pelota (D. P.), 3. Los dedos (D. P.), 4. Patito patito (D. P.), 5. Las adivinanzas (D. P.), 6. Contando cantamos (D. P.), 7. Aserrín aserrán (D. P.); Lado B: 1. Acitrón (D. P.), 2. Así palmadas damos (D. P.), 3. La maquinita (D. P.), 4. A la rueda jugaremos (D. P.), 5. Las horas (D. P.), 6. Mambrú se fue a la guerra (D. P.), 7. Juan Pirulero (D. P.)",Tiene el mismo contenido que los fonogramas 1240 y 1241.
1244,Canciones infantiles,Vol. 2,La rondallita infantil,,"Juan Trinidad, Rosa Trinidad, Cederino Elechiguerra, Josefina Elechiguerra, Sonia Cabrera, Ivonne Suárez, Mauricio Pérez, Salvador Pérez, Gillermina Pérez, Irma García, Carlos García, Raúl Carranza, Carmela Real, Margarita Ortigosa, Arcadio Vargas",LP,CISNE,CI-2049,,México,1977,"Lado A: 1. Martinillo, 2. El pescadito, 3. Las notas, 4. Arroz con leche, 5. Juan Pirulero, 6. La rueda de San Miguel, 7. Pares y nones; Lado B: 1. Doña Blanca, 2. Los perritos, 3. Pin pon, 4. El barquito, 5. Al lobo, 6. El juego del calentamiento, 7. A la rorro niño",Otros créditos en contraportada.
1245,Canciones infantiles,,Tere de Quintanilla,,,LP,Discos LM,LM-535,,México,s/d,"Lado A: 1. Tadeo Pulgón (T. de Quintanilla), 2. Cangregito can can (T. de Quintanilla), 3. Ronda de verano (T. de Quintanilla), 4. El circo (T. de Quintanilla), 5. El reloj (T. de Quintanilla); Lado B: 1. El gato Tenorio (T. de Quintanilla), 2. El burrito andariego (T. de Quintanilla), 3. Canción de Haloween (T. de Quintanilla), 4. El globito pintado de azul (T. de Quintanilla), 5. Chapitas (T. de Quintanilla)",
1248,Canciones infantiles,Chav´s y sus coros Vol. 2,Chav´s y sus coros,,,LP,KOKIN,KO-513,,México,s/d,"Lado A: 1. Historia del astrodito (A. Tapia - A. Peña), 2. El reloj (T. de Quintanilla), 3. Cangrejito Can Can (T. de Quintanilla), 4. Canción de Halloween (T. de Quintanilla), 5. Ronda de verano (T. de Quintanilla); Lado B: 1. Astrodito, astrodito (A. Tapia - A. Peña), 2. El barco chiquito (D. P.), 3. Aserrín aserrán (D. P.), 4. Juan Pirulero (D. P.), 5. De la una a las dos (D. P.)",Tiene el mismo contenido que el fonograma 428.
1249,Canciones para niños de hoy,,s/d,,,LP,Karussell - Polygram,12131,,México,1979,"Lado 1: 1. La gallina Cocoua (I. Bartoli Wilheim / M. Perales), 2. Bajo la lona del circo (T. de la Huerta . J. L. Navarro), 3. Su canción (F. Moreno), 4. El trenecito (A Gorassini - A. Baroncini - M- Perales), 5. El plátano (T. Gylkison - E. Santos); Lado 2: 1. Érase una vez el hombre (M. Perales - L. Perales / R. Trabucchelli - A Serrano), 2. Jacky (C. de Natale - J. Hidalgo - G. & M. Angelis), 3. Chiquitita (B. Andersson - B. Ulvaeus - B. & M. McCluskey), 4. Baila con el hula-hoop (M. Perales - J. L. Perales - R. Trabucchelli), 5. Pippi Calzaslargas (A. Lindgren - J. Johansson / M. de la Calva - R. Arcusa)",
1250,Canciones y juegos infantiles,,"Evangelina Elizondo y su conjunto (D1), Yolanda del Campo y Conjunto de Carlos Oropeza (D2)",,,LP,ACCIÓN,"ACPD-102, ACP-109",,México,1963,"LP 1 Lado A: 1. El músico (D. P.), 2. La pelota (D. P.), 3. Los dedos (D. P.), 4. Patito patito (D. P.), 5. Las adivinanzas (D. P.), 6. Contando cantamos (D. P.), 7. Aserrín aserrán (D. P.); Lado B: 1. Acitrón (D. P.), 2. Así palmadas damos (D. P.), 3. La máquina (D. P.), 4. A la rueda jugaremos (D. P.), 5. Las horas (D. P.), 6. Mambrú se fue a la guerra (D. P.), 7. Juan Pirulero (D. P.); LP 2 Lado A: 1. Doña Blanca (D. P.), 2. Los perritos (D. P.), 3. Matariliriliron (D. P.), 4. En el agua clara (D. P.), 5. El patio de mi casa (D. P.); Lado B: 1. Tengo una muñeca (D. P.), 2. Naranja dulce (D. P.), 3. A la rorro niño (D. P.), 4. A la víbora de la mar (D. P.), 5. San Serafín (D. P.)","Álbum de dos discos. Disco 1, ""Juegos infantiles"" y Disco 2, ""Canciones infantiles"". Incluye el juego ""Pon la cola al burro"" en la contraportada. El contenido es el mismo que los fonogramas 1159 (los dos primeros discos), 1232, 1251 y 1263."
1251,Canciones y juegos infantiles,,"Evangelina Elizondo y su Conjunto (D1), Yolanda del Campo y Conjunto de Carlos Oropeza (D2)",,,LP,ACCIÓN,"DDJ-102, ACP-102, ACP-109",,México,1976,"LP 1 Lado A: 1. El músico (D. P.), 2. La pelota (D. P.), 3. Los dedos (D. P.), 4. Patito patito (D. P.), 5. Adivinanzas (D. P.), 6. Cantando cantamos (D. P.), 7. Aserrín aserrán (D. P.); Lado B: 1. Acitrón (D. P.), 2. Así palmadas damos (D. P.), 3. La máquina (D. P.), 4. A la rueda jugaremos (D. P.), 5. Las horas (D. P.), 6. Mambrú se fue a la guerra (D. P.), 7. Juan Pirulero (D. P.); LP 2 Lado A: 1. Doña Blanca (D. P.), 2. Los perritos (D. P.), 3. Matariliriliron (D. P.), 4. En el agua clara (D. P.), 5. El patio de mi casa (D. P.); Lado B: 1. Tengo una muñeca (D. P.), 2. Naranja dulce (D. P.), 3. A la rorro niño (D. P.), 4. A la víbora de la mar (D. P.), 5. San Serafín (D. P.)","Álbum de dos discos. Disco 1, ""Juegos infantiles"" y Disco 2, ""Canciones infantiles"". El contenido es el mismo que los fonogramas 1159 (los dos primeros discos), 1232, 1250 y 1263. En el marbete tiene el año de 1976 y en la contraportada aparece el año de 1963. Incluye el juego ""Pon la cola al burro"" en la contraportada."
1252,Rondas infantiles,,Luz Bermejo y su coro de niños,,Orquesta de Pedro Mesías,LP,DCM Discos y Cartuchos de México,DM-143,,México,s/d,"Lado A: 1. Naranja dulce, 2. Los diez perritos, 3. La niña María, 4. El ferroviario, 5. Matarilerileron, 6. El pájaro verde; Lado B: 1. Doña Blanca, 2. La viudita, 3. Mambrú, 4. Do re mi, 5. Alicia va en el coche",Arreglos y dirección musical: Pedro Mesías.
1253,15 Éxitos super infantiles,,,,,LP,Super Hit,SD 1504,,México,1982,"Lado A: 1. Baile de los pajaritos (T. Rendall L. / W. Thomas C.), 2. Mimoso Ratón (S. Roche / J. García E.), 3. El Chapulín Colorado (R. Gómez B.), 4. La canción de Parchis (P. Moraleda), 5. Burbujas (S. Roche / J. García E.), 6. ¡Hola amigos! (R. Pérez B.), 7. Si los niños gobernaran el mundo (Kreimermann / A. Luis / Sequeti / Antón); Lado B: 1. El burrito de Belem (H. Blanco), 2. Pecos Bill (Lance / Elliot / Daniel / E. Santos), 3. Pinocho (J. Camilloni / R. Farías C.), 4. Heidi (E. Kashira / T. Watanabe), 5. Polito, Polito (J. C. Abara), 6. Un día con mamá (M. Morales), 7. Fuego (L. E. Colón), 8. Osito panda de Chapultepec (L. Gómez / Llanos B.)","En portada aparece como título ""Super infantilisimo 15 éxitos""."
1254,Cuentos infantiles del Tío Pedrito,,,,,LP,Discos FONY,FY-149,,México,s/d,"Lado A: 1. Travieso (Tío Pedrito), 2. Como juegan los niños (Tío Pedrito), 3. Levántate temprano (Tío Pedrito), 4. A quién debes imitar (Tío Pedrito), 5. No pierdas el tiempo (Tío Pedrito), 6. Regreso a la escuela (Tío Pedrito); Lado B: 1. El primer día de clases (Tío Pedrito), 2. Sé buen compañero (Tío Pedrito), 3. Vamos a hacer la tarea (Tío Pedrito), 4. Las vacaciones (Tío Pedrito), 5. No juegues en la calle (Tío Pedrito), 6. No seas mentiroso (Tío Pedrito), 7. Lávate las manos (Tío Pedrito), 8. Cepíllate los dientes (Tío Pedrito)","En la portada aparece como título ""Canciones infantiles""."
1255,Cantos y juegos para Jardines de niños,,Esther de Manjarrez,,,LP,Columbia,IN 102,,México,s/d,"Lado 1: 1. Traviesos conejitos (E. Zavaleta de M. - L. A. Loria P.), 2. Saludo (L. M. Serradell - C. Calderón), 3. Ardillita (L. M. Serradell - C. Calderón); Lado 2: 1. Duerme (L. M. Serradell), 2. Los pollitos (R. Zapata - P. Peláez), 3. Amapolitas (L. M. Serradell - C. Calderón)",En contraportada figuran las letras de las canciones.
1256,Canciones infantiles,,Chav´s y sus coros,,,LP,CLADRIJO,CAJR-7735,,México,s/d,"Lado A: 1. Mambrú (D. P.), 2. En el agua clara (D. P.), 3. Las vocales (D. P.), 4. Los diez perritos (D. P.), 5. Los pollitos (D. P.); Lado B: 1. Duérmete mi niño (D. P.), 2. Cuánto me das marinero (D. P.), 3. Los elefantes (D. P.), 4. La rana (D. P.), 5. La pájara pinta (D. P.)",Tiene el mismo contenido que el fonograma 1661.
1257,"Coral infantil ""La corchea""",,,,,LP,Ariola,ML-5010,,México,1977,"Lado A: 1. La tarara, 2. Quisiera ser tan alta, 3. Vamos a contar mentiras, 4. Antón Pirulero, 5. El patio de mi casa, 6. El cocherito, 7. La viudita del Conde Laurel; Lado B: 1. Que llueva, que llueva, 2. Tengo una muñeca, 3. Mambrú se fue a la guerra, 4. ¿Dónde vas Alfonso XII?, 5. La flauta de Bartolo, 6. Dónde están las llaves, 7. Una tarde fresquita de mayo",Es posible que el fonograma se haya producido en España y se haya hecho esta versión para México.
1258,Canciones infantiles,,Yolanda del Campo y Conjunto de Carlos Oropeza,,,LP,CORITO INFANTIL,CI-109,,México,s/d,"Lado A: 1. Doña Blanca (D. P.), 2. Los perritos (D. P.), 3. Matariliriliron (D. P.), 4. En el agua clara (D. P.), 5. El patio de mi casa (D. P.); Lado B: 1. Tengo una muñeca (D. P.), 2. Naranja dulce (D. P.), 3. A la rorro niño (D. P.), 4. A la víbora de la mar (D. P.), 5. San Serafín (D. P.)",
1259,Rondas infantiles,,Luz Bermejo y su coro de niños,,,LP,Discóbolo,DB-30027,,México,s/d,"Lado A: 1. Naranja dulce, 2. Los diez perritos, 3. La niña María, 4. El ferroviario, 5. Matarile rile ron, 6. El pájaro verde; Lado B: 1. Doña Blanca, 2. La viudita, 3. Mambrú, 4. Do re mi, 5. Alicia va en el coche","Arreglos de José Perea y Enrique Méndez, excepto El ferroviario (Guillermo Bermejo) y Do re mi (D. A. R.)."
1260,El patio de mi casa,Segundo volumen de juegos infantiles,"Compañía infantil de Televicentro de Armando Torres, Carmelita Molina, Yolanda del Campo, Chabelo, Hugo Avendaño, María Medina, Marco Antonio Muñiz, El duende Bubulín, Angélica Vale",,Orquesta de Juan S. Garrido,LP,RCA,MKL-1446,,México,s/d,"Lado 1: 1. El patio de mi casa, 2. Cuánto me das marinero - El sapito, 3. El acitrón, 4. Los monos en el volantín, 5. Hilitos, hilitos de oro, 6. Los diez perritos; Lado 2: 1. Matarile rile ron, 2. El conejo, 3. A Madrú, señores - La rueda de San Miguel, 4. La viudita, 5. De México ha venido, 6. Mambrú",En contraportada aparece la descripción de los juegos que corresponden a cada canción.
1262,Juegos y rondas infantiles,,Luz Bermejo y su coro de niños,,,LP,MELODY,ESM-006,,México,1978,"Lado A: 1. La pájara pinta, 2. El agua clara, 3. Al ánimo, 4. Los monos del carrousell, 5. Cuánto me das marinero (D. P.), 6. El pollito conquistador (G. Bermejo), 7. El conejo; Lado B: 1. Naranja dulce, 2. La niña María, 3. El ferroviario (G. Bermejo), 4. Mambrú, 5. Do re mi (D. P.), 6. Alicia va en coche",
1263,Juegos infantiles,,"Yolanda del Campo y el Conjunto de Pepe Agüeros, Evangelina Elizondo",,,LP,ACCIÓN,"ACPD-5, ACP102, ACP-109",,México,1976,"LP 1 Lado A: 1. El músico (D. P.), 2. La pelota (D. P.), 3. Los dedos (D. P.), 4. Patito patito (D. P.), 5. Adivinanzas (D. P.), 6. Cantando cantamos (D. P.), 7. Aserrín aserrán (D. P.); LP 1 Lado B: 1. Acitrón (D. P.), 2. Así palmadas damos (D. P.), 3. La máquina (D. P.), 4. A la rueda jugaremos (D. P.), 5. Las horas (D. P.), 6. Mambrú se fue a la guerra (D. P.), 7. Juan Pirulero (D. P.); LP 2 Lado A: 1. Doña Blanca (D. P.), 2. Los perritos (D. P.), 3. Matariliriliron (D. P.), 4. En el agua clara (D. P.), 5. El patio de mi casa (D. P.); Lado B: 1. Tengo una muñeca (D. P.), 2. Naranja dulce (D. P.), 3. A la rorro niño (D. P.), 4. A la víbora de la mar (D. P.), 5. San Serafín (D. P.)","Álbum de dos discos. Uno con el título de ""Juegos infantiles"" y otro ""Canciones infantiles"". Tiene el mismo contenido que los fonogramas 1159 (los dos primeros discos),1232, 1250 y 1251."
1264,Rondas infantiles,,s/d,,,LP,MELODY,MEL 46,,México,s/d,"Lado A: 1. Mambrú se fue a la guerra, 2. Una linda mañana, 3. La farolera, 4. Una tarde fresquita de mayo, 5. Santa Teresa, 6. Muy buen día su señoría - Tengo una muñeca, 7. En coche va una niña, 8. La blanca paloma - Juguemos en el bosque; Lado B: 1. Arroz con leche, 2. Se me ha perdido una niña, 3. Yo la quiero ver bailar -se va la barca, 4. Sobre el puente de Avignon, 5. La torre en guardia, 6. Entre San Juan y San Pedro - Antón Pirulero, 7. Cucú cantaba la rana, 8. Aserrín aserrán",
1265,Canciones infantiles,Alegres canciones,"Grupo ""La miel""",,,LP,ACCIÓN,ACP-1020,,México,1980,"Lado A: 1. Salté de la cama (G. Palacios), 2. No me jales las orejas (G. Palacios), 3. Llegamos a la escuela (G. Palacios), 4. Vamos a hacer la tarea (G. Palacios), 5. La basura en su lugar (G. Palacios); Lado B: 1. Cuando vayas a los parques (G. Palacios), 2. Ya vamos a la casa (G. Palacios), 3. Cuando salgas de la escuela (G. Palacios), 4. El sol ya se va ocultando (G. Palacios), 5. Llegó la hora del desayuno (G. Palacios)",El título del fonograma está tomado del marbete del disco y el subtítulo aparece en la portada.
1266,Canciones y rondas infantiles,,s/d,,,LP,OLA,OLP-5085,,México,s/d,"Lado A: 1. El patio de mi casa, 2. Quisiera ser tan alta, 3. Mary tenía un corderito, 4. La tarara, 5. La farola de palacio; Lado B: 1. En el balcón de palacio, 2. Dónde están las llaves, 3. El señor don gato, 4. Tengo una muñeca (), 5. Mambrú se fue a la guerra, 6. El cocherito Lere, 7. Carrascal",El título del fonograma está tomado del marbete del disco.
1267,Juan Pestañas,,s/d,,,LP,ACCIÓN,ACP-1045,,México,1977,"Lado A: 1. Pepito (J. López L.), 2. Las vocales (M. Rodríguez - J. Montalvo), 3. La tartanita (H. Pérez G.), 4. Caperucita Roja (A. Legui), 5. Vamos a bailar (R. Paoli); Lado B: 1. Chipi - chipi (H. Pérez G.), 2. Pirulí (A. Alcalá), 3. Vamos a la fiesta (J. A. Garay), 4. Twist del perro (M. Stoller - J. Leiber), 5. Speedy González (D. A. D.)",
1268,Canciones y juegos infantiles,Vol. 2,"Martita Guerrero, Gloria Montiel, Conjunto musical ""El Pupi""",,,LP,"Discos FM, S. A. de C. V.",FM-165,,México,s/d,"Lado A: 1. Naranja dulce, 2. Los perritos, 3. El patio de mi casa, 4. A la víbora de la mar, 5. Tengo una muñeca; Lado B: 1. El músico, 2. La máquina, 3. A la rueda jugaremos, 4. Mambrú se fue a la guerra, 5. Las horas",Arreglos musicales: José Luis Arteaga. Direcciòn artística: Salvador López.
1269,Nuevos juegos infantiles de México,,Compañía infantil de Televicentro,,,LP,RCA,MKL/S-1853,,México,s/d,"Lado 1: 1. El romance del clavel, 2. El juego del calentamiento, 3. La rana, 4. Avena, avena, 5. El merecumbé, 6. La comadre Chema; Lado 2: 1. El relojito, 2. Los elefantes, 3. Andándome yo paseando, 4. El conejito, 5. El calaverón, 6. Califoris",
1270,Sólo para niños,"Rondas, juegos, canciones y fábulas",Chav´s y sus coros,,,LP,CLADRIJO,"CLAD-7804, CAJR-7734, CAJR-7735, CAJR-7232",,México,s/d,"LP 1 Lado A: 1. Que llueva (D. P.), 2. A Madrú (D. A. D.), 3. La viudita (D. A. D.), 4. La rueda de San Miguel (D. P.), 5. A la víbora de la mar (D. P.); Lado B: 1. Tengo una muñeca (D. P.), 2. Don Pirulí (D. A. D.), 3. Naranja dulce (D. P.), 4. Matarile rile ron (D. P.), 5. El patio de mi casa (D. P.); LP 2 Lado A: 1. Mambrú (D. P.), 2. En el agua clara (D. P.), 3. Las vocales (D. P.), 4. Los diez perritos (D. P.), 5. Los pollitos (D. P.); Lado B: 1. Duérmete mi niño (D. P.), 2. Cuánto me das marinero (D. A. D.), 3. Los elefantes (D. A. D.), 4. La rana (D. A. D.), 5. La pájara pinta (D. P.); LP 3 Lado A: Fábulas de Esopo 1. Presentación, 2. El asno con piel de león, 3. El viejo perro de caza, 4. La cigüeña y el lobo, 5. El cabrito y el lobo, 6. El zorro y las uvas; Lado B: Fábulas de Esopo, 1. Los dos amigos, 2. El asno y el caballo, 3. El pastor mentiroso, 4. El cascabel del gato, 5. La zorra y el cuervo, 6. La cigarra y la hormiga, 7. La liebre y la tortuga","Álbum de 3 discos. Disco 1, ""Juegos y rondas infantiles""; Disco 2, ""Canciones infantiles""; Disco 3, ""Fábulas de Esopo"". Los títulos de las Fábulas aparecen en la contraportada."
1271,Cantan los pollitos,,s/d,,,LP,Discos Guitarra,DG 95,,México,1977,"Lado 1: 1. Cantan los pollitos (M. Vila), 2. El coche del gallo (M. Vila), 3. La hormiguita hippie (P. Barros - M. Vila), 4. Este es mi regalo para mamá (J. Tavera - M. Vila), 5. Aprendamos a tocar (J. Tavera - M. Vila); Lado 2: 1. Noche de paz y villancicos (Tradicional), 2. En la chacra de mi tío (P. Barros), 3. Una princesita llamada Mi Bombón (P. Barros - M. Vila), 4. Ombley (M. Vila), 5. El día de mamá gallina (M. Vila)",Tiene el mismo contenido que el fonograma 1198.
1272,Canciones infantiles de Villa Alegre,Cantadas en español e inglés,The Four amigos and Cats,,,LP,Discos Tiempo,LPT-120,,México,1977,"Lado A: 1. Las vocales, 2. Patito, patito, 3. Los perritos, 4. Mambrú, 5. Las horas, 6. La víbora; Lado B: 1. Las estaciones, 2. Buenos días, 3. Tengo una muñeca, 4. Los dedos, 5. Naranja dulce, 6. Matarilerileron","En la portada figura como título ""Canciones infantiles de Villa Alegre"". Dirección y arreglos musicales: Moisés Rodríguez. En la contraportada aparece una versión con letras parte en inglés y parte en español. También aparece en contraportada: Licencia Vilingual [sic] Children´s Televisión Inc."
1273,Festival de los niños,,s/d,,,LP,CORO - ACCIÓN,"CLP-1004, ACP-1004",,México,1977,"Lado A: 1. El elefante Pepo (Camarata y Barresi), 2. Tigre Óscar (Camarata y Barresi), 3. La familia Lauchines (Camarata y Barresi), 4. El ratón Popotolo (Camarata y Barresi), 5. Pinocho (Farías - Cabalias); Lado B: 1. La rana (Motivo popular), 2. Pecos Bill (J. Langhe), 3. Filomena Yacaré (Camarata y Barresi), 4. Papá corazón (Rivero y Barresi), 5. Alegría de calesita (D. Cilinto y Barra)",
1274,Vamos a cantar,Las 10 canciones infantiles más favoritas de todos los tiempos,Coro de niños de Disneylandia,,,LP,Discos Disneylandia - CBS,WDM-20.025,,México,1981,"Lado A: 1. Mambrú (Popular), 2. Mosaico infantil (R. Rosero / Popular / F. Cabanillas), 3. Ambos a dos (Popular), 4. Naranja dulce (Popular), 5. A la víbora (Popular); Lado B: 1. Amigos (Popular), 2. Campesinita azul (R. Vázquez / B. Cuadros), 3. Doña Ana (Popular), 4. El cojo (Popular), 5. Arroz con leche (Popular)","En la portada figura ""Walt Disney presenta"". La pista 2, ""Mosaico infantil"" incluye: ""Vamos a cantar"" (R. Rosero), ""El barquito"" (Popular), ""El burrito"" (Popular), ""Sol solecito"" (Popular), ""Pinocho"" (F. Cabanillas), ""Dominique"" (Popular), ""Miringa Mironga"" (R. Rosero)."
1275,Te invito a mi fiesta,,"Marco Antonio Muñiz, Libertad Lamarque, Compañía Infantil de Televicentro, Chabelo, Carmelita Molina, El duende Bubulín, Marichelo, María Medina, Francisco Gabilondo Soler, Ginny y Emmanuel, Jorge Muñiz y Elenco de Chiquilladas, Angélica Vale",,,LP,RCA,CAMS-1399,,México,1988,"Lado A: 1. Que empiece la fiesta (R. Fuentes / J. Ferrer), 2. La negrita Cucurumbé (F. Gabilondo S.), 3. A la víbora de la mar, 4. Canta, canta, canta niño (N. Gurbich), 5. ¡Viva el agua y el jabón! (C. Molina), 6. Papo el zapato (Juan Carlos), 7. La muñeca y el soldado (C. Roberto / M. Antonio./ J. de Santiago / V. Alberti / Jaguare), 8. Popurrí Cri-Cri (Bombón I, El ropero, Di por qué, El chorrito) (F. Gabilondo S.); Lado B: 1. La patita (F. Gabilondo S.), 2. Juan Pirulero, 3. Tic tac del amor (M. Sullivan / P. Massadas / J. de Santiago / Emmanuel), 4. Las notas musicales (Juan Carlos), 5. A volar en Zeppelin (M. Sullivan / P. Massadas / J. de Santiago), 6. Garabato colorado (Shark / T. de Rose), 7. Negrito sandía (F. Gabilondo S.), 8. Canto, silbo y bailo (C. Bogey / A. Ortiz / J. Mondelline / Alford)",Tiene el mismo contenido que el fonograma 929.
1282,Las ardillitas juguetonas y la amiga lechucita,Rondas y canciones infantiles,"Chucho Rincón (vz), Martha Cano Rincón (vz)",,,LP,Ariola,ML-5020,,México,1977,"Lado A: 1. La víbora de la mar, 2. El reloj (liebre y tortuguita) (M. Cano R.), 3. Materile rile ron, 4. No te chupes el dedo (M. Cano R.), 5. Al ánimo; Lado B: 1. El que no avisa (M. Cano R.), 2. El sapito, 3. Pingüino Pico Pico (M. Cano R.), 4. Juan Pirulero, 5. Teléfono carpintero (M. Cano R.)",
1284,Mensajes y locuras,,Las ardillitas de Lalo Guerrero,,"Lalo Guerrero (vz), Raúl Arroyo (vz), Enrique Arroyo (vz), Guillermo Medina (vz), Daniel López (ge), Miguel Ángel Medina Abascal (cr), Palo, Aline y Pilar Pánuco Valenzuela (cr), Ingrid Zhele Herrera (cr), Lesly y Dany Nery (cr)",LP,EMI,110 796702 1,,México,1991,"Lado A: 1. Sonríe (A. Madero), 2. Tin marin de do pingüe (L. Guerrero), 3. Super mamá (L. Guerrero), 4. Pánfilo ""el catrín"" (L. Guerrero / M. Guerrero), 5. El trompo bailador (H. S. González); Lado B: 1. Papá o mamá (L. Guerrero), 2. El sapo (L. Guerrero / M. Guerrero), 3. Papá no fumes (M. Soldi / T. Martucci / M. Remigi D. / L. Guerrero), 4. El día del maestro (L. Guerrero), 5. El himno de los niños (L. Guerrero)",
1300,Las ardillitas en Navidad,Con Lalo Guerrero Vol. 2,Las ardillitas de Lalo Guerrero,,,LP,Capitol,POP-254,,México,1973,"Lado 1: 1. Las ardillitas en Navidad (L. Guerrero), 2. Si hay Santa Clos (L. Guerrero), 3. Las tres ardillitas (L. Guerrero), 4. Pánfilo para presidente (L. Guerrero), 5. Noche buena (L. Guerrero); Lado 2: 1. Cuentos de Pánfilo (L. Guerrero), 2. Ya viene la Navidad (L. Guerrero), 3. Navidad en el bosque (L. Guerrero), 4. Ya llegó la Navidad (L. Guerrero), 5. Santa Clos y las ardillitas (L. Guerrero)","Se cuenta con el disco, pero no con la portada. En marbete: Esto es una grabación de DISCOS COLONIAL."
1302,Grupo Zumbón,,Grupo Zumbón,"Grupo Seguimos lo mismo: Raquel Cruz (vz, pc, cr), Mercedes Ballesté (vz, pc, cr), Víctor Hugo Santos (bj, ctro);  Ricardo Reynaga (bt, pc), Antelmo Pérez (qn), Moisés Rodríguez (fl), Javier Platas Jaramillo (vc), Pablo Martínez del Campo (bt, pc)","Abigail Viveros (vz, pc, cr), Víctor Fernández (vz, gt, bm, tbm, cr), Antonio Sámano ( vz, gt, cr), Enrique Ballesté (vz, gt, pn, qn, fl, cl, cr), Antonio Herrero (vz, gt, ge, tr, rq, bj)",LP,Audiodimensión,s/d,,México,s/d,"Lado A: 1. El porro (Grupo Zumbón - E. Ballesté), 2. La cena (E. Ballesté), 3. Los angelitos (E. Ballesté), 4. Un hombre corriendo (E. Ballesté); Lado B: 1. Los viejitos (D. P. - E. Ballesté), 2. La gusana (E. Ballesté), 3. La danza del adiós (E. Ballesté), 4. Un tango (E. Ballesté), 5. La ensalada mixta (E. Ballesté)",En contraportada aparece: Dirección de Difusión Cultural con el logo de la Universidad Autónoma de Sinaloa. Nota en contraportada: Agradecemos la amplia colaboración que en todos los sentidos nos brindó el grupo musical Tribu.
1303,Canciones para niños,,"Thusnelda Nieto (vz), Marta García Renart (pn), Carlos Enrique Santos Jacob (ob), José de Jesús Cortés García (vl), Marlowe Fisher (va), Erika Duke (vc)",,,LP,UNAM Voz viva de México,MN-18 y MN-110.,,México,1979,"Lado 1: 1. Cinco canciones para niños: I Campanita (C. L. Sáenz - Rocío Sánz), 2. Cinco canciones para niños: II Cunera (C. L. Sáenz - Rocío Sánz), 3. Cinco canciones para niños: III Las campanas de San Juan (C. L. Sáenz - Rocío Sánz), 4. Cinco canciones para niños: IV Sólo por cantar (C. L. Sáenz - Rocío Sánz), 5. Cinco canciones para niños: V Cabanavenú (C. L. Sáenz - Rocío Sánz), 6. Arrullo ""A la niña del retrato"" (A. del Río - B. Galindo), 7. Colibrí (M. J. de Elías), 8. Corderito (G. Mistral - A. Lavalle), 9. Canción arcaica para niños (F. García L. - F. Ibarra), 10. Tres canciones: I Dos (E. Santos), 11. Tres canciones: II Canto desde la cuna (E. Santos), 12. Tres canciones: III Cuando sea grande (E. Santos); Lado 2: 1. Las canciones de Natacha I (J. de Ibarbourou - L. Velázquez), 2. Las canciones de Natacha II (J. de Ibarbourou - L. Velázquez), 3. Las canciones de Natacha III (J. de Ibarbourou - L. Velázquez), 4. Las canciones de Natacha IV (J. de Ibarbourou - L. Velázquez), 5. Duérmete apegado a mí (G. Mistral - J. D. Tercero), 6. El caballito y las cinco horas: I El caballito (F. García L. - S. Revueltas), 7. El caballito y las cinco horas: II Las cinco horas (F. García L. - S. Revueltas), 8. Arrullo (M. Enríquez), 9. Nueve poemas de niños (Jennifer, Paul, Hannah, Adrian, Naelda, Marcel, Diane, Cindy, Pauline - M. García R.), 10. Arrullo (J. Estrada)","Incluye un cuadernillo con las letras de las canciones. Los títulos y los créditos de las canciones aparecen en el cuadernillo. En la pista 9 del lado 2 , ""Nueve poemas de niños"", la letra es de nueve niños y la música de Marta García Renart. Existen dos ejemplares de igual contenido y con diferente número de catálogo."
1306,La banda de los animalitos,de Juan de los Santos,,,,LP,Discos Son Art,DS-690,,México,1977,"Lado A: 1. Tema de los animalitos (T. Rodríguez), 2. Tengo un gatito (C. Miranda), 3. Vamos a la escuela (J. de los Santos), 4. Las mañanitas (D. P.), 5. Festival en Africam (J. de los Santos); Lado B: 1. La marcha de los animalitos (G. Cárdenas), 2. Mi perrito y yo (C. Miranda), 3. Somos los animalitos (T. Rodríguez), 4. La fiesta (M. E. Aguirre), 5. El pollito pachanguero (R. Martínez)",
1309,Para ti,,Kitzia y Gabriela,,,LP,Discos Pueblo,DP-1058,,México,1983,"Lado A: 1. Para ti (G. Huesca/K.Weiss), 2. El campo y la lluvia (G. Huesca), 3. La orquesta (G. Huesca/K.Weiss), 4. Cajita de música (K. Weiss), 5. Charango Charanguito (B. Buberoff-F. López), 6. El sueño (G. Huesca/K.Weiss); Lado B: 1. El titiritero (G. Huesca/K.Weiss), 2. Mariposas (G. Huesca), 3. Grillito amigo (G. Huesca/K.Weiss), 4. Negrita Borocotó (B. Buberoff-F. López), 5. Las víboras y los alacranes (R. Sanz), 6. Los niños (M. Montaño-R. Coindreau)",Las intérpretes son Kitzia Weiss y Gabriela Huesca.Tiene el mismo contenido que los fonogramas 448 (CA) y 1310 (LP). Respecto a este último cambia la portada y el título.
1311,Amanecer de la montaña. Nueva canción infantil,Canciones creadas e interpretadas por niños serranos y Trova serrana,Niños serranos y Trova serrana,,"Voces infantiles: Honorio Cortés, Epifanio Martínez, Antonio Jiménez, Ixmukanet Martínez, Rodelina Villanueva, Juana Velasco, Verónica Leyva, Ismael Cortés, Víctor Hernández, Juan Hernández, Alma Perea, Melina Hernández, Eugenia Santiago, Gustavo Manzano",LP,Pentagrama,LPP-163,,México,1985,"Lado A: 1. Mi pueblo campesino (Chicometzuchitl), 2. El sacristán (Jaltianguis), 3. El pueblito minero (Amatlán), 4. El pícaro pastorcito (Yahuiche), 5. Estudiante (C.I.S. No. 3), 6. Navidad (Xiacui); Lado B: 1. El minero (Natividad), 2. El campesino (Ixtlán), 3. La fiesta (Analco), 4. El panadero (Capulalpam), 5. A la madre (Guelatao), 6. Amanecer de la montaña (El Punto)","En contraportada aparecen las instituciones que apoyaron el proyecto: Tradiciones para Mañana, A. C., Instituto Nacional de Antropología e Historia, Instituto Nacional Indigenista, ANADEGES del Sur del Pacífico, A. C., Culturas Populares, XEGLO La Voz de la Sierra, Instituto Tecnológico de Oaxaca, Secretaría de Educación Pública (Supervisiones de las zonas 10 y 18), Trova Serrana, A. C. En un breve texto firmado por Jaime Luna se explica que esta es la primera parte del recorrido por 24 comunidades creando en cada una de ellas una canción con los alumnos de quinto y sexto año de primaria con tres temáticas: Naturaleza, Tradiciones y Costumbres y Personajes y Sucesos. ""Tradiciones del Mañana"" financió este proyecto que se realizó a lo largo de dos años. Los pueblos de dónde proviene cada canción, aparecen en la contraportada. Otros créditos, ver contraportada."
1324,Luisa Fernanda,,Luisa Fernanda,,,LP,Discos Gum,LP 1001,,México,1981,"Lado A: 1. Hasta hoy (G. Suedan R. / E. Neri R.), 2. Chicles de colores (M. Villafán R. / T. Renys), 3. Sola (L. Gore - M. Villafán R. / M. Gore), 4. Los chicos del conjunto (M. Villafán R. / K. Loggins - J. Contreras), 5. Pareja sin par (M. Villafán R. / T. R. Costa - N. Costa); Lado B: 1. Hasta hoy (G. Suedan R. / E. Neri R.), 2. Chicles de colores (M. Villafán R. / T. Renys), 3. Sola… (L. Gore - M. Villafán R. / M. Gore), 4. Los chicos del conjunto (M. Villafán R. / K. Loggins - J. Contreras), 5. Pareja sin par (M. Villafán R. / T. R. Costa - N. Costa)","Algunas canciones aparecen dos veces, cantadas por distintos intérpretes. Ver créditos en contraportada."
1325,Toto Alegría,,Toto Alegría,,,LP,ORFEÓN,LP-12-1106,,México,1979,"Lado A: 1. La canción de la canica (T. Alegría), 2. El conejo corredor (T. Alegría), 3. La cigüeña y el zorro (T. Alegría), 4. La fiesta de Manuel (T. Alegría), 5. El signo de sumar (T. Alegría); Lado B: 1. El juego del brinco (T. Alegría), 2. Qué bonita la mañana (T. Alegría), 3. El gigante y el ratón (T. Alegría), 4. Mi barco de colores (T. Alegría), 5. Ciencia natural (T. Alegría)",
1326,Las aventuras de Camila y Palas,,"Samir Tamer, Lauro Alvarado, Víctor Civeira, Romina Prieto, Cristina Pouliot",,"Tiempo Nuevo (cr), Ana María Robleda (cr)",LP,Fonovisa. Serie Galaxia,LFG/042,,México,1991,"Lado A: 1. Tutifruti (D. la Bostrie / R. Penniman), 2. Ese perro Palas (M. de Esesarte), 3. Un ser especial (E. Siqueiros), 4. Cocktail de frutas (M. de Esesarte), 5. Glofos bofos (M. de Esesarte); Lado B: 1. Lupililas (M. de Esesarte / A. E. de Sentíes), 2. Aguas (M. de Esesarte / A. E. de Sentíes), 3. Palas Estrella (M. de Esesarte / M. Duarte), 4. Amigo Tutifruti (L. G. Méndez), 5. Rock Aja (M. de Esesarte / A. E. de Sentíes)",Arreglos y dirección musical: Carlos María y Xavier Asali.
1327,"Carlos, Neto y Titino",,"Carlos, Neto y Titino",,,LP,Yuriko,YLPS-3120,,México,s/d,"Lado A: 1. Vamos matando a (C. Monroy), 2. La muñeca fea (F. Gabilondo S.), 3. El conejito (F. Gabilondo S.), 4. Dí papá (R. Chabrier / J. Montet), 5. Radio chiquito (C. Monroy); Lado B: 1. Las mañanitas (D. P.), 2. Patito color de café (B. de J. García), 3. Balada del vagabundo (V. Piarantoni), 4. Otra vez mañana (C. Monroy), 5. Olegui olegua (C. Monroy)",
1328,Los Bertoal,,Los Bertoal,,,LP,Son Art,D-221,,México,s/d,"Lado A: 1. Dame un silbidito - El arte para mí (L. Harline - N. Washington), 2. Un día mi príncipe vendrá (F. Churchill - L. Morey), 3. Hai ho hai ho (F. Churchill - L. Morey), 4. La estrella de los deseos (L. Harline - N. Washington), 5. Cenicienta - Bidibi Bodibi bu (M. David - A. Hoffman - J. Livingston), 6. Un sueño es un deseo (M. David - A. Hoffman - J. Livingston); Lado B: 1. Peter Pan - Siguiendo al líder (Wallace - Young - Sears - Winston - Hibler), 2. El amor es una canción (F. Churchill - L. Morey), 3. Un aguacerito (F. Churchill - L. Morey), 4. Quién teme al lobo feroz (L. Ridney), 5. La marcha de Mickey Mouse (J. Dodd), 6. La bella durmiente (L. Ridney)",
1329,La gallina Cocoua,,Los niños Orzowei,,,LP,D´Pronto,L.P.D.P-10007,,México,1978,"Lado A: 1. La gallina Co-Co-Ua (I. Bartoli W. / M. Perales), 2. Oye (E. Kishida - T. Watanabe - C. R. Amart), 3. Mazinger Z (T. Watanabe - F. Azuma), 4. La abeja Maya (K. S. Vabada - F. Gusano), 5. Un globo, dos globos, tres globos (J. Solá), 6. Dime abuelito (E. Kishida - T. Watanabe - C. R. Amart); Lado B: 1. El día se acabó (F. Carrasco - Aznarrela), 2. La pantera rosa (H. Mancini), 3. Ábrete Sésamo (Raposo), 4. El vikingo (A. Wagner), 5. Orzowei (S. Ducan / Smith / C. de Metatie / G. M. de Angelis), 6. Vamos a la cama (A. Areta / Bapatas)",
1345,Towi Panda,Ginny,Ginny,,,LP,MUSART,ED-1826,,México,1982,"Lado A: 1. Towi Panda (L. Gómez Ll.), 2. Trabalenguas (Sara y Víctor), 3. Si (J. Neri - M. Villafán), 4. Será porque te amo (Pace - Ghinazzi - Farina), 5. Viva la primavera (L. Muñiz); Lado B: 1. Él me mintió (G. Carballo - D. Verdaguer - A. Miguel), 2. Pantalones rojos (L. Gómez Ll.), 3. Es mi nombre Primavera (Ma. L. Romero), 4. Campirana (Claudia Icaza), 5. En el parque de la paz (Malvin - César)","Arreglos y dirección: Julio Jaramillo, Jorge Neri, Lázaro Muñiz y Chucho Ferrer."
1347,Burburock,,Burbujas,,"Arturo Laphan, Rodrigo de la Mora, Aurora Alvarado, Cristina Camargo, Humberto Espinosa. Coros: Hermano Zavala, niños y niñas Los malosos",LP,MELODY - Discos AMÉRICA,MITV 005,,México,1982,"Lado 1: 1. Burbu-Rock (E. Puente - N. Méndez), 2. El Tarolas (S. Roche - N. Méndez), 3. Ejercicios (S. Roche - N. Méndez), 4. Burbujilizando (N. Méndez / E. Puente - N. Méndez), 5. La cucaracha de las patas chuecas (S. Roche - N. Méndez); Lado 2: 1. Agarra tu patín (E. Puente - N. Méndez), 2. Mi vecino el reloj (S. Roche - N. Méndez), 3. Dónde están los asteroides (E. Puente - N. Méndez), 4. Chipi-Dipi Frapis-Tipi (S. Roche - N. Méndez), 5. Calcetotas amarillas (E. Puente - N. Méndez)",
1348,Carrusel infantil,,Nicky Santini,,"Sergio Pérez Jr. (or), José Luis Robles (bj), Ignacio Solís (gt), Fidel Hazar (bt), Garda y Berenice (cr)",LP,FonoMex,FM-344,,México,s/d,"Lado A: 1. Un día con mamá (M. Morales), 2. Tomás (Laudermilk - Valdez), 3. Feliz cumpleaños (N. Santini), 4. El mundo es una bola (A. Lozano), 5. La Ramona (L. Postigo); Lado B: 1. La vecindad del Chavo (R. Gómez B.), 2. Óyelo, escúchalo (R. Gómez B.), 3. Peluchín (A. Lozano), 4. No llores Quico (Ma. L. Romero - Ch. Correa), 5. El Chapulín Colorado (R. Gómez B.)",Tiene el mismo contenido que el fonograma 1181.
1355,Kristian y sus pollitas,,Kristian,,Orquesta de Peque Rossino,LP,ORFEÓN,LP-16H-5305,,México,1982,"Lado A: 1. Gallito feliz (D. Vite), 2. El juego de la botella (R. Montiel), 3. Ni fu, ni fa (D. Vite), 4. El espacio sideral (Edgardo), 5. Tohui (B. Sánchez M.); Lado B: 1. La bomba del panda (D. Vite), 2. Estudiar (A. Martínez), 3. La niña de a lado (J. Santos), 4. El bolerito (D. Vite), 5. Pepe Panda (A. Patiño)",
1356,La de los hoyitos,,Pedrito Fernández,,,LP,CBS,DCS-968,,México,1979,"Lado A: 1. La de los hoyitos (B. Bermúdez), 2. Hijo de tigre (H. Aguilar), 3. Pobre Tom (S. Flores), 4. Cuando sea grande (B. Bermúdez), 5. Trenecito correlón (B. Bermúdez); Lado B: 1. La vuelta al mundo (P. Albarrán), 2. El piojo y la pulga (F. Gil), 3. Se fue María (T. Paiz), 4. Muchas gracias (H. Aguilar), 5. Los dos carnales (B. Bermúdez)",En el marbete aparece también el año de 1981.
1357,Luis Miguel,,Luis Miguel,,,LP,EMI Capitol,SLEMN-1054,,México,1982,"Lado 1: 1. 1+1 = 2 Enamorados (R. Amado - J. Santos), 2. Amor de escuela (Octavio), 3. Tomemos los patines (M. Frabrizio - R. Fogli - G. Morra - Vers. Esp. M. A. Medina), 4. Hay un algo (L. Rey); Lado 2: 1. Lo que me gusta (J. Gabriel), 2. Balada para mi abuela (K. Clave), 3. Mentira (J. Gabriel), 4. El tiempo (L. Rey), 5. Adolescente soñador (J. Santos - R. Amado)",Arreglos y dirección musical: Chucho Ferrer y Peque Rossino.
1358,Imaginación,,Angélica Vale,,,LP,s/d,s/d,,México,s/d,"Lado A: 1. Hola amigos (F. Curiel), 2. El rock de Caperucita (F. Curiel), 3. Espejito, espejito (F. Curiel), 4. La manzana (F. Curiel); Lado B: 1. ¿Quieres ser Cenicienta? (F. Curiel), 2. Busco un príncipe (F. Curiel), 3. La moda (F. Curiel), 4. Hola amigos (despedida) (F. Curiel)","En contraportada, canciones: Francisco Curiel. Arreglos y dirección musical: Chucho Ferrer. Coreografía: Paula Klagge. Producción y dirección: Angélica Ortiz. En marbete: ""en la revista musical Imaginación"". Incluye un cartel."
1359,El mago de Oz,,Angélica Vale,,"Patricia Garduño (vz), David Rodrigo (vz), Carlos Spíndola (vz), Lucio Boliver (vz), Ana Gloria Blanch (vz), Manuel D´Flon (vz)",LP,RCA,CAMS-1184,,México,1985,"Lado 1: 1. Obertura (instrumental) (H. Arien - A. Ortiz - R. Garduño), 2. Lo que sucedió (H. Arien - A. Ortiz - R. Garduño), 3. Si yo tuviera cerebro (H. Arien - A. Ortiz - R. Garduño), 4. Ding ding dong (H. Arien - A. Ortiz - R. Garduño), 5. Si yo tuviera valor (H. Arien - A. Ortiz - R. Garduño), 6. Detrás del arcoiris (H. Arien - A. Ortiz - R. Garduño); Lado 2: 1. Entre acto (instrumental) (H. Arien - A. Ortiz - R. Garduño), 2. Ya voy a ver al mago, vamos a ver al mago (H. Arien - A. Ortiz - R. Garduño), 3. El rey de la selva (H. Arien - A. Ortiz - R. Garduño), 4. El elixir (H. Arien - A. Ortiz - R. Garduño), 5. Cuál es tu mal (H. Arien - A. Ortiz - R. Garduño), 6. Si yo tuviera corazón (H. Arien - A. Ortiz - R. Garduño), 7. Conócete bien (H. Arien - A. Ortiz - R. Garduño), 8. Final (instrumental) (H. Arien - A. Ortiz - R. Garduño)",Arreglos y dirección: Raúl Garduño.
1360,A ritmo Menudo,Karlamaría,Karlamaría,,,LP,ORFEÓN,LP-16H-5309,,México,1982,"Lado A: 1. Mis cinco novios (Cook - Adap. Esp. F. Canavati), 2. Adiós René ( F. Canavati), 3. Ramitas ( F. Canavati), 4. Geo, geo ( F. Canavati), 5. Con amor ( F. Canavati); Lado B: 1. La maquinita (G. Goffin - C. King), 2. Besitos sí, besitos no (F. Cobos), 3. Rock del angelito (Roger / Domínguez), 4. Mi banco de escuela (Vernil / Acquaviva / Screwbell), 5. Amor infantil (P. Anka)",Dirección artística: Jorge Palomo. Arreglo y dirección: Pepe Ponce.
1361,Katy,,Katy,,,LP,Trébol,T 10907,,México,1982,"Lado A: 1. Mis ojitos (M. E. Castro - Matys), 2. La risa de las vocales (T. Paiz), 3. El piojo y la pulga (F. Gil), 4. Échenle un quinto al piano (F. Valdés L.), 5. Ardillita Katy (Matys - M. Heredia); Lado B: 1. Besitos de chocolate (R. Flores C.), 2. Pío pío (J. C. Abara), 3. El gallito cantador (R. Flores C.), 4. Los palomos (Ma. E. Romo - J. Rodríguez), 5. Te regalo una sonrisa (A. Pastor)",Arreglos: Gustavo A. Santiago. Dirección: Mario Tovar y Sagredo.
1363,Lázaro Salazar y su grupo Massachusetts,,Lázaro Salazar y su grupo Massachusetts,,,LP,Discos Sabinas,LP-DISA-118,,México,s/d,"Lado A: 1. El pequeño panda de Chapultepec (L. Gómez Ll.), 2. El circo (E. Aragón), 3. Buenos días papá (F. de Jesús M.), 4. Todos los niños del mundo (Y. Polastry), 5. Chevere, chevere (Popular), 6. Los días de la semana (Popular); Lado B: 1. La gallina turuleca (Popular), 2. Hagamos amigos (Y. Polastry), 3. Borra eso (Dioni - López), 4. Feliz en tu día (E. Aragón - Miliky), 5. Batmasterson (Popular)",
1364,La de la mochila azul,,"Los ositos, Hermanos López",,,LP,Tiempo,LPT-198,,México,1979,"Lado A: 1. La de la mochila azul (B. Bermúdez), 2. Yo soy la de la mochila azul (B. Bermúdez), 3. Mi salón está de fiesta (B. Bermúdez), 4. El hijo natural (D. A. R.), 5. Qué culpa tienen los hijos (S. López); Lado B: 1. Yo quiero tener papá (M. Flores), 2. Mamita (A. Moreno R.), 3. Oye papá (R. Buendía), 4. Sangre caliente (A. Pulido B.), 5. En dónde estás (R. Velasco)",
1365,Pina Álvarez y sus coros infantiles,,Pina Álvarez y sus coros infantiles,,,LP,Harmony - Columbia,HL-8188,,México,1964,"Lado 1: 1. A la rorro niño, 2. La cachuchita, 3. Naranja dulce, 4. El reloj, 5. Las mañanitas del rey David, 6. La cucaracha, 7. Allá en el rancho grande, 8. Estrellita marinera; Lado 2: 1. Patito, patito, 2. A la víbora de la mar, 3. El juego de Juan Pirulero, 4. La indita, 5. Adeste Fideles, 6. Jingle Bells, 7. Noche de paz, 8. Árbol de paz",
1367,Nosotros los pobres,De a cómo no,Nosotros los pobres,,,LP,Arpegio,LP-5012,,México,s/d,"Lado A: 1. El dinosaurio (C. Vargas), 2. Estación metro Pino Suárez (A las 6:00 de la tarde) (Z. Luis), 3. A tiempo... (J. Godoy), 4. Cómo piensan las verduras (C. Vargas), 5. La naca Beco (J. Godoy); Lado B: 1. La comezón (C. Vargas - G. Ángeles), 2. 16 de septiembre en el zócalo (Z. Luis), 3. Drogadicción (Vers. En Esp. E. Juvera - D. A. D.), 4. Recordaré (E. Juvera), 5. De a cómo no (C. Vargas)",
1370,Pandilla Dury Dury,,Pandilla Dury Dury,,,LP,RCA,MKS-2293,,México,1982,"Lado A: 1. El bebé del año (L. Gómezllanos B.), 2. La feria (M. S. Piorett), 3. Lo que me gusta (M. S. Piorett), 4. Vamos a Texas (M. S. Piorett), 5. El Dury Dury (M. S. Piorett); Lado B: 1. Contigo papá (M. S. Piorett), 2. Canción de amor (M. S. Piorett), 3. El cotororocoto (M. S. Piorett), 4. Así te sentí (J. L. Zarrabal), 5. Sol (M. S. Piorett)",
1371,Somos alguien muy especial Din-Din,,Somos alguien muy especial Din-Din,,,LP,ECO,25984-6,,México,1983,"Lado A: 1. Recordando el rock / No. 2 (Larguirucha Sally, La pera madura, Pólvora, Diablo con vestido azul, Aviéntense todos y Vuelve vuelve primavera), 2. Dime (J. L. Perales), 3. Me voy a enamorar (E. Rodríguez), 4. Din-Don (P. Saavedra), 5. Todos conmigo (V. Alberti); Lado B: 1. Somos alguien muy especial (J. Zarzosa), 2. Rock de amor chiquito (E. Rodríguez), 3. Mi novio el coqueto (E. Rodríguez), 4. Tiroli tirola (M. A. Alstone - L. de Suza - V. Alberti), 5. My Dear John (E. John - V. Alberti), 6. Dios siempre está (A. Lozano)",
1372,Pingüicas,,Pingüicas,,,LP,Ariola,LAN-529,,México,1983,"Lado A: 1. Toc toc (G. Bigazzi / G. Bella / R. Mochulske), 2. Ella quería rock´roll (R. Mochulske / S. Rivas), 3. Radio Venus (Ukigoñi), 4. Ni una palabra (R. Narvaja), 5. No tengo miedo (R. Mochulske / S. Rivas); Lado B: 1. Me siento Beethoven (Roll over Beethoven) (Ch. Berry / F. Arana), 2. Mi amigo, mi hermano (R. Mochulske / S. Rivas), 3. Nacer a cada instante (L. Jury / J. L. Rodríguez), 4. Mickey (N. Chinn / M. Chapmann / C. Moreno), 5. Los abuelitos (R. Mochulske / S. Rivas)","Arreglo y dirección: Eduardo Toral K. Harley. Realización: Richard Mochulske. Estudios Golden de México, Ing. Sergio García (asistente). Grabación: Arturo Castillo."
1373,Micro Chips,Niños eléctricos,Micro Chips,,,LP,MELODY,MITV-176,,México,1988,"Lado A: 1. No quiero (R. Ochoa - R. Villa - G. Contreras / R. Ochoa), 2. Las máquinas (A. Chapa / J. Amaro), 3. Angello (Totti - J. Willy H. /  B. Steinberg - T. Kelly), 4. Perdidos en la distancia (Aleks Syntek), 5. Boomerang (Aleks Syntek), 6. Rock de la cárcel (A. Martínez - Adap. Microchips / M. Leiberg - L. Stoller); Lado B: 1. Niños eléctricos (D. Steen - M. Ríos), 2. Quiero cantar rock and roll (B. Danzza), 3. Ser feliz (A. Syntek - R. Ochoa / R. Ochoa), 4. Horrible pesadilla (J. Willy H. - R. Ochoa), 5. Recuerdos (J. Colores - J. Willy H.), 6. La pared (Vers. Esp. A. Chapa / R. Waters)",Otros créditos en contraportada.
1374,Hola amigos,Parchis,Parchis,,,LP,MUSART,EDI 60655,,México,1981,"Lado A: 1. Hola amigos (R. Pérez B.), 2. Gloria (U. Tozzi - G. Bigazzi), 3. Fin de cursos (C. Moncada - O. Rubio - F. Lapardi), 4. Querido profesor (C. Moncada - O. Rubio - F. Lapardi), 5. La caza del ratón (J. R. García Flórez); Lado B: 1. Twist del colegio (J. Pardo), 2. Don diablo (M. Bosé - S. Linzer - R. Brown), 3. Ratatata (J. Pardo), 4. Ayúdale (C. Moncada - O. Rubio - F. Lapardi), 5. Viejo tren (R. Sellés - A. Jaén)",Otros créditos en marbete y contraportada.
1375,Las locuras de Parchis,,Parchis,,,LP,MUSART,EDITV 103,,México,1983,"Lado A: 1. Arriba, abajo (J. Ma. Muneta), 2. Esto es América (A. Zehenas - Gloss - M. Munilla), 3. El ritmo loco (J. Oristrell - C. Moncada - F. Lapardi), 4. Bien, bien bravo (J. Oristrell - C. Moncada - F. Lapardi), 5. Las rockeras de Santa Teresita (E. Cuquerella), 6. Auxilio socorro (R. I. Aragón); Lado B: 1. Las locuras de Parchis (J. Oristrell - C. Moncada - F. Lapardi), 2. Sr. Buho (J. Ma. Muneta), 3. Mi súper superman (J. Ma. Muneta), 4. Mi guitarra (C. Moncada - A. Zehenas - J. Tudela), 5. Pancho López (T. Blackburn - G. Bruns - L. Guerrero), 6. Mi amigo Pancho (A. Jaen)",Tiene el mismo contenido que el fonograma 1515.
1382,Enrique y Ana,Para nuestros amigos,Enrique y Ana,,,LP,GAMMA-HISPAVOX,GH 11-411,,México,1983,"Lado A: 1. La canción del panda (E. del Pozo - Divaona - diFelisatti), 2. Super fantástico (I. Ballesteros - diFelisatti), 3. Capitán de madera (J. Pardo), 4. Tú y yo (I. Ballesteros - D. Trempenau), 5. A mí me parece (I. Ballesteros - Divaona - V. Giuffré), 6. Viva la gente! ""Up with People"" (P. Colwell y R. Colwell); Lado B: 1. Vístete a la moda (E. del Pozo - Divaona - diFalsatti), 2. La cigarra ""Le cicale"" (A. Testa - F. Miseria - T. de Vita - Silviotesti - A. Ricci - E. del Pozo), 3. Si quieres ser campeón ""You can Always be Number One"" (D. Gonyea - I. Ballesteros), 4. La moto (M. Díaz), 5. Bravo por la música! (J. Pardo)",
1383,"Canta la Chilindrina ¡fíjate, fíjate fíjate!",,La Chilindrina,,,LP,Karussell - Polydor,LPM 12092 2495 112,,México,1977,"Lado 1: 1. La Chilindrina (A. Lozano), 2. La Princesa Chupadedo (M. Cano), 3. Por el periférico voy (A. Lozano), 4. Papito (R. Ponce), 5. Todo lo logra una sonrisa (A. Lozano); Lado 2: 1. Peluchín (A. Lozano), 2. La Chilindrina se porta bien (K. Seguramay), 3. Hay que estudiar (R. Ponce), 4. Triru liru lon (A. Lozano), 5. Los cuentos de abuelita (P. Rigual), 6. Los colores (M. Cano)",
1384,Navidad con la Chilindrina,,La Chilindrina,,,LP,Karrusell - Polydor,LPM 12102 2495 119,,México,1977,"Lado 1: 1. Santa Claus viene a la ciudad (H. Gillespi / J. Coots), 2. Una linda piñata (M. Cano de R.), 3. Dominique (S. Sourire), 4. Vamos mi mulita (E. Vega del R. / O. Velázquez), 5. Estrellita (H. Blanco), 6. Navidad sin mamá (A. Correa); Lado 2: 1. Papacito dónde está Santa Claus (P. Greiner  / J. Quintero), 2. Rodolfo el reno de la nariz roja (J. Marks), 3. Soñé que venía Santa Claus (C. Alberto), 4. Ding ding dong dong (R. A. González), 5. Jesusito nació (A. Lozano)",
1385,Quico,,Quico,,,LP,EMI POPS- Capitol,POP-426,,México,1976,"Lado 1: 1. Anda di que sí (J. Carlos / Ch. Correa), 2. Me doy (Ma. L. Romero / Ch. Correa), 3. No llores Quico (Ma. L. Romero / Ch. Correa), 4. Ahora que soy tu amigo. Te quiero mucho mamá (Juan Carlos), 5. El semáforo (Juan Carlos); Lado 2: 1. Chusma chusma (J. Carlos / Ch. Correa), 2. Ya cállate cállate que me desesperas (J. Carlos / Ch. Correa), 3. No me simpatizas (Juan Carlos), 4. Quico el silbador (Ma. L. Romero / Ch. Correa), 5. No seas flojo (Juan Carlos)",
1386,Quico,,Quico,,,LP,EMI  POPS - Capitol,POP-431,,México,1977,"Lado 1: 1. Yo soy (R. González / Ch. Correa), 2. El sombrero de Gaspar (F. Pujol M.), 3. Ay! Cuánta basura (J. Poll / I. Medina), 4. La rueda, rueda (J. Carlos), 5. La balada de Quico (R. González / Ch. Correa); Lado 2: 1. Borra, borra eso (D. López), 2. Canta y verás (E. Aragón), 3. El chiste del juego (J. Poll / I. Medina), 4. La historia de mi vecina (G, Aragón B. / E. Aragón B. / G. B. Rodríguez), 5. Llega la Navidad (T. Aragón A.)",
1387,Quico en Navidad,,Quico,,,LP,EMI POPS - Capitol,POP-450,,México,1978,"Lado 1: 1. Tráigale juguetes a la chusma (O. López), 2. Los tres Santos Reyes (L. Guerrero), 3. El pescadito (P. Gómez), 4. Le dijo al que le dijo (O. López), 5. Pórtense bien (L. Guerrero); Lado 2: 1. La Navidad es para los niños (L. Guerrero), 2. El hombre de nieve (L. Guerrero), 3. La muñequita rota (L. Guerrero), 4. Soldaditos de madera (L. Guerrero), 5. En qué se parece (P. Gómez)",
1388,Quico,,Quico,,,LP,EMI POPS - Capitol,POP-444,,México,1978,"Lado 1: 1. El borriquito (P. P. Calaf), 2. La balada del vagabundo. La batalla del pedone (V. Pierantoni), 3. El diablito loco (J. Joy), 4. Una sonrisa (P. Ortega), 5. Qué dije (R. Charles); Lado 2: 1. Tin marin de do pingüe (L. Guerrero), 2. La hormiga (L. Guerrero), 3. El flautista mágico (M. Morales), 4. Que tengas felicidad (L. Dan), 5. El martillito (L. Hays - P. Seeger)",
1390,Tío Gamboín,,Tío Gamboín,,,LP,Discos Gamboín,G-001,,México,s/d,"Lado A: 1. La mañanitas (D. P. - R. Gamboa), 2. El indito y su burrito (R. Gamboa), 3. El soldadito (R. Gamboa), 4. Navidad (R. Gamboa), 5. El carrusel (R. Gamboa), 6. Los gatitos (R. Gamboa); Lado B: 1. Viaje a la luna (cuento) (R. Gamboa)","Tiene el mismo contenido que el fonograma 139, aunque en distinto orden."
1391,Para mis queridos sobrinos,El Tío Gamboín,Tío Gamboín,,,LP,Trébol - MUSART,T 10647,,México,1977,"Lado A: 1. Las mañanitas, 2. El soldadito (R. Gamboa), 3. El indito y su burrito (R. Gamboa), 4. El carrusel (R. Gamboa), 5. Los gatitos (R. Gamboa), 6. Navidad (R. Gamboa); Lado B: 1. Viaje a la luna (R. Gamboa)","Arreglos: Ramiro Gamboa. Tiene el mismo contenido que el fonograma 139, aunque en distinto orden."
1392,Cuentos y canciones con Tío Gamboín,,Tío Gamboín,,,LP,Trébol - MUSART,T 10715,,México,1977,"Lado A: 1. Día del niño (R. Llano L. - S. Jiménez S.), 2. La escuelita (R. Gamboa), 3. Canto a mamá (R. Llano L. - S. Jiménez S.), 4. Quisiera ser alguien (R. Gamboa), 5. El buen Santa Claus (M. Sánchez G.), 6. El regalo de los Reyes Magos (R. Llano L. - S. Jiménez S.); Lado B: 1. Aladino y la lámpara maravillosa (Adapt. B. Gamboa de M.), 2. Caperucita Roja (Ch. Parrault Adapt. B. Gamboa de M.), 3. El gato con botas (Ch. Parrault Adapt. B. Gamboa de M.), 4. La bella durmiente del bosque (Ch. Parrault Adapt. B. Gamboa de M.), 5. El Mago de Oz (L. Frank B. Adapt. B. Gamboa de M.)",
1393,Un coro de delfines,,Cepillín,,,LP,ORFEÓN,LP-S-25-25029,,México,1989,"Lado A: 1. Un coro de delfines (R. Mochulske - R. González - A. Concepción - P. Rossino), 2. Yo tenía una orquesta (Nazareno), 3. La computadora (R. Mochulske - R. González - A. Concepción - P. Rossino), 4. El espacio sideral (R. Mochulske - R. González - A. Concepción - P. Rossino), 5. La gimnasia (R. Mochulske - R. González); Lado B: 1. El parque de diversiones (R. Mochulske - R. González), 2. Tengo un espejo (A. Tolega), 3. Alibombo (W. Valdi - S. Martí), 4. A festejar, Feliz cumpleaños, Feliz en tu día
La mañanitas (R. Mochulske - R. González / D. P. / Gaby, Fofo y Miliki / D. P.), 5. Batdance / Batman (Prince - Vers. En Esp. R. Mochulske - R. González)",
1394,Las canciones de Cepillín,,Martillín,,,LP,Discos Ola,OLP-5077,,México,s/d,"Lado A: 1. En un bosque de la China (R. Ratt), 2. Amor chiquito (N. Farfán - F. López), 3. Popotitos (L. Williams), 4. Pan con mantequilla (L. Perks - J. Tumbow), 5. Fiebre del Cepillín (B. Robin - M. Glob - Okamura); Lado B: 1. Fiebre en el corazón (Engelman - Tena), 2. Blanca Navidad (I. Berlin - R. González), 3. Noche de paz (F. Gruber - Estivil - R. González), 4. Jingle Bells (U. Piertont - P. Bennett - R. González), 5. Yo quiero ser como papá (R. Armenta)",
1395,Nosotros también tenemos la fiebre,,Cepillín,,,LP,ORFEÓN,S.A.5002,,México,1978,"LP 1 Lado A: 1. Fiebre del Cepillín ""Night Fever"" (B. Gibb - R. Gibb - M. Gibb - Okamura), 2. Fiebre en el corazón ""Melodía de Amor"" (H. Salvador - Nájera / Saenz), 3. Pillín oh travuelta, oh travuelta, oh travuelta (R. González - L. Salazar), 4. Fiebre en la escuela (R. González - L. Salazar), 5. Fiebre del Cepillín Bill (L. Salazar); Lado B: 1. Fiebre de la pandilla (R. González - Okamura), 2. Fiebre del viernes en la tarde (R. González - Okamura), 3. Bailando feliz ""Stayin Alive"" (K. Richardson - A. Galuten - Okamura), 4. Fiebre del Socotroco (R. González), 5. Fiebre de la brujita (H. Sainz - V. Valdéz); LP 2 Lado A: 1. Vaselina (Grease) (B. Gibb - Okamura), 2. Soy el campeón (R. González), 3. Rock latino (L. Salazar), 4. El café del rock (R. González - L. Salazar), 5. Noche de verano (Summer nights) (W. Casey - J. Jacobs); Lado B: 1. Eres todo mi amor (Youre the one that I want) (J. Farrar), 2. Vístete de rock (R. González), 3. Bailando el rock (L. Salazar), 4. Matilda (H. Tomas), 5. Speedy González (Kaye - Hill - Lee - V. Valdéz); LP 3 Lado A: 1. En un bosque de la China (R. Ratti), 2. El rey de Hawaii (Omero), 3. Amor chiquito (N. Farfán - F. López), 4. Nene bueno (Luis Covarrubias), 5. La piñatota (R. Hérnandez S.); Lado B: 1. Día de reyes (L. Salazar), 2. Popotitos (L. Williams), 3. Pan con mantequilla (L. Parks - J. Turnbow - J. González), 4. La piñata (F. A. de Astiazarán), 5. El secuestro de la lechuga (R. Sainz - V. Valdéz)",Álbum de tres discos.
1408,Festival infantil de Quico,,Quico,,,LP,EMI Capitol,SLEMNC-845,,México,1976,"LP 1 Lado 1: 1. Anda di que sí (Juan Carlos / Ch. Correa), 2. Me doy (Ma. L. Romero / Ch. Correa), 3. No llores, Quico (Ma. L. Romero / Ch. Correa), 4. Ahora que soy tu amigo (Juan Carlos), 5. El semáforo (Juan Carlos); Lado 2: 1. Chusma, chusma (Juan Carlos / Ch. Correa), 2. Ya cállate, cállate que me desesperas (Juan Carlos / Ch. Correa), 3. No me simpatizas (Juan Carlos), 4. Quico el silbador (Ma. L. Romero / Ch. Correa), 5. No seas flojo (Juan Carlos); LP 2 Lado 1: 1. Yo soy (R. González / Ch. Correa), 2. El sombrero de Gaspar (F. P. Morgades), 3. ¡Ay! cuánta basura (J. Poll / I. Medina), 4. La rueda, rueda (La rueda) (Juan Carlos), 5. La balada de Quico (R. González / Ch. Correa); Lado 2: 1. Borra, borra eso (D. López), 2. Canta y verás (E. Aragón), 3. El chiste del juego (J. Poll / I. Medina), 4. La historia de mi vecina (G. Aragón B. / E. Aragón B. / B. Rodríguez), 5. Llega la Navidad (T. Aragón A.); LP 3 Lado 1: 1. El borriquito (P. P. Calaf), 2. La balada del vagabundo (La ballata del Pedone) (V. Pierantoni), 3. El diablito loco (Pickle up a deodle) (J. Joy), 4. Una sonrisa (Palito Ortega), 5. Qué dije (What´d I say) (R. Charles); Lado 2: 1. Tin marin de do pingüe (L. Guerrero), 2. La hormiga (L. Guerrero), 3. El flautista mágico (M. Morales), 4. Que tengas felicidad (Leo Dan), 5. El martillito (L. Hays / P. Seager)","Álbum de tres discos; solo se cuenta con dos: el segundo y el tercero, pero se registra el contenido del primer disco en esta ficha de acuerdo a la contraportada."
1458,Navidad con Topo Gigio,,Topo Gigio,,,LP,Discos Cisne -RAFF,RF-929,,México,1969,"Lado A: 1. Navidad (J. Lon - Carson - E. Arnold), 2. Spazzacamino (Rusconi - Cherubini), 3. Jingle Bells (Pier), 4. Coro-Coco (Popular), 5. Ay, para Navidad (Popular); Lado B: 1. En un burrito orejón (Schlighter - Castillo), 2. El globito (M. Perego), 3. Noche de paz (Gruber - Giacorma - Curcí), 4. Los Reyes Magos (Popular), 5. Estrellitas de Navidad (M. Perego)",
1459,Cri-Cri Vol. III,,Flavio,,,LP,CORO,CI-111,,México,1968,"Lado A: 1. La marcha de las canicas (F. Gabilondo S.), 2. Las campanitas (F. Gabilondo S.), 3. Lunada (F. Gabilondo S.), 4. El ropavejero (F. Gabilondo S.), 5. El perrito (F. Gabilondo S.); Lado B: 1. Rusiana (F. Gabilondo S.), 2. El fantasma (F. Gabilondo S.), 3. Negrita Cucurumbé (F. Gabilondo S.), 4. Los caballitos (F. Gabilondo S.), 5. Juan Pestañas (F. Gabilondo S.)",
1464,Las ardillitas juguetonas y la amiga lechucita,,"Chucho Rincón (vz), Martha Cano Rincón (vz)",,,LP,Ariola,ML-5077,,México,1978,"Lado A: 1. Baño navideño (R. Méndez del C.), 2. Dos alegres ardillitas (J. Carballo), 3. Mamacita ¿dónde está Santa Claus? (Parker - Grenier - Gutiérrez), 4. Copos de nieve (M. C. Rincón - Ch. Rincón), 5. Rodolfo el reno de la nariz roja (J. Marks); Lado B: 1. Los nenes con los nenes (L. Kalaff), 2. Duerme, duerme (M. C. Rincón - Ch. Rincón), 3. La muñeca de pan (R. Méndez del C.), 4. Piñata navideña (B. Rosalía - M. Rincón), 5. El viejecito en su trineo (M. C. Rincón - Ch. Rincón)",
1474,Las 7 brujitas,,Carlos Oropeza,,,LP,Harmony-CBS,HL-8206,,México,s/d,"Lado 1: 1. Las siete brujitas, 2. La ollita mágica; Lado 2: 1. La cucaracha y la pulguita, 2. La princesa y el chícharo",
1475,Topo Gigio,El mejor regalo de Navidad,Topo Gigio,,"Mario Ferrer (vz), Pepino Mazzullo (vz), Sandy y Pao Ortiz (cr), Rafael Héctor Guadarrama (cr)",LP,Philips-Polygram,MIX 3098,,México,1986,Lado 1: 1. El mejor regalo de Navidad (O. Wilson / C. Gallego / M. Barabino / M. Perego); Lado 2: 1. Los Reyes Magos (A. Ramírez),Otros créditos en contraportada.
1480,Rondas infantiles,,Rondalla Chapultepec,,,LP,Discos Chapultepec,CHE-10008,,México,1978,"Lado 1: 1. A la víbora de la mar, 2. La muñeca, 3. Milano, 4. Amoato, 5. El pescadito; Lado 2: 6. Juan Pirulero, 7. Los perritos, 8. Pinpon, 9. El barquito, 10. El lobo",
1486,Milagro y magia Vol. 3,,Florinda Meza,,"Miguel Palmer (vz), Miguel Ángel Infante (vz), Moisés Suárez (vz), Héctor Yaber (vz), Laura Luz (vz), Leticia Montaño (vz), Alberto Ángel ""El Cuervo"" (vz), Ignacio Gutiérrez (pn), Lorenzo Gutiérrez (vl), Gildardo Mojica (fl)",LP,Discos América,LDD/066,,México,1991,"Lado A: 1. Aristócratas (R. Gómez B. - W. Gutiérrez), 2. Las tardes del Ritz (Retana - Monreal), 3. Uno (Dicepolo - Mores), 4. Su majestad el chotis (M. Font), 5. La machicha (J. Cárdenas - P. Badía), 6. Nocturnal (J. S. Marroquín), 7. Di por qué (F. Gabilondo S.), 8. Hoja seca; Lado B: 1. Cuadros disolventes (vino tinto con sifón) (M. Nieto), 2. A una ola (M. Grever), 3. El negrito bailarín (F. Gabilondo S.), 4. La cita (G. Ruiz), 5. Anoche (G. Curiel), 6. Vagabundo (F. Baena), 7. ¿Tú, dónde estás? (G. Ruiz), 8. Dime (G. Curiel), 9. Cada noche un amor (A. Lara)",
1487,Los éxitos de Cepillín en la voz de Rubén Fernández Chirrión,,Rubén Fernández Chirrión,,Conjunto Les Pipos,LP,Fer Records,FER-562,,México,s/d,"Lado A: 1. En un bosque de la China (R. Ratt), 2. Tomás (Loudermilk - Valdéz), 3. La feria de Cepillín (L. Salazar), 4. Un día con mamá (M. Morales), 5. Las mañanitas (D. P.); Lado B: 1. Vamos a la escuela (R. Sainz - V. Valdéz), 2. Los tres cochinitos (F. Gabilondo S.), 3. Amor chiquito (N. Farfán - F. López), 4. Cepillín (J. R. Vallejo), 5. La fiesta (Ma. E. Aguirre)",
1491,Vibra con El gorila y su pandilla,,El gorila y su pandilla,,,LP,s/d,D-2006,,México,s/d,"Lado 1: 1. Tema del gorila y su pandilla (G. Luna), 2. Loco me volví (F. Soto - A. Luna), 3. Niños, niños (G. Luna), 4. Napolitano (F. Soto - A. Luna), 5. La rumba de la hormiga (G. Luna); Lado 2: 1. Púrpura (G. Luna), 2. En la montaña (F. Luna), 3. Rana, rana (F. Soto - A. Luna), 4. Corre sin parar (C. López), 5. Oky, oink (F. Luna)",
1492,En el Año internacional del niño Los cachorros son el ritmo,,Los cachorros,,,LP,Discos Helix,IMPL 2084,,México,s/d,"Lado A: 1. Casimiro (Bores - Fernández - Angarite), 2. Hay una chica (S. Uc Gutiérrez), 3. Cielito lindo (Q. Mendoza), 4. Mi cafetal (C. Salcedo), 5. La burra de Chencho (K. Seguramay); Lado B: 1. La cucaracha (J. de J. Martínez), 2. Los soldaditos (Ch. Cervantes), 3. Fronteras de mis recuerdos (R. Centeno), 4. Porque tú me has olvidado (S. Uc Gutiérrez), 5. Rosita (D. A. R.)",
1509,Cuentos y canciones infantiles,,s/d,,,LP,Discos FM,"AFM-2007, FM-124, FM-208 y FM-ST.188",,México,s/d,LP 1 Lado A: 1. Caperucita roja; Lado B: 1. El gato con botas; LP 2 Lado A: 1. Blanca Nieves y los siete enanos; Lado B: 1. Los tres cochinitos; LP 3 Lado A: 1. Los tres pelos del diablo; Lado B: 1. La casita de chocolate,Álbum de tres discos.
1510,Chabelo,,Chabelo,,Orquesta de Gustavo Pimentel,LP,DIMSA,DML-9026,,México,1976,"Lado A: 1. Mamacita dónde está Santa Claus (Parker-Grenier-Gutiérrez), 2. Aladino (Cabanillas - Camillomi), 3. Tilin feliz (G. Pimentel), 4. El rock del bebé (S. Buriand - Don Elliot), 5. Patatina (Cicliacci-Meccia); Lado B: 1. Cha cha cha de Navidad (J. L. González), 2. Qué tráfico compadre (Pérez A.), 3. Los juguetes (A. Tatoo), 4. Cha cha cha de be bop (W. Albimoor - J. Rolle), 5. Coco no hay (S. Corona)",
1511,Topo Gigio,,Topo Gigio,,,LP,RAFF,RF-927,,México,1969,"Lado A: 1. Gotas de lluvia sobre mi cabeza (Bacharach - David), 2. Tiritando (Charlie Tonto), 3. La flor de la canela (Ch. Granda), 4. Paloma blanca (Salcomata - Cherubini), 5. Potpourrí. Te regalo mis ojos - Sin condición - Un muchacho igual que todos; Lado B: 1. La nave del olvido (D. Ramos), 2. 44 gatos (Caserini - M. Perego), 3. La malagueña (D. P.), 4. Sombras (Brito - Sansores), 5. La vida en rosa (Louiguy - Piaf), 6. La manera como luces esta noche (Fields - Kern)","En contraportada: ""Milán, Italia, 1959. México, D. F., 1969."""
1512,1er. Festival de la canción infantil de Radio Variedades,,"Chespirito y su compañía. El Chavo (L1, 1, 2), La Chilindrina (L1,1, Lado 2, 1), Popis ( L1, 1), Ñoño (L1, 1, 3),  Doña Florinda (L1, 4, L2, 3), Profesor Jirafales (L1, 5, Lado 2, 2), La Bruja del 71 (L2, 5)","Familia Chavira Oliva (L2, 4)",,LP,Fontana,LPM 10076,,México,1979,"Lado 1: 1. La marcha de los Santos Reyes (J. G. Zúñiga H.), 2. Nueve mayos (V. M. Zaldívar), 3. Paco el bueno (P. Toscano), 4. Y lo amo (C. Hernández), 5. De color de rosa (R. Ortega B.); Lado 2: 1. Mi papi es un papi muy padre (P. Toscano), 2. El burro Matías (J. López M.), 3. La princesa palomita (J. López M.), 4. Escucha a un niño decir (M. Chavira O.), 5. Anhelo (Ma. E. Layé de P.)",Otros créditos en contraportada.
1513,Lupita D´Alessio y Cepillín,,Lupita D´Alessio y Cepillín,,"Alba Zatz (vz), Mary Paz Banquells (vz), Juan Antonio Edwards (vz), Rocío Banquells (vz), Julio Alemán (vz)",LP,ORFEÓN,JM-326,,México,1981,"LP 1 Lado A: 1. Mundo de juguete (Silvetti / Manzanero), 2. Mi gatito Misifu (R. González), 3. Marcelino pan y vino (Savona / Giacobetti / Salazar), 4. Superman I (O. González), 5. Cicati-cika (Chiaravalle / Serengay / Domínguez); LP 1 Lado B: 1. La burrita (V. Romero), 2. Érase una vez (Aveva un bavero) (M. Pnzeri / Ripa / B. Molar), 3. El piojo y la pulga (F. Gil), 4. Canicabezocola (N. Velázquez / V. Capitini / G. Malgoni), 5. Los animalitos del bosque (L. Salazar); LP 2 Lado A: 1. Obertura (O. Hammerstein II / R. Rodgers / A. Carbajal), 2. El eco de la música (The sound of music) (O. Hammerstein II / R. Rodgers / A. Carbajal), 3. Ding-dong (O. Hammerstein II / R. Rodgers / A. Carbajal), 4. María (O. Hammerstein II / R. Rodgers / A. Carbajal), 5. Las cosas que me hacen feliz (Things that make me happy) (O. Hammerstein II / R. Rodgers / A. Carbajal) ; Lado B: 1. Do re mi (O. Hammerstein II / R. Rodgers / A. Carbajal), 2. Tienes dieciséis años (Sixteen going on seventeen) (O. Hammerstein II / R. Rodgers / A. Carbajal), 3. La canción del pastor (Shepherd song) (O. Hammerstein II / R. Rodgers / A. Carbajal), 4. El eco de la música (The sound of music) (O. Hammerstein II / R. Rodgers / A. Carbajal), 5. Edelweiss (O. Hammerstein II / R. Rodgers / A. Carbajal), 6. Sube a la cima (Climb ev´ry mountain) (O. Hammerstein II / R. Rodgers / A. Carbajal); LP 3 Lado A: 1. La plaga (Marascalco / Blackwell), 2. Tomás (Loudermilk / Valdéz), 3. Pan con mantequilla (L. Parks / J. Turnbow / J. González), 4. La carrera del oso (J. P. Richardson / L. Salazar), 5. Popotitos (L. Williams); Lado B: 1. Rock de la carcel (Leiber / Stolier), 2. Speedy González (Kaye / Hill / Lee / J. Valdéz), 3. Café del rock (R. González / L. Salazar), 4. Rock latino (L. Salazar), 5. Matilda (H. Thomas / N. Span)",Álbum de tres discos. Se cuenta solamente con el 1 y el 2. El contenido del tercero fue tomado de la contratapa del fonograma.
1514,Regaliz,,Regaliz,,,LP,MUSART,EDI 60692,,México,1982,"Lado A: 1. Veo, veo, 2. Spiderman, 3. El trenecito, 4. Tom Sawyer, 5. Sube al desván; Lado B: 1. Mujer araña, 2. Ratón vaquero, 3. Scoubidou, 4. En la isla de los monstruos, 5. Vaya mentira",
1557,Un cántico nuevo,,Manuel Bonilla,,Coro de niños Los Ángeles,LP,s/d,1240,,[México],s/d,"Lado A: 1. Pescadores yo os haré, 2. Dos manecitas doy a Cristo, 3. Un cántico nuevo, 4. Pajarito canta tú, 5. Ando con Cristo; Lado B: 1. A la escuela dominical, 2. El hombre sabio, 3. Lámpara es a mis pies tu palabra, 4. Zaqueo, 5. Viene por mí",
1558,Canciones infantiles,,"Yolanda del Campo y Conjunto de Carlos Oropeza, La Cenicienta y su conjunto",,,LP,CORO,SLKI-203,,México,s/d,"Lado A: 1. En el agua clara (D. P.), 2. El músico (D. P.), 3. El patio de mi casa (D. P.), 4. Mambrú (D. P.), 5. A la rorro niño (D. P.), 6. Cantando cantamos (D. P.); Lado B: 1. Patito, patito (D. P.), 2. Los perritos (D. P.), 3. Aserrín, aserrán (D. P.), 4. La viudita (D. P.), 5. Las horas (D. P.), 6. La máquina (D. P.)",
1559,Nachito,,Nachito,,Jimmy y sus bárbaros,LP,Discos Caleidofon,CF-22,,México,s/d,"Lado A: 1. El billetero (R. Inclán), 2. Yo no quiero un hermanito (J. C. Gil), 3. Mi vieja (M. Muñoz), 4. Pedacito de pan (J. Horno - G. Canosa), 5. El niño del tambor (K. K. Davis - Clavero); Lado B: 1. El marcianito (T. de Rose), 2. Mamita mamá (Ch. Miranda), 3. Yo los quiero a los dos (P. Camarena M.), 4. Guitarra (A. Martínez), 5. Esta es la primera vez (G. Correa A.)","Producción, arreglos y dirección: José M. Silva. El intérprete infantil aparentemente es peruano."
1560,Pedrito Fernández,,Pedrito Fernández,,,LP,CBS,DCS-890,,México,1979,"Lado A: 1. Mamá solita (B. Bermúdez), 2. Sin la misma sangre (H. Aguilar), 3. María María (Juan Gabriel), 4. Consejos de un niño (B. Bermúdez), 5. Flor de durazno (B. Bermúdez); Lado B: 1. La del sombrerito (P. Lugo), 2. Seré licenciado (I. Coronel), 3. Flores a mi madre (R. Suárez V.), 4. Mi potro patas blancas (H. Aguilar), 5. Anda a buscar a María (R. Martínez - R. Tovar)",Arreglos y dirección: Pedro Ramírez.
1561,Los niños del mundo,,Topo Gigio,,,LP,Philips,LPR-15334,,México,1987,"Lado 1: 1. Los niños del mundo (R. Mochulske / E. Londaits / Adap. C. Gallego), 2. El mosquito atrevido (R. Mochulske / E. Londaits / C. Gallego / M. Lorena), 3. Mamá maestra (R. Mochulske / E. Londaits / C. Gallego / M. Lorena), 4. Los ruiditos (R. Mochulske / E. Londaits / C. Gallego / M. Lorena), 5. Gigio Kioto (A. Concepción / P. Rossino / J. A. Rota); Lado 2: 1. No controles (I. Cano), 2. Por comer apurado (R. Mochulske / E. Londaits / C. Gallego / M. Lorena), 3. Mamá una hermana más (R. Mochulske / E. Londaist / C. Gallego / M. Lorena), 4. Mi nuevo hermanito (A. Concepción / P. Rossino / J. A. Rota), 5. Super papá (R. Mochulske / E. Londaist / C. Gallego / M. Lorena)",
1562,"Cantar, cantar... jugando con Los pitufos",,Los pitufos,,,LP,HELIX,HXLPI-T-17121,,México,1983,"Lado A: 1. Cantar, cantar (Stand by) (P. Kartner), 2. Dentro de un escaparate (Corbett / de Plesses H.), 3. Blanca nieves y los 7 pitufos (Thuis) (P. Kartner), 4. El pitufo y los indios (E. Mergency / R. Klunz), 5. Hoy es día de fiesta (Kei van amersfoort) (P. Kartner); Lado B: 1. Nuestra alegre canción (Corbett / de Plesses), 2. Carnaval (Aa´ me Hoelala) (P. Kartner), 3. Rock pitufo rock (E. Mergency /Helne / R. Klunz), 4. Anís verde (Mary Rose) (P. Kartner), 5. Venid a mi fiesta a bailar (Corbett / de Plesses)",Incluye una cubierta con las letras de todas las canciones.
1563,Aprende cantando con El duende Bubulín,,El duende Bubulín,,,LP,RCA,MKS-2043,,México,1975,"Lado 1: 1. La sopa (Juan Carlos), 2. Las notas musicales (Juan Carlos), 3. Tengo una casa chiquita (Juan Carlos), 4. Caminar, caminar, caminar (Juan Carlos), 5. Las flores (Juan Carlos); Lado 2: 1. El semáforo (Juan Carlos), 2. La rueda (Juan Carlos), 3. Mariposa (Juan Carlos), 4. Quiero volar, volar, volar (Juan Carlos), 5. Ahora que soy tu amigo (Juan Carlos)",Arreglos y dirección: Chucho Ferrer.
1564,Mundo de colores,El amigo de Dios canta,Pimpollín,,,LP,s/d,s/d,,México,s/d,"Lado A: 1. Hola (N. Rodríguez), 2. Pimpollin (L. García), 3. Amigo (N. Rodríguez), 4. La naranja, 5. Dios está aquí; Lado B: 1. Mundo de colores (N. Rodríguez), 2. Din, don, dan, 3. Los discípulos, 4. Feliz cumpleaños, 5. Despedida",
1565,La protesta infantil,,El payasito Piqui,,,LP,Discos Gas,FLAG-159,,México,1978,"Lado A: 1. La protesta infantil (G. M. Guerrero), 2. El relato (G. M. Guerrero), 3. La solución somos los niños (G. M. Guerrero), 4. El amigo verdadero (G. M. Guerrero); Lado B: 1. Tema de Piqui (G. M. Guerrero), 2. La fe de los animales (A. Muñoz A.), 3. Vamos a estudiar (G. M. Guerrero), 4. La guerra infantil (G. M. Guerrero)",
1566,El japonesito,Baby´s Gang,Baby´s Gang,,,LP,Discos Peerless,M/S 2415-7,,México,1986,"Lado A: 1. My Little Japanese boy - Mi pequeño japonesito (I. Spagna - A. Pignagnoli), 2. Step by Step -Paso a paso (I. Spagna - A. Pignagnoli), 3. Challenger -Desafío (I. Spagna - A. Pignagnoli), 4. Happy Birthday (to my mammy) - Feliz cumpleaños (a mi mamá) (I. Spagna - A. Pignagnoli); Lado B: 1. América (I. Spagna - A. Pignagnoli), 2. Happy Song -Canción feliz (I, Spagna - O. Bacciochi - Abacab), 3. Jamin -Aglomerados (I. Spagna - A. Pignagnoli)",
1567,Los Dwendolines,,Los Dwendolines,,,LP,Ramex,LP/FI-130,,México,1982,"Lado A: 1. Popeye (M. Cruz), 2. La banda viajera (J. C. Fogerty), 3. Físico (S. Kipner T.), 4. Así son (C. Peña), 5. Cuando un niño nace (C. Peña); Lado B: 1. Mosaico navideño (Renacimiento 74), 2. El marcianito BZZ...BZZ...(J. de J. Morales), 3. Escuadrón infantil (C. Peña), 4. Con el uno y con el dos (M. Rodríguez de H.), 5. Country rock de mi rancho (C. Peña)",
1568,Batimix de Micro Chips,,Micro Chips,,,LP,Melody,SU/082,,México,1989,Lado A: 1. América musical (Tito - M. Lafontaine / R. Ochoa); Lado B: 2. América musical (Tito - M. Lafontaine / R. Ochoa),Otros créditos en la portada.
1600,"Cuentos, juegos y rondas infantiles Vol. I, Vol. II y Vol. III",,Carmelita Molina,,,LP,Son-Art,AS-2013,,México,s/d,"LP 1 Lado A: 1. El juego de Juan Pirulero (D. P.), 2. Un día mi príncipe vendrá, 3. Ti toc...tic toc...(C. Molina), 4. Tengo una muñeca vestida de azul (D. P.), 5. La bella durmiente, 6. El trenecito (C. Molina); Lado B: 1. La rueda (D. P.), 2. Peter Pan, 3. El Profesor (C. Molina), 4. El verde limón (D. P.), 5. Quién teme al lobo feroz, 6. Mi muñeca (C. Molina); LP 2 Lado A: 1. Todas las mañanas (D. P.), 2. El burrito fortachón (C. Molina), 3. Dame un silbidito, 4. Arroz con leche (D. P.), 5. Cenicienta Bidibi-Bi-Bodidi-Bu, 6. La vaquita (C. Molina); Lado B: 1. Hilos de oro, hilos de plata (D. P.), 2. La marcha de Mickey Mouse (W. Disney), 3. Chipi... Chipi... (C. Molina), 4. Qué lindas son las aves (D. P.), 5. El amor es una canción (), 6. Campanitas de mi hogar (C. Molina); LP 3 Lado A: 1. Ya viene la niña (D. P.), 2. Un aguacerito, 3. La bandera (C. Molina), 4. Yo no soy buena moza (D. P.), 5. Hai ho Hai ho…, 6. Mañanitas (C. Molina). Lado B: 1. San Juan Bailón (D. P.), 2. Un sueño es un deseo, 3. La hormiguita afanosa (C. Molina), 4. Amapolita morada (Las mañanitas del Rey David) (D. P.), 5. El arte para mí, 6. La orquesta (C. Molina)","Álbum de tres discos. Vol I, Vol. II y Vol. III. Las siguientes canciones están tomadas de diferentes películas de Walt Disney: Disco 1, lado A, pista 2, Un día mi príncipe vendrá (de Blanca Nieves y los 7 enanos); pista 5, Peter Pan (de  la película del mismo nombre); lado B, pista 5, Quién teme al lobo feroz (de Los tres cochinitos); Disco 2, lado A, pista 3, Dame un silbidito (de Pinocho); pista 5, Cenicienta Bidi-Bodidi-Bu (de La Cenicienta); lado B, El amor es una canción (de Bambi); Disco 3, lado A, pista 2, Un aguacerito (de Bambi); pista 5 Hai ho hai ho (de Blanca Nieves y los 7 enanos); lado B, pista 2,  Un sueño es un deseo (de La Cenicienta), pista 5, El arte para mí (de Pinocho)."
1601,Infantiles favoritas Vol. 10,,Milissa Sierra. Las ardillitas,,,LP,CBS,DP-23 17-04-196,,México,s/d,"Lado A: 1. Caperucita Roja. Cuento, interpretación musical (T. Enríquez - M. Sierra), 2. Arroz con leche, 3. Sobre el puente de Avignon, 4. Mambrú se fue a la guerra; Lado B: 1. Blanca Nieves y los siete enanos. Cuento, interpretación musical (T. Enríquez - M. Sierra), 2. Aserrín, aserrán, 3. Tengo una muñeca, 4. Cu-cu cantaba la rana","En portada: ""Glammur presenta"". Se refiere al patrocinador."
1602,Aprende cantando y bailando las tablas de multiplicar,,Bozo. El payaso de los niños,,,LP,Discos Rex,R-709,,México,1980,"Lado 1: 1. Tabla de multiplicar del 1 (C. Molina), 2. Tabla de multiplicar del 2 (C. Molina), 3. Tabla de multiplicar del 3 (C. Molina), 4. Tabla de multiplicar del 4 (C. Molina), 5. Tabla de multiplicar del 5 (C. Molina); Lado 2: 1. Tabla de multiplicar del 6 (C. Molina), 2. Tabla de multiplicar del 7 (C. Molina), 3. Tabla de multiplicar del 8 (C. Molina), 4. Tabla de multiplicar del 9 (C. Molina), 5. Tabla de multiplicar del 10 (C. Molina)",Libreto y temas musicales: Carmelita Molina. Arreglos musicales: Jorge Ortega. Producción general: Jorge Acosta Segura.
1603,Lira Infantil,Primera parte. Material pedagógico,Imelda Rosado,,Judith Pérez Romero (pn),LP,s/d,1009,,México,s/d,"Lado A: 1. Dedicatoria (H. Vázquez M.), 2. La ""A"" (E. Vázquez M.), 3. La ""E"" (E. Vázquez M.), 4. La ""I"" (E. Vázquez M.), 5. La ""O"" (E. Vázquez M.), 6. La ""U"" (H. Vázquez M.), 7. La ""M"" (E. Vázquez M.), 8. La ""P"" (E. Vázquez M.); Lado B: 1. La ""N"" (H. Vázquez M.), 2. La""S"" (E. Vázquez M.), 3. La ""D"" (E. Vázquez M.), 4. La ""L"" (H. Vázquez M.), 5. La ""T"" (H. Vázquez M.), 6. La ""C"" (H. Vázquez M.), 7. La ""Q"" (E. Vázquez M.), 8. La ""B"" (H. Vázquez M.)","En la portada se indica: Enseñanza fácil, amena, alegre. Arreglos: José M. López Sánchez."
1604,Plaza Sésamo,,"Jaime Garza, Alejandro Ibarra, Raúl Rossi, Rosalía Valdez, Jaime Vega, Alberto Rodríguez Estrella, Rocío Ortiz, Romelia Agüero, Ana Silvia Garza, Justo Martínez, Salvador Sánchez",,,LP,Golondrina,LPLPG-03120,,México,1983,"Lado A: 1. Tema entrada (M. Méndez G.), 2. Tema de Sebastián (A. Dávila / M. Méndez G.), 3. La música (R. Valdez / M. Méndez G.), 4. ¿Por qué? (A. Rubín / M. Méndez G.), 5. Descubrir (P. Damián / M. Méndez G.), 6. Sésamo nos dice (R. Valdez / M. Méndez G.); Lado B: 1. Canción de Plaza Sésamo (A. Dávila / M. Méndez G.), 2. Cooperando (A. Rubín / M. Méndez G.), 3. Nada es fácil de arreglar (L. Sandoval / M. Méndez G.), 4. Viajen con su imaginación (L. Sandoval / M. Méndez G.), 5. Canción de Ana y Miguel (P. Damián / M. Méndez G.), 6. Cumbia del perico (L. Sandoval / M. Méndez G.)","En contraportada: Hecho en México por Gamma, S. A."
1605,El burrito de Belén,La rondallita,La rondallita,,,LP,Eco Perless,ECO-2578-1,,México,1975,"Lado A: 1. El burrito de Belén (H. Blanco), 2. Andinito (H. Blanco), 3. Cuando vaya a Margarita (H. Blanco), 4. Abuelita (H. Blanco), 5. A la Colonia Tovar (H. Blanco); Lado B: 1. Estampa campesina (H. Blanco), 2. La caracola (H. Blanco), 3. Tin Din (H. Blanco), 4. La estrellita (H. Blanco), 5. Anoche caminé (H. Blanco)",
1606,Juanito Farías,,Juanito Farías,,,LP,Musart,T-10912,,México,s/d,"Lado A: 1. Caballo de palo (O. Alfaro), 2. Jugador, jugador (A. Jean - B. Herrera), 3. Mi amigo (J. Rodríguez - S. Gómez), 4. ¿Qué es el amor? (J. C. Abara), 5. Amor de escuela (O. Alfaro); Lado B: 1. El visitante (R. Chávez R.), 2. Soñé, soñé (O. Alfaro), 3. Madre querida (MAS), 4. El sueño de Juanito (G. A. Santiago), 5. Canta pajarillo (J. Santos)",Arreglos: Chucho Ferrer. Dirección: Mario Tovar y Sagredo.
1607,Yeni la voz infantil,,Yeni,,"Mariachi ""Oro y Plata"" de Pepe Chávez, Chelo (vz)",LP,Trébol Musart,T-10761,,México,s/d,"Lado A: 1. Yo soy la de la mochila azul (B. Bermúdez), 2. Don din don (R. Rojas Ch.), 3. Tristes vacaciones (J. Navarrete - G. A. Santiago), 4. A la orilla de un palmar (M. M. Ponce), 5. Vuela, vuela palomita (L. Barcelata); Lado B: 1. La texanita (R. Buendía), 2. Oye mamita (H. Aguilar), 3. Soy huerfanita (G. Parra), 4. Trista y sola (C. Pérez R.), 5. Como extraño a mi mamá (T. Paiz)",Arreglos: Gustavo Santiago y Salomón Jiménez S. Dirección: Jorge Navarrete.
1608,Rodrigo Torres,,Rodrigo Torres,,"Mariachi Oro de México, Conjunto Los caporales del norte",LP,Discos Alondra,AL 001,,México,s/d,"Lado A: 1. Pollito cantador (J. del Roble), 2. Yerno modelo (J. del Roble), 3. Amor en oferta (J. del Roble), 4. Mi vecinita (J. del Roble), 5. La rosa y el rey (J. del Roble); Lado B: 1. Canta y no llores (J. del Roble), 2. Dilema de niño (J. del Roble), 3. Amor puro y sano (J. del Roble), 4. Yerba y sangre (J. del Roble), 5. La mujer de los hilos de plata (J. del Roble)",
1609,El Payasito,Cantos y juegos para el Jardín de niños,Celia Garduño Díaz Chávez,,,LP,Discos Jardín,JLP-2006,,México,s/d,"Lado A: 1. Ritmo... piecitos alegres (C. Calderón C.), 2. Ritmo... siseando (C. Calderón C.), 3. La margarita (R. Zapata - M. M. Ponce), 4. Ya llueve ya llueve, 5. El granizo (L. López O.), 6. Tres caracoles, 7. Caracoles (A. Orozco), 8. Las nubes (R. Zapata - P. Peláez), 9. El pececito (R. Zapata), 10. La mosca, 11. Las hormiguitas (A. Martínez - A. G. de Meza), 12. Marzo (L. M. Serradell - C. Calderón C.); Lado B: 1. Lo que dice el sol (L. M. Serradell - C. Calderón C.), 2. Abril (L. M. Serradell - C. Calderón C.), 3. Familia (L. M. Serradell - C. Calderón C.), 4. Julio (L. M. Serradell), 5. Agosto (L. M. Serradell - C. Calderón C.), 6. Gotitas de agua (L. M. Serradell - C. Calderón C.), 7. La barquita (C. Calderón), 8. Barcarola (L. M. Serradell - C. Calderón C.), 9. Patitos (L. M. Serradell), 10. El payasito (L. M. Serradell - C. Calderón C.), 11. Maquinita de carbón, 12. Padre querido (J. P. de Montalvo), 13. Rondas tradicionales infantiles: 
a) Juan Pirulero
b) El lobo",Incluye un cuadernillo con las letras de las canciones.
1610,Popitos,La canción de E.T. el extraterrestre,Popitos,,,LP,Musart,EDI 60726,,México,1983,"Lado A: 1. La canción de E.T. -El extraterrestre- (C. Moncada - F. Lapardi), 2. Colores (M. Gastaldo), 3. A tu aire, Sr. Viento (R. Selles - G. Kroy), 4. La pipa de papá (A. Carvajal - L. Price - A. Zehenas), 5. La canción de E. T. (reprise) - El extraterrestre- (C. Moncada - F. Lapardi); Lado B: 1. Mi fiesta será así (A. Carvajal - L. Price - A. Zehenas), 2. Tartamudeo (C. Moncada), 3. Comecocos (M. de la Calva - R. Arcusa), 4. Mi amigo Pom (C. de Natale - Guido - M. de Angelis), 5. Los animalitos (P. Moraleda - A. Zehenas - L. Price)",
1611,Baby Disco,,,,"Ernesto Baquero (gt), Ma. Elena Muelas (cr), Mercedes Doreste (cr), Conchi Arévalo (cr), Ruth del Castillo (cr), Lisa del Castillo (cr), Elsa Pinilla (cr)",LP,EMI - Capitol,SELMN-1493,,México,1987,"Lado A: 1. La bamba (Tradicional), 2. Quién es esa chica (Who's that Girl) (Madonna - Patrick L.), 3. Solo contigo -Contigo o sin ti- (With Or Without You) (U2 - Adapt. P. Pinilla), 4. Viviendo en una oración (Livin' on a Prayer) (Bon Jovi - R. Sambora - D. Child - Adapt. P. Pinilla), 5. Malo (Bad) (M. Jackson); Lado B: 1. Tímido (P. Pinilla - L. C. Esteban), 2. Caminando como egipcio (Walk Like an Egyptian) (L. Sternberg - Adapt. P. Pinilla), 3. Toda la vida (Tutta la vitta) (L. Dalla), 4. Besos de ceniza (Riba - Campos), 5. Ay qué pesado (I. Cano)","Realización, producción y adaptaciones: Pablo Pinilla. Productor ejecutivo: Miguel Blasco."
1612,Grupo Rarix,,Grupo Rarix,,,LP,MELODY,MEL 250,,México,s/d,"Lado A: 1. Rarix Triki (P. Toscano), 2. Instrumentos mágicos (Rany), 3. Jugar, jugar (Rany - Laduart), 4. El muñeco Paki Kuki (Laduart); Lado B: 1. Aprendiendo (Ruzty), 2. Todos a girar (Ryko), 3. Cantando yo lo sé (Rany - Jurama), 4. Miniopus: yo estoy muy loco (Rany), 5. No me quiero casar (Laduart)",
1613,El mundo y los amigos de El duende Bubulín,,El duende Bubulín,,"Los ositos (cr),  Los Klainer (cr)",LP,RCA CAMDEN,CAMS-901,,México,1977,"Lado 1: 1. El duende Bubulín (Introducción) (Juan Carlos), 2. Vamos de paseo (Juan Carlos), 3. Papo el zapato (Juan Carlos), 4. Mi barquito de papel (Juan Carlos), 5. No seas flojo (Juan Carlos); Lado 2: 1. Nicasio el payaso (Juan Carlos), 2. Yeyo el camello (Juan Carlos), 3. Tita la perlita (Juan Carlos), 4. La locomotora (Juan Carlos), 5. El duende Bubulín (despedida) (Juan Carlos)",Todas las canciones de Juan Carlos (El duende Bubulín). Arreglos y dirección: Chucho Ferrer.
1614,Sonora Santanera,,Sonora Santanera,,,LP,CBS,DCS-878,,México,1979,"Lado A: 1. Negrita Cucurumbé (F. Gabilondo S.), 2. Sueño infantil (H. Aguilar), 3. La Caperucita (A. Legui), 4. Voy a soñar (H. Aguilar), 5. Un cuento (H. Aguilar); Lado B: 1. Pequeño (T. Méndez), 2. Cucarachita cha cha cha (J. Angulo G.), 3. El tamborcito de pirulí (A. Alcalá), 4. Muñeca de paja (R. Reyna), 5. Musita (C. Colorado)",Dirección artística: Federico Méndez. Arreglos y Dirección: Carlos Colorado.
1615,Carrusel infantil,,"Bartolo, Rondalla Chapultepec",,"Paloma Rodríguez (ad), Pablo Lezama (ad), Josefina Galindo (ad), Rosita González (pd), Guillermina Vázquez (pd), Lili Rodríguez (pd), Juan González (mn),  Lilia Lezama (gt), Seberiano Galindo (gt), Elizabeth Manny (gt), José Yáñez (gt), Manuel Vázquez (gt)",LP,Discos Chapultepec,"CH-3-003, CHE-10008, CHE-10009, CH-1-5003",,México,1978,"LP 1 Lado A: 1. Pinocho; Lado B: 2. El Mago de Oz; LP 2 Lado A: 1. Chistes blancos, 2. Maña mañ (U. Kleiff); Lado B: 1. Chistes blancos, 2. Maña maña (U. Kleiff); LP 3 Lado A: 1. A la víbora de la mar, 2. La muñeca, 3. Milano, 4. Amoato, 5. El pescadito; Lado B: 1. Juan Pirulero, 2. Los perritos, 3. Pinpon, 4. El barquito, 5. El lobo",Álbum de tres discos. Disco 1: Cuentos Infantiles. Disco 2: Bartolo solo para niños. Disco 3: Rondas infantiles. Director artístico: E. Obregón.
1616,"Rondas, cuentos, oraciones y canciones para niños",,,,,LP,Discos Guitarra,ATR-30026,,México,1979,"LP 1 Lado A: 1. Pulgarcito (Adapt. J. I. Cuadrado), 2. Blanca Nieves y los 7 enanitos (Adapt. J. I. Cuadrado); Lado B: 1. La Cenicienta (Adapt. J. I. Cuadrado), 2. Pinocho (Adapt. J. I. Cuadrado), 3. El libro de la selva (Adapt. J. I. Cuadrado); LP 2 Lado A: 1. Dime abuelito (de Heidi) (E. Kishida - T. Watanabe - C. Amart), 2. Vamos a la cama (A. Areta - M. Baratas - M.Rebollo / S. Moro), 3. La alegre calabaza (A. Waiztman), 4. Susanita (R. Pérez B.), 5. Oye (de Heidi) (E. Kishida - T. Watanabe - C. Amart), 6. Un globo, dos globos, tres globos (J. Sola); Lado B: 1. Amo ato (Popular), 2. El patio de mi casa (Popular), 3. Tengo una muñeca (Popular), 4. El cocherito Lere (Popular), 5. Dónde están las llaves (Popular), 6. Mambrú se fue a la guerra (Popular), 7. Una tarde fresquita de mayo estaba una pastora; LP 3 Lado A: 1. La bella durmiente (C. del Genil - L. Marsan), 2. Caperucita Roja (Adapt. J. I. Cuadrado); Lado B: 1. Presentación del hada Alegría y Porrito el payaso -La señal de la cruz-El Ave María-El Padre Nuestro-El Gloria la salve-El Credo-Señor mío Jesucristo-Yo pecador-Oraciones para antes y después de comulgar-Bendita sea tu pureza-Oración al ángel de la guarda-Jesusito de mi vida",Álbum de tres discos. Tiene el mismo contenido que el fonograma 1655.
1648,Fiesta para sus niños,,Nicky Santini,,"Sergio Pérez Jr. (or), José Luis Robles (bj), Ignacio Solís (gt), Fidel Hazar (bt),Garda y Berenice (cr)",LP,Fonomex,DS-807,,México,1977,"Lado A: 1. Un día con mamá (M. Morales), 2. Tomás (Laudermilk - Valdez), 3. Feliz cumpleaños (N. Santini), 4. El mundo es una bola (A. Lozano), 5. La Ramona (L. Postigo); Lado B: 1. La vecindad del Chavo (R. Gómez B.), 2. Óyelo, escúchalo (R. Gómez B.), 3. Peluchín (A. Lozano), 4. No llores Quico (Ma. L. Romero - Ch. Correa), 5. El Chapulín Colorado (R. Gómez B.)",Dirección artística: José Luis Robles.
1649,Encuentro,La música de Paco Chanona con la poesía de Jaime Sabines. Vol. 1,Paco Chanona y Orquesta,,"Ray Balbuena (pn), Memo Espinosa (tp), Pepe Domínguez (tp), Jesús Aguirre (tb), Rodolfo Sánchez Vega (sxb), Miguel Peña (gte), Rodolfo Quiroz (gt), Víctor Ruiz Pasos (bje), Alex Cerezo (bt), Luis Ravelo (vl), Gorgonio Cortez (vl), Francisco Nava (vl)",LP,CCD Discos,LP-CD-01,,México,s/d,"Lado A: 1. No quiero paz, no hay paz (J. Sabines - P. Chanona), 2. La niña toca el piano (J. Sabines - P. Chanona), 3. La música de Bach mueve cortinas (J. Sabines - P. Chanona), 4. En la orilla del aire (J. Sabines - P. Chanona), 5. Duérmete mi niño (J. Sabines - P. Chanona), 6. Pequeña del amor (J. Sabines - P. Chanona); Lado B: 1. Apenas mayordomo de mis penas (J. Sabines - P. Chanona), 2. Horal (J. Sabines - P. Chanona), 3. La cojita está embarazada (J. Sabines - P. Chanona), 4. Niña muerte (J. Sabines - P. Chanona), 5. Del mito, 6. Quiero apoyar mi cabeza en tus manos, Señor","Arreglos: Ángel Jalili y Paco Chanona. Producción general: Paco Chanona. Solo las pistas LA 2,  4 y LB 4 están dedicadas a los niños."
1655,"Rondas, cuentos, oraciones y canciones para niños",,,,,LP,Mediterráneo,ATR-30026,,México,s/d,"LP 1 Lado A: 1. Pulgarcito (Adapt. J. I. Cuadrado), 2. Blanca Nieves y los 7 enanitos (Adapt. J. I. Cuadrado); Lado B: 1. La Cenicienta (Adapt. J. I. Cuadrado), 2. Pinocho (Adapt. J. I. Cuadrado), 3. El libro de la selva (Adapt. J. I. Cuadrado); LP 2 Lado A: 1. Dime abuelito (de Heidi) (E. Kishida - T. Watanabe - C. Amart), 2. Vamos a la cama (A. Areta - M. Baratas - M.Rebollo / S. Moro), 3. La alegre calabaza (A. Waiztman), 4. Susanita (R. Pérez B.), 5. Oye (de Heidi) (E. Kishida - T. Watanabe - C. Amart), 6. Un globo, dos globos, tres globos (J. Sola); Lado B: 1. Amo ato (Popular), 2. El patio de mi casa (Popular), 3. Tengo una muñeca (Popular), 4. El cocherito Lere (Popular), 5. Dónde están las llaves (Popular), 6. Mambrú se fue a la guerra (Popular), 7. Una tarde fresquita de mayo estaba una pastora; LP 3 Lado A: 1. La bella durmiente (C. del Genil - L. Marsan), 2. Caperucita Roja (Adapt. J. I. Cuadrado); Lado B: 1. Presentación del hada Alegría y Porrito el payaso -La señal de la cruz-El Ave María-El Padre Nuestro-El Gloria la salve-El Credo-Señor mío Jesucristo-Yo pecador-Oraciones para antes y después de comulgar-Bendita sea tu pureza-Oración al ángel de la guarda-Jesusito de mi vida","Álbum de tres discos, solo se cuenta con dos: el primero y el segundo. Tiene el mismo contenido que el fonograma 1616."
1656,Regaliz,,Regaliz,,,LP,Discos Belter - Musart,EDI 60714,,México,1982,"Lado A: 1. Veo, veo (E. Rodrigo), 2. Vaya mentira (E. Aragón B. ""Miliki"" - A. Aragón A. ""Milikito""), 3. Yo quiero reír / Yo quiero jugar (C. Moncada - O. Rubio - F. Lapardi), 4. Do re mi (P. Moraleda), 5. El ratón vaquero (F. Gabilondo S.); Lado B: 1. Tiro, liro (Popular - C. Toro - M. Gas), 2. El baile del pingüino (D. A. R.), 3. Qué bonito mundo (C. Moncada - O. Rubio - C. Villa - F. Lapardi), 4. Nuestra fiesta (R. Girado), 5. El trenecito (G. Rincón - V. Rincón)",
1657,Duérmete mi niño,El pollito y la rosa,Milissa Sierra,,,LP,Harmony - Columbia,HL 8311,,México,1966,"Lado 1: 1. El niño y el chorrito, 2. Florecita, 3. El columpio, 4. El niño y el árbol, 5. Papá y mamá, 6. Todas las letras me sé, 7. Duérmete mi niño, 8. A la ro ro niño; Lado 2: 1. El pollito y la rosa (cuento musical)",Producción y dirección: Milissa Sierra. En contraportada se incluyen las letras de las canciones. En marbete tiene una pista en cada lado. El contenido aparece en la contraportada.
1658,Sandra y Mónica,,Sandra y Mónica,,La  alegre pandilla (cr),LP,ORFEÓN,LP-16H-5333,,México,1982,"Lado A: 1. Mi orquesta (Nazareno), 2. Son cinco las vocales (A. Correa), 3. Canta, canta, canta niño (N. Gurvich), 4. El conejito travieso (A. Correa), 5. Juan Gorrión (N. Gurvich); Lado B: 1. Se necesita mucho amor (Tartufo), 2. Los pollitos (A. Correa), 3. Que venga la madrina (J. Hernández), 4. Será como mamá y papá (N. Gurvich), 5. Din-don-dan, feliz Navidad (A. Correa)",Dirección artística: Alejandro Correa. Producción: Victorino Linares.
1659,Tita la abuelita,,Tita la abuelita,,"Grupo Pin Pon, Patricia Pérez Ferrat (cr), Jimena Ferreira (cr), Laura Pérez Ferrat (cr), Dorio Ferreira, Jr. (cr)",LP,Audioacústica,AELP004,,México,1983,"Lado A: 1. El jazz de los abuelos (M. O. de Barrientos), 2. Pin pon (M. O. de Barrientos), 3. Mamá compréndeme (M. O. de Barrientos), 4. Para perdurar (M. O. de Barrientos), 5. Vida sana (M. O. de Barrientos), 6. Niño enfermo (M. O. de Barrientos), 7. Juega con tu yoyo (M. O. de Barrientos); Lado B: 1. El caballito (M. O. de Barrientos), 2. El día de la madre (M. O. de Barrientos), 3. Adiós al colegio (M. O. de Barrientos), 4. Regreso de vacaciones (M. O. de Barrientos), 5. Ya puedo ser grande (M. O. de Barrientos), 6. Cuida el agua (M. O. de Barrientos), 7. Himno al maestro (M. O. de Barrientos)",Producción y arreglos: Raúl Garduño. En portada interior se incluyen las letras de las canciones.
1660,Nuevas canciones infantiles,Alegría para los niños con Paquín,Paquín,,,LP,Discos Ola,OLP 5055,,México,s/d,"Lado 1: 1. Niño ríe (A. Mejía), 2. Orquesta de payasos (Rafaela), 3. 1, 2 y 3 (A. Mejía), 4. El jarabito (Rafaela), 5. Mi madre es amiga (L. Méndez); Lado 2: 1. Las operaciones (Paquín), 2. El cochecito (L. Méndez), 3. La vida en broma, 4. Yo quiero ser mago (Rafaela), 5. Cumbia de aplausos (Rafaela)",
1661,Canciones Infantiles,,Chav´s y sus coros,,,LP,Cladrijo,CAJR-7735,,México,s/d,"Lado A: 1. Mambrú (D. P.), 2. En el agua clara (D. P.), 3. Las vocales (D. P.), 4. Los diez perritos (D. P.), 5. Los pollitos (D. P.); Lado B: 1. Duérmete mi niño (D. P.), 2. Cuánto me das marinero (D. P.), 3. Los elefantes (D. P.), 4. La rana (D. P.), 5. La pájara pinta (D. P.)","Producción y dirección: Adolfo Tapia Moreno.
Tiene el mismo contenido que el fonograma 1256."
1662,"Si bailas, si cantas",,Pingüicas,,,,"Ariola - Bertelsmann de México, S. A.",LAN-433,,México,1982,"Lado A: 1. No somos cocodrilos (S. Distel / A. R. García), 2. Si bailas, si cantas (R. Mochulske / Salako), 3. La tele (S. Rivas / R. Mochulske), 4. Mi compañero de banca (S. Rivas / R. Mochulske), 5. Noa-Noa (Juan Gabriel); Lado B: 1. Sausalito (L. M. Boom / R. Vunderik / Versión en español J. Garardo), 2. Sola (Out here on my own) (L. y M. Gore / Versión en español S. Rivas), 3. Canción a mi perrito (S. Rivas / R. Mochulske),  4. Ma, mamita, mamá (S. Rivas / R. Mochulske), 5. Nosotros los chicos (S. Rivas / R. Mochulske)",Dirección: Eduardo Toral. Dirección artística: Richard Mochulske.
1663,Temas de Cepillín,,Cepillín,,,LP,Orfeón,20H-5422,,México,1990,"Lado A: 1. La escalita de las notas (R. Mochulske / R. González / A. Concepción / P. Rosino), 2. Será como mamá y papá (N. Gurich), 3. Mi amiguito habla inglés (R. Mochulske / R. González), 4. Estas botas son para caminar (L. Hazelwood), 5. Un mundo de niños (R. Mochulske / R. González); Lado B: 1. Los tennis (R. J. Escamilla), 2. A guardar, a ordenar (R. Mochulske / R. González), 3. Concurso de baile (J. Pinilla), 4. El pastel (R. Mochulske / R. González / A. Concepción / P. Rosino), 5. Garabatos (J. Pardo)",
1664,Vamos a cantar,Las 10 canciones infantiles más favoritas de todos los tiempos,Coro de niños de Disneylandia,,,LP,Discos Disneylandia,WDM-20.025,,México,1981,"Lado 1: 1. Mambrú (Popular), 2. Mosaico infantil, Vamos a cantar, El barquito, El burrito, Sol solecito, Pinocho, Dominique, Miringa Mironga, 3. Ambos a dos (Popular), 4. Naranja dulce (Popular), 5. A la víbora (Popular); Lado 2: 1. Amigos (Popular), 2. Campesinita azul (R. Vázquez - B. Cuadros), 3. Doña Ana (Popular), 4. El cojo (Popular), 5. Arroz con leche (Popular)",Producido por José Silva.
1665,Canciones Infantiles,,Luz Bermejo,,Orquesta Calesita dirigida por B. Noriega,LP,Eco - Peerless,ECO 22,,México,s/d,"Lado A: 1. El perrito comilón, 2. El chanchito cuchi cuchi, 3. Don Juan tiene una casa, 4. La canción de la risa, 5. Sobre el puente de Aviñón, 6. Yo no soy buena moza, 7. Mi relojito de juguete, 8. Vecina, vecina mía, 9. Arroz con leche, 10. Solita y sola; Lado B: 1. Tengo una muñeca vestida de azul, 2. ¡Que llueva!, 3. Aserrín, aserrán, 4. La farolera tropezó, 5. La Cenicienta, 6. ¿Quién tiene miedo al lobo feroz?, 7. Marcelino pan y vino, 8. El alegre silbador, 9. Pinocho, 10. El ferroviario","En portada aparece: ""Una grabación Calesita""."
1666,El canto de la cigarra,,Onelio Jorge Cardoso y Teatro Taller Tecolote,,,LP,Centro Cultural Tecolote-UNAM,CCT890011,,México,1989,"Lado A: 1. Canción del trabajo (S. Rodríguez - A. Guía), 2. El escarabajo (S. Rodríguez - A. Guía), 3. La primavera (S. Rodríguez - A. Guía); Lado B: 1. Los que cambien el futuro (S. Rodríguez - A. Guía), 2. Canción para dormir al sapo (S. Rodríguez - A. Guía), 3. La fiesta (S. Rodríguez - A. Guía)",Producción: Centro Cultural Tecolote-UNAM. Otros créditos en contraportada. Incluye letras de las canciones en hoja interior.
1667,Los tres ratoncitos,,Los tres ratoncitos,,"Rafael Acosta Cordova (bt), Pepe Rodríguez (gt), Raúl Elizalde (tc), Javier Flores ""Zoa"" (bj), Ángel Martínez ""Cucaracho"" (pc), Pedro Encinas (sx),",LP,Musart -Trébol,T-10793,,México,1979,"Lado A: 1. ¿Dónde está Santa Claus? (P. Greiner - Scheck - R. Acosta C.), 2. ¿Sabe alguien dónde está el gato? (J. Rapasso - R. Acosta C.), 3. Pancho López (T. Blackerbun - G. Burns); Lado B: 1. Rockin´Robin (J. Thomas - B. Day - R. Acosta C.), 2. Popurrí navideño
Campanitas de Navidad, Paseo en trineo, Rodolfo el nariz roja, Blanca Navidad, Noche de paz, 3. Súper ratón (J. Leiber -M. Estoller - R. Acosta C.)","Arreglos, dirección y producción: Rafael Acosta Córdova. Otros créditos en contraportada."
1671,Villancicos navideños Vol.2,,Coral Voces blancas,,,LP,Discos Multimusic,DG-282,,México,1988,"Lado A: 1. Los peces en el río, 2. Campana sobre campana, 3. Dime niño, 4. La virgen va caminando, 5. Ay del chiquirritin, 6. Arre borriquito; Lado B: 1. La virgen fue lavandera, 2. Pastores venid, 3. Suena una pandereta, 4. Jesusito de mi vida, 5. Ya viene la vieja, 6. La virgen y San José",
1674,Canciones y juegos infantiles,,Compañía infantil de Televicentro de Armando Torres,,,LP,"RCA Víctor. BMG Bertelsmann de México, S.A de C.V.",6EVEL-02,,México,1989,"LP 1 Lado 1: 1. El chorrito (F. Gabilondo S.), 2. El ropero (F. Gabilondo S.), 3. Fiesta de los zapatos (F. Gabilondo S.), 4. La muñeca fea (F. Gabilondo S.), 5. El burrito (F. Gabilondo S.), 6. Negrito bailarín (F. Gabilondo S.); Lado 2: 1. Di porqué (F. Gabilondo S.), 2. Che Araña (F. Gabilondo S.), 3. La merienda (F. Gabilondo S.), 4. Jorobita (F. Gabilondo S.), 5. La maquinita (F. Gabilondo S.), 6. Los caballitos (F. Gabilondo S.); LP 2 Lado 1: 1. Llueve (F. Gabilondo S.), 2. Caminito de la escuela (F. Gabilondo S.), 3. El teléfono (F. Gabilondo S.), 4. El baile de los muñecos (F. Gabilondo S.), 5. El ropavejero (F. Gabilondo S.), 6. El gato de barrio (F. Gabilondo S.); Lado 2: 1. El perrito (F. Gabilondo S.), 2. La guacamaya (F. Gabilondo S.), 3. Rusiana (F. Gabilondo S.), 4. Mi burrita (F. Gabilondo S.), 5. Vals del rey (F. Gabilondo S.), 6. Canción de las brujitas (F. Gabilondo S.); LP 3 Lado 1: 1. La marcha de las letras (F. Gabilondo S.), 2. Ratón vaquero (F. Gabilondo S.), 3. La patita (F. Gabilondo S.), 4. Cucurumbé (F. Gabilondo S.), 5. Cochinitos dormilones (F. Gabilondo S.), 6. La olla y el comal (F. Gabilondo S.); Lado 2: 1. Marcha de las canicas (F. Gabilondo S.), 2. Tango medroso (F. Gabilondo S.), 3. Bombón I (F. Gabilondo S.), 4. Vals del trompo (F. Gabilondo S.), 5. El fantasma (F. Gabilondo S.), 6. El soldadito cojo (F. Gabilondo S.); LP 4 Lado 1: 1. Los maderos de San Juan ([D. P.]), 2. Al ánimo ([D. P.]), 3. La pastora ([D. P.]), 4. El milano ([D. P.]), 5. ¿A dónde vas Alfonso XII? ([D. P.]), 6. Juan Pirulero ([D. P.]); Lado 2: 1. El barco chiquito ([D. P.]), 2. Juego de vocales, 3. En el agua clara ([D. P.]), 4. El señor don gato ([D. P.]), 5. Los pollitos ([D. P.]), 6. De la una a las dos ([D. P.]); LP 5 Lado 1: 1. El romance del clavel, 2. El juego del calentamiento ([D. P.]), 3. La rana ([D. P.]), 4. Avena, avena ([D. P.]), 5. El Merecumbé, 6. La comadre Chema; Lado 2: 1. El relojito, 2. Los elefantes ([D. P.]), 3. Andándome yo paseando ([Tradicional]), 4. El conejito, 5. El calaverón ([D. P.]), 6. Califoris; LP 6 Lado 1: 1. A la víbora de la mar ([D. P.]), 2. Soy cojo de un pie, 3. Los padres de San Francisco ([D. P.]), 4. Doña Blanca ([D. P.]), 5. El caballito blanco (), 6. La pájara pinta ([D. P.]); Lado 2: 1. San Serafín ([D. P.]), 2. Don Pirulí ([D. P.]), 3. Que llueva, que llueva ([D. P.]), 4. Naranja dulce ([D. P.]), 5. Brinca la tablita ([D. P.]), 6. La paloma azul ([D. P.])","Álbum de seis discos. Dirección y orquesta: Juan S. Garrido. En el disco 3, pista 6 el nombre de la canción es El comal y la olla, se registró tal y como aparece en el fonograma."
1675,Festival Ídolos del futuro,Los niños le cantan a los niños,"José Julio, Dueto Imaginación, Sarahí, Sandra, Arely, Juan Carlos, Marimar, Luis Carlitos, Stefanie Salas, Gabriela A. Márquez y Ramsés Ortiz, Dueto Pijamitas, Raúl Reza, Carlos Alberto, Jesús, Alicia, Ulises, Ana Beatriz",,,LP,Golondrina,LPG-3148,,México,1985,"Lado 1: 1. Niña presumida (A. Algarín), 2. 1, 2, 3 (M. Eduardo), 3. Quiero ser como tú (Selem-Chapa), 4. Baby Rock (G. de la Paz), 5. Señores y señoras (L. Gómez Ll.), 6. Chicles, chocolates (M. Saavedra), 7. Pienso en él (Nazario), 8. Pensando (Vázquez-Méndez), 9. Tema del Festival (S. Andrade); Lado 2: 1. Los niños le cantan a los niños (S. Andrade), 2. Rock de las pijamitas (R. Guzmán), 3. Cara bonita (T. Paiz), 4. Electrocútame (Nazario), 5. El salsero (R. López), 6. Aniversario de bodas (E. Acosta), 7. Mi pequeño estrella (G. Fernández), 8. Despertar con música (J. Sánchez)","Arreglos: Alfredo Algarín, Elías Selem, Eduardo Perera, Pedro Palencia, Lázaro Muñiz, Sergio Andrade, Rodrigo Álvarez, Tomás Gonzaga, Ricardo López, Carlos Vargas."