album,cancion,id,autor,texto_crudo,Clasifiacion
A VIAJAR SE HA DICHO,Canción para arrullar a un grillito,A VIAJAR SE HA DICHO ||| Canción para arrullar a un grillito,,"Canción para arrullar a un grillito El grillito cantor que arrulla mis sueños se fue a dormir Al país de los cantos y de los cuentos, a descansar. La Patita, el Ché Araña, el Negro Sandía lo harán reír, Mientras que cada niño, con sus canciones, será feliz. Grillito Cantor, dulce CriCrí Déjame que te cante y que te cuente Como a tú a mí. Quiero arrullarte con mi canción, Negrito Bailarín que hoy tiene cuerda Baila para ti. Déjame oír tus cuentos con otros niños mi buen CriCrí, Porque aún en estos tiempos los mismos cuentos nos gusta oír. Jicote Aguamielero con la abejita se va a casar Y hasta el Chivo Ciclista, por ti, su barba se va a cortar. Cierra tus ojos, ahora a descansar, Aunque tú estés dormido, Tu hermoso canto me arrullará. Y Juan Pestañas ya vino aquí Cucurumbé bailando con los muñecos Te arrullará. Vienen ya los Palomos, la Guacamaya, para entonar Todas esas canciones que nos cantabas, y así soñar. Vinieron los Cochinitos y la Abuelita para pedir Que el canto de los niños sea el que te arrulle y puedas dormir. Cierra tus ojos, ¡debes a descansar! Porque nadie que aún sueñe Tu hermoso canto podrá olvidar. Gracias CriCrí, Grillito Cantor, Porque en todo momento Ese tu canto, es el que anda ahí. ¿Quién es ese que anda ahí? ¡Es CriCrí, es CriCrí! ¿Y quién es ese señor? ¡El Grillo Cantor!",ESPAÑOL_REGIONAL
A VIAJAR SE HA DICHO,Capullito de algodón,A VIAJAR SE HA DICHO ||| Capullito de algodón,,"Capullito de algodón Por qué llora tanto mi niña Capullito de algodón Con la luna van las nubes A formarte un edredón A la ru, a la me, A la ru, a la me, A la ru, a la me, A la ru, a la ru, a la me. La luna te observa curiosa Canta el viento su canción No llores, tu madre te duerme En sus brazos, corazón. A la ru, a la me, A la ru, a la me, A la ru, a la me, A la ru, a la ru, a la me. La lluvia de enero te arrulla Y tu sueño en barco va Navega ligero entre estrellas A la luna llegará... A la ru, a la me, A la ru, a la me, A la ru, a la me, A la ru, a la ru, a la me.",ESPAÑOL_ESTANDAR
A VIAJAR SE HA DICHO,Coco Rock,A VIAJAR SE HA DICHO ||| Coco Rock,,"Cocoró es la gallina Más tranquila del corral. (Tranquila, muy tranquila). Cacarea quedo sus huevos Siempre en el mismo lugar. (Quedito, muy quedito) Con sus plumas bien peinadas, Cocoró es muy formal. A sus pollos, formaditos, No los deja ni piar. (No, no, no. No, no, no) Una noche muy oscura La gallina despertó. (Oscura, muy oscura) Llegó un perro bandolero, Y a todos los asustó. (Un perro, bandolero). Se escucharon alaridos, Todo el mundo se asomó: Cocoró estaba bailando, Y el relajo ya se armó. (¡Ya se armó! ¡Ya se armó!) Cocoró se revolcaba De tanto que le gustó. (Contenta, muy contenta). Con sus plumas despeinadas Ya nada le molestó. (Despeinada, despeinada). Con la banda de ese perro Ya no para de bailar. Ahora baila noche y día Sus pollos van a corear: ¡Coco rock! ¡Coco rock! ¡Coco Rooock!",ESPAÑOL_REGIONAL
A VIAJAR SE HA DICHO,"Dime, ranita","A VIAJAR SE HA DICHO ||| Dime, ranita",,"Yo no me quiero mojar los zapatos, Porque me puede regañar mi mamá; Quiero, descalza, bailar en los charcos, Con mi ranita muy feliz brincotear Dime, ranita, Si tú llamas la lluvia, ¿Tu amigo el sapo Es quien te viene a ayudar? Dime, ranita, Dímelo ya, Porque yo, en serio Que me voy a mojar. Canta ranita, con la lluvia mojando, Ya las luciérnagas van a iluminar, Regresaremos a casa empapadas, En el camino nos podremos secar. Dime, ranita… Yo no me enfermo, si antes de ir a la cama Me doy un baño, ¡y lista para acostar! Bien arropada y con mi tibia pijama, Oiré los cuentos de mamá, ¡y a soñar! Dime, ranita…",ESPAÑOL_ESTANDAR
A VIAJAR SE HA DICHO,Gatoconcierto,A VIAJAR SE HA DICHO ||| Gatoconcierto,,"Viene Por los tejados Canta Con las estrellas Cuando el gato Comienza a maullar, Es que el gato No quiere cazar Ratones. Canta a la luna Canta a la luna. Canta a la luna. Y los ratones Corren libres, Mientras que el gato Da un concierto. Canta a la luna…",ESPAÑOL_ESTANDAR
A VIAJAR SE HA DICHO,Lunes por la mañana,A VIAJAR SE HA DICHO ||| Lunes por la mañana,,"Lunes por la mañana Es lunes por la mañana Y el problema va a empezar Cuando está cerca la hora En que a la escuela hay que llegar. Se avecina una tormenta, Cuando tienen que cargar Las mochilas con los libros Y alguien viene a patalear: Mis libros… ¿Dónde están? ¡Mi goma de borrar! No encuentro mi reloj ¡Mi hermano lo escondió! ¡Qué barbaridad! peleado se van. ¡Qué barbaridad! peleado se van. El camino es imposible, Pues no paran de pelear. En la combi, las personas, Se empiezan a incomodar. El hermano, como siempre, No se deja ni sonar; Se limpia con la manita ¡Y a su hermana fue a embarrar! ¡Mamá! ¡Fíjate bien! ¡De nuevo él empezó! ¡Ya ponlo en su lugar! Si no, lo pongo yo. “Tú eres la mayor, mejor cuida de él”. ¡Qué tráfico hay! ¡La esquina, chofer! ¡Por favor, mamá, no quiero llegar! Es lunes, y aquí ¡se acabó la paz!",ESPAÑOL_ESTANDAR
A VIAJAR SE HA DICHO,Mariana marinera,A VIAJAR SE HA DICHO ||| Mariana marinera,,"Mariana leía un libro sobre barcos Y entonces marinera quiso ser, Cortó de su libreta una hoja en blanco Para hacer un barquito de papel Lo puso sobre un charco Y dijo con emoción Llévame, buen barquito, A navegar hasta altamar. ¿Cuáles son las palabras Que debo pronunciar? ¡Que venga el capitán! ¡Quiero este viaje ya iniciar! Navega…Navega… Navega a tu destino, el ancho mar. Navega, que es tu sino navegar; Mariana marinera quiere ser, Y el horizonte, todo, conocer. ¡Navega…navega…! El viento, con Mariana iba cantando, Pelícanos, gaviotas sobre de él; Delfines y ballenas desfilando, Con peces de colores en tropel. No pierdan ese barco, Sigan muy cerca de él, Mariana marinera Hará barquitos de papel; Sobre ellos, niñas niños, Vengan a conocer La vida del océano Y maravillas que hay en él. ¡Navega…navega…!",ESPAÑOL_ESTANDAR
A VIAJAR SE HA DICHO,Morelia,A VIAJAR SE HA DICHO ||| Morelia,,"En mi ciudad Hay jardines hermosos Donde las bancas De cantera son Y en cada uno Una fuente redonda, Como si de ellos Fuera el corazón. Es mi Morelia Princesa tarasca De piel morena, Rostro señorial Torres muy altas Y en sus campanarios, Alegres palomas, ¡Ciudad colonial! Entre las nubes Temprano las garzas Surcan el cielo Sobre el fondo azul De alas doradas Cuando el sol despierta Y alas plateadas Cuando va a dormir. Ven a Morelia Y disfruta conmigo De su belleza Y su grata quietud. Arcos muy altos De rosa cantera Son los que cuidan Mi linda ciudad.",ESPAÑOL_ESTANDAR
A VIAJAR SE HA DICHO,Sara la tortuga,A VIAJAR SE HA DICHO ||| Sara la tortuga,,"Cuentan los que cuentos cuentan Que una mañanita caminó hacia el mar; Que nació en un arroyito, pero fue creciendo Y empezó a soñar. Y Sarita, la tortuga, sin pedir permiso Se metió en el mar, Se encontró con muchos peces, Pulpos, caracolas y hasta un calamar. Muy pronto se hizo de amigos Pues los muy curiosos deseaban saber Si el agua de su arroyito No era tan salada y se podía beber. Mas Sarita, la tortuga En ese momento se soltó a llorar, Extrañaba a su mamita Y ahora no sabía cómo regresar. Dijo entonces la caguama: “No llores, Sarita, vamos a buscar; Dicen que todo arroyito Se une a estas aguas por algún lugar. Móntate pronto en mi lomo Porque ahora mismo voy a recorrer Los lugares más bonitos Que toda tortuga debe conocer. Cuentan que doña caguama A la tortuguita llevó hasta su hogar, Que tomó un gran sorbo de agua Llenando su buche para regresar. Les llevó una probadita A todos los peces y hasta al calamar, Mientras Sara, la tortuga, Sueña que te sueña el inmenso mar.",ESPAÑOL_ESTANDAR
A VIAJAR SE HA DICHO,Tango del perro y el tlacuache,A VIAJAR SE HA DICHO ||| Tango del perro y el tlacuache,,"Un perrito se encontraba encaprichado, No quería más que a la luna contemplar, La miraba tan redonda, emocionado, Quería bajarla y perseguirla sin parar. Por sus sueños no cuidaba el gallinero Y un tlacuache buscaba por dónde entrar, Sigiloso, por si acaso era bravero Aquél perrito que no hacía más que cantar: “Luna, no seas ingrata, Baja pronto a jugar, Mira, yo te haré versos, Para que juntos Nos pongamos a cantar. El tlacuache lo miraba impresionado, Pues el perro no podía ni pestañear Contemplaba a la luna, alelado, Por si bajaba, para poderla botar. El tlacuache se llevaba a los pollitos Despacito y cuidadoso al caminar; Las gallinas lloraban por sus hijitos Y el perro tonto no paraba de cantar: Luna, no seas ingrata…. Las gallinas detuvieron al intruso, Decididas se lanzaron a picar; Vino un gallo y también se le interpuso, Y lastimado lo sacaron del corral. El tlacuache se sentó junto al perrito, Humillado y decidido a no pelear, Con las patas se espantaba algún mosquito, Bien traqueteado también se puso a cantar: Luna, no seas ingrata…",ESPAÑOL_ESTANDAR
A VIAJAR SE HA DICHO,Una nueva escuela,A VIAJAR SE HA DICHO ||| Una nueva escuela,,"Hay reunión de los conejos Y de las ardillas para preguntar Quién de todos los que habitan En el viejo bosque pudiera enseñar A leer a los pequeños y a los demás Y a hacer una nueva escuela en ese lugar. Se le dijo a doña cabra pero se comió Las libretas y los libros y al monte corrió. Se le dijo al buen zorrillo pero se asustó Y bañándolos de almizcle, desapareció. Se asomó doña venada Con sus venaditos para proponer Que invitaran a don zorro, Don zorro el astuto que aprendió a leer Con los libros que el correo le suele traer Y le entregan en su casa siempre mes con mes. Visitaron a don zorro, pero se negó Y poniéndose las gafas, la espalda les dio. Le insistieron que enseñara, pero bostezó Y cerrando su lectura, sin más, se durmió. Dijo entonces don conejo “¡Vamos con don búho!, él si aceptará; Aunque vela por las noches Yo sé que es muy noble, nos escuchará. Es muy sabio y muy correcto, nos podrá ayudar Y jamás analfabetas el bosque tendrá”. Dijo “sí” con mucho agrado y les ofreció Construir un buen techado, ¡ya se los cumplió! En el bosque aprenden todos con gran rapidez Y en torno de una fogata muchos cuentos leen.",ESPAÑOL_ESTANDAR
A VIAJAR SE HA DICHO,¡A viajar se ha dicho!,A VIAJAR SE HA DICHO ||| ¡A viajar se ha dicho!,,"Si te sientes sola, o estás aburrido, No hay niñas ni niños con quienes jugar, Cerca hay un amigo que espera impaciente Para de la mano llevarte a pasear. ¡Tu amigo es un libro! ¡Ábrelo cuanto antes! ¡A viajar se ha dicho! ¡Vamos a leer! Cuando abres un libro inicias un viaje Sin comprar boleto o encontrar lugar, A solas o en grupo leer es divertido En un mundo nuevo tú te encontrarás. Mi amigo es un libro Lo abriré cuanto antes, ¡A viajar se ha dicho! Vamos a leer. Viaja al universo, llega hasta la luna, Brinca en las estrellas, pasea por el sol; Sube las montañas, viaja a los desiertos, Al abrir un libro lo conseguirás. Mi amigo es un libro… Métete en la historia, vístete con plumas, Ponte tenabaris y empieza a danzar Viaja a los océanos, monta una ballena, Nada entre corales, al leer llegarás. Mi amigo es un libro… Viaja en tus arterias, llega a tus pulmones, Descubre tu cuerpo, conócelo más; Cada libro es tuyo para que disfrutes Lo maravilloso de este tu lugar. Mi amigo es un libro… Lo conseguirás, Al leer lo harás, Y todo lograrás.",ESPAÑOL_ESTANDAR
CANTACUENTOS,CHANEQUE DE PIEL MORENA,CANTACUENTOS ||| CHANEQUE DE PIEL MORENA,,"CHANEQUE DE PIEL MORENA VEN A BAILAR ESTE GUSTO A LA POZA, ACÁ EN LA ARENA PA’ REFRESCARNOS A GUSTO. ACÁ LA GENTE ES MUY BUENA, CONTIGO NO PASAN SUSTO, SOY HUACHA DE PIEL MORENA, ¡ME ENCANTA BAILAR EL GUSTO! ¡ME ENCANTA BAILAR EL GUSTO! PA’L CHANEQUE TAMBORITA ES LA PANZA DE LA IGUANA, PA’L CHANEQUE TAMBORITA ES LA PANZA DE LA IGUANA, VAQUETA DE VIBORITA A SONARLE, A VER QUIÉN GANA, QUE EL BAILE COMIENCE AHORITA QUE TERMINE EN LA MAÑANA. ¡QUE TERMINE EN LA MAÑANA! DE VIOLÍN, UNA TORTUGA, VAMOS A HACERLE COSQUILLAS, DE VIOLÍN, UNA TORTUGA, VAMOS A HACERLE COSQUILLAS, PARA VER CÓMO SE ARRUGA, QUE VENGAN HUACHAS CHIQUILLAS. PARA VER CÓMO SE ARRUGA, ¡QUE BAILEN HUACHAS CHIQUILLAS! ¡QUE BAILEN HUACHAS CHIQUILLAS! PARA NADA ME DESPIDO, LOS HUACHES VAN A BAILAR, A LA IGUANA YO LE PIDO HUARACHES PA’ ZAPATEAR, DEL CHANEQUE NO ME OLVIDO CON ÉL ME VOY A CANTAR, ESE CHANEQUE ATREVIDO CONTIGO QUIERE BAILAR ¡CONTIGO QUIERE BAILAR!",ESPAÑOL_REGIONAL
CANTACUENTOS,CUCARACHAS CALENTANAS,CANTACUENTOS ||| CUCARACHAS CALENTANAS,,"CUCARACHAS CALENTANAS, LAS QUE VUELAN POR EL PLAN. CUCARACHAS CALENTANAS, LAS QUE VUELAN POR EL PLAN. PLATICAN CON LAS IGUANAS EN EL MERO APATZINGÁN Y SE DIVIERTEN CON GANAS EN BUENAVISTA TOMATLÁN. ¡AY! LA, LA, LÁ, LA, LAI, LA, LÁ. TILALALAI, LA, LA, LA, LA, LA, LA, LÁ.",LENGUA_INDIGENA
CANTACUENTOS,EL MINUETO DE LAS TORTUGAS,CANTACUENTOS ||| EL MINUETO DE LAS TORTUGAS,,"EN LA PLAYA ESTÁN DE FIESTA PORQUE YA NACIERON LAS TORTUGAS. SALIERON DE ENTRE LA ARENA LA GOLFINA, LA LAÚD Y LA NEGRA. CORREN A LAS OLAS, YA QUIEREN NADAR. VAN BAILANDO MUY CONTENTAS ESTE MINUETO EN EL MAR.",ESPAÑOL_ESTANDAR
CANTACUENTOS,EL POTRO Y EL ALACRÁN,CANTACUENTOS ||| EL POTRO Y EL ALACRÁN,,"EL POTRO Y EL ALACRÁN ¡AY!, UN ALACRÁN ASUSTADO DIJO AL POTRO BAILADOR: ¡AY! SI COMETES UN ERROR ¡QUE TE AGARREN CONFESADO! ¡AY! EL CABALLITO BAILABA EN EL FESTEJO DE OCTUBRE CUANDO DE PRONTO DESCUBRE A UN ALACRÁN QUE LE HABLABA, QUE BIEN FUERTE LE GRITABA. ESTABA ENCORAJINADO SONABA DESGAÑITADO. ¡AY! LE DECÍA: “¿QUÉ NO ME VES? ¿NADIE TE DIJO CÓMO ES UN ALACRÁN ASUSTADO?” ¡AY! LA FIESTA DE APATZINGÁN DONDEQUIERA SE CONOCE, NO ES RARO, PUES, QUE LA GOCE HASTA EL MÁS BRAVO ALACRÁN. DE LOS MÁS GÜEROS DEL PLAN. ESTE ERA COMPOSITOR CONOCIDO VERSADOR ¡AY!, ¿POR QUÉ NO VAS A OTRO LADO? YA ME TRAES TODO CISCADO DIJO AL POTRO BAILADOR ¡AY! NO CREAS QUE AL MIRARTE SUDO POR MIEDO DE QUE ME PISES CABALLITO, QUÉ ME DICES PARECIERA QUE ERES MUDO ¿O MI REGAÑO TE PUDO? ¿NO SERÁ POR LA CALOR? ¿DÓNDE QUEDÓ TU VALOR? ¡AY!, NO QUISIERA AMENAZARTE PERO TENDRÉ QUE PICARTE SI COMETES UN ERROR ¡AY! CÓMO BAILÓ AQUELLA TARDE POR EL MIEDO AQUÉL CABALLO. ¡AY! HASTA LE SALIÓ UN CALLO QUE HASTA LA FECHA LE ARDE, QUE LO HACE QUE SE RETARDE ¡AY! APRENDIÓ A BAILAR DE LADO TODO MUNDO ESTÁ ADMIRADO, ¡AY! PARA ÉL NO ES DIVERTIDO SI EL ALACRÁN LE HA ADVERTIDO: ¡QUE TE AGARREN CONFESADO! ¡AY! NO QUISIERA DESPEDIRME SIN VER BAILAR AL CABALLO ¡AY! VOY A VER DÓNDE LO HALLO Y SI NO, POS TENGO QU’IRME.",ESPAÑOL_REGIONAL
CANTACUENTOS,IHUATSÏ,CANTACUENTOS ||| IHUATSÏ,,"IHUATSÏ COYOTE, COYOTE, ¿QUÉ HACES AQUÍ? LOS NACATAMALES SON PARA LA FIESTA Y SI NO SE CUECEN ¿QUÉ VOY A INVITAR? COYOTE, COYOTE, ¿QUÉ HACES AQUÍ? ESCONDERÉ LAS GALLINAS, ENCERRARÉ LAS VAQUILLAS, LOS PIPICHU SAPIRHATI LEJOS DE TI.",LENGUA_INDIGENA
CANTACUENTOS,JANIKUA,CANTACUENTOS ||| JANIKUA,,"JANIKUA ASOMA POR EL AUNDARU SUS TRENZAS DE AGUA EN BLANCO LISTÓN. LA LLUVIA COMIENZA YA SU ALEGRE DANZA, TATA JURATA LA VE Y SONRÍE. CON SIETE BESOS LE FORMA UN ARCOIRIS MULTICOLOR. YA LOS VENADOS VIENEN PARA CASARSE. EL ARCOIRIS LE BORDA FLORES MARAVILLOSAS, MIENTRA TARHÍATA TOCA EN SU CLARINETE MARCHA NUPCIAL.",ESPAÑOL_REGIONAL
CANTACUENTOS,LAGARTIJA BESUCONA,CANTACUENTOS ||| LAGARTIJA BESUCONA,,"¿QUÉ LE HICIERON A LA CUIJA? LE HAN ROTO SU CORAZÓN, POBRECITA LAGARTIJA, HA PERDIDO LA RAZÓN. CREE QUE SU NOVIO ES EL VIENTO, QUE UNA BRUJA LO HECHIZÓ, COMPROBARÁS QUE NO MIENTO, SIMPLEMENTE ENLOQUECIÓ. CUIJA, NO MANDES BESOS AL AIRE, CORRAS O ANDES TE HARÁ UN DESAIRE. VOY A BUSCARTE UNA ESCOBA PARA QUE PUEDAS VOLAR ¡AY, LAGARTIJA ERES BOBA! ¡AY, LAGARTIJA ERES BOBA! ¿CÓMO TE PODRAS CALMAR? PÁLIDA ESTÁ, DESPINTADA, MERO QUEDÓ SIN COLOR, MIL BESOS, DESESPERADA, MANDA AL VIENTO CON FERVOR. LANZA BESOS A TODA HORA NADA LA PUEDE CALMAR, YO LA QUIERO CONSOLAR, NO ME GUSTA CÓMO LLORA. CUIJA, NO MANDES… VOY A BUSCARTE UNA ESCOBA…",ESPAÑOL_REGIONAL
CANTACUENTOS,MARIANA,CANTACUENTOS ||| MARIANA,,"¡QUÉ ALEGRE SE MIRA EL CERRO! EL DE LA HUACHA MARIANA, POR DONDE CORRE MI PERRO CON LAS VACAS, DE MAÑANA, VA CUIDANDO ALGÚN BECERRO MIENTRAS SUENA SU CAMPANA. LAS VACAS CON SU CENCERRO Y CROANDO VA LA RANA. SILALALA LALAILALÁ SILALALÁLALALAILALALÁ. MARIANA FUE UNA HUACHITA ‘ORA PARECE MONTAÑA QUE A VISITARLA ME INVITA YO QUISIERA SER ARAÑA, TRAPARÍA A SU CIMA AHORITA TEJIENDO MI TELARAÑA PA’ HACERLE UNA PREGUNTITA, ESTOY HECHA UNA MARAÑA. SILALALA LALAILALÁ SILALALÁLALALAILALALÁ. LAS NUBES SON SU COBIJA, LA NEBLINA, SU REBOZO, ME DIJO UNA LAGATIJA QUE EN EL MONTE TODO ES GOZO, QUE A SU CIMA ME DIRIJA Y OJALÁ QUE ENCUENTRE AL MOZO QUE ROMPA LO QUE LA HECHIZA PARA PODER SER SU ESPOSO. SILALALA LALAILALÁ SILALALÁLALALAILALALÁ.",LENGUA_INDIGENA
CANTACUENTOS,MISITU SAPICHU TURHÍPITI,CANTACUENTOS ||| MISITU SAPICHU TURHÍPITI,,"MISITU SAPICHU TURHÍPITI MISITU SAPICHU TURHÍPITI, GATITO PIRERI, KUKUTA, LA LUNA SONRÍE AL OIRLO CANTANDO SE ASOMAN ESTRELLAS CURIOSAS, EL GATO SE PIERDE EN LA NOCHE TURHÍPITI NEGRO, CON LA NANA UARHI. MISITU SAPICHU TURHÍPITI NO OYES CONSEJO, Y PUEDES PERDERTE MUY FÁCIL PORQUE ERES MUY VAGO, MIRINGUA TE BUSCA EN LA NOCHE SE ACERCA YA POR EL BARRANCO Y VIENE A HECHIZARTE SI TÚ NO OBEDECES. ¿ACASO NO OYES? LA CHUZA TE LLAMA, EN UN EUCALIPTO EL TÚKURU LLORA Y EL UICHU ARHINTANI. REGRESA MISITU SAPICHU, TU MAMA TE ESPERA. MISITU SAPICHU TURHÍPITI CANTAS PIREKUAS, LA LUNA SE PONE MUY BLANCA PORQUE TIENE MIEDO, CONTEMPLA ASUSTADA A MIRINGUA PUES SABE QUE TE ANDA BUSCANDO, PERO NO HACES CASO Y NO LA OBEDECES. MIRINGUA SE ACERCA BAILANDO UN SON ABAJEÑO Y MUEVE LA EP’U CON GRACIA, LUCE SUS TEPEKUA, TE QUIERE LLEVAR A SU CASA, TE PIDO MEJOR NO TE ACERQUES PORQUE ANDA BUSCANDO UN GATITO NEGRO. ¿ACASO NO OYES? LA CHUZA TE LLAMA, EN UN EUCALIPTO EL TÚKURU LLORA Y EL UICHU ARHINTANI. REGRESA MISITU SAPICHU, TU MAMA TE ESPERA.",LENGUA_INDIGENA
CORRE TRENECITO,CLAUDIA LA LUCIÉRNAGA,CORRE TRENECITO ||| CLAUDIA LA LUCIÉRNAGA,,"CLAUDIA LA LUCIÉRNAGA UNA NOCHE, CAMINANDO, IBA JUANITO PA’ SU JACAL Y UNA LUCECITA, ALEGRE, LLEGÓ ALUMBRANDO TODO EL LUGAR. NUESTRO AMIGO, MUY CONTENTO, IBA CONFIADO POR COMPROBAR QUE ESA LUZ LO IBA SIGUIENDO, MUY SATISFECHA DE IRLO A AYUDAR. QUÉ LINDA LUZ, QUE BELLA ES, DIME TU NOMBRE, QUIERO SABER. LA LUCIÉRNAGA, CONTENTA, DE HACER AMIGOS LE CONTESTÓ CON UN CARRASPEO SUAVE QUE SU GARGANTA LOGRÓ ACLARAR NUESTRA LINDA LUCECITA DE CONTENTA NI SE FIJÓ QUE AL LIMPAR SU GARGANTITA, LA LUCECITA SE LE APAGÓ. Y EL POBRE JUAN SE TROPEZÓ PUES PLATICANDO NI SE FIJÓ, Y EN UN GRAN CHARCO SE REMOJÓ. CLAUDIA SE MORÍA DE RISA Y DE AVERGÜENZA, PERO LLAMÓ A TODAS SUS HERMANITAS PARA QUE AL NIÑO DIERAN CALOR Y ASÍ SECARON AL POBRE JUAN QUE MUY SONRIENTA LAS GRACIAS DIO, DEL INCIDENTE A NADIE CULPÓ.",ESPAÑOL_REGIONAL
CORRE TRENECITO,"CORRE TRENECITO, CORRE","CORRE TRENECITO ||| CORRE TRENECITO, CORRE",,"CORRE TRENECITO, CORRE, YA QUIERO EL PAISAJE CONTEMPLAR. CORRE TRENECITO, CORRE, YA QUIERO ESCUCHAR TU CHUCHUCHÚ. QUIERO RECORRER LOS MONTES Y AL VIENTO ACARICIAR, QUIERO CONTEMPLAR LOS VALLES Y LOS LAGOS DE CRISTAL. QUIERO VER PASAR LAS VACAS CON CENCERRO Y SUS BECERROS, QUE ME GUSTAN TANTO A MÍ, PIENSO QUE TÚ VAS COMIENDO EL PAISAJE, AL IR CORRIENDO, Y LO LLEVAS TODO EN TI. CHUCUCHUCUCHUCU, CHUCUCHUCUCHUCUCHUCUCHÚ CORRE TRENECITO, CORRE, YA QUIERO LLEGAR A MI CIUDAD. CORRE TRENECITO, CORRE, PUES QUIERO A MIS AMIGOS PLATICAR CÓMO DEVORAS DISTANCIAS CON UN RITMO MUSICAL CÓMO SALUDAS LOS CAMPOS, CON TU CANTO CHUCUCHÚ Y EN ALEGRE RECORRIDO, YO CANTANDO VOY CONTIGO, PUES ME SIENTO MUY FELIZ, DE QUE SEAS MI BUEN AMIGO, TRENECITO QUE CONTENTO VAS A GRAN VELOCIDAD. CHUCUCHUCUCHUCU…… NADA QUE TEMER CUANDO HAY GENTE TONTA QUERIÉNDOTE ASUSTAR CON CUENTOS DE BRUJAS, MILES DE COSAS MÁS ASÓMATE AL CIELO Y PRODRÁS COMPROBAR: LA LUNA Y LAS ESTRELLAS CUIDÁNDO ESTÁN CON GUIÑOS DE COLORES, CON LUCES Y SEÑALES QUE INDICAN TE QUEREMOS, NO HAY NADA QUE TEMER. CUANDO HABLAN DEL COCO, DEL LOBO O UN LEÓN QUE SE COMEN NIÑOS SI NO VAN A DOMIR RECUERDA QUE EL LOBO NO PUEDE VENIR PUES VIVE LEJOS, LEJOS, MUY LEJOS DE AQUÍ, EL LEÓN VIVE EN LA SELVA, O EN JAULAS EN LOS PARQUES Y EL COCO ES UNA FRUTA QUE TE PUEDES COMER.",ESPAÑOL_REGIONAL
CORRE TRENECITO,CUMBIA DEL CANGREJO,CORRE TRENECITO ||| CUMBIA DEL CANGREJO,,"VIENE POR LA PLAYA UN CANGREJO VIENE BAILANDO CUMBIA BAILA PARA UN LADO Y PARA EL OTRO VA SONANDO UN TREBEJO BAILA CUMBIA, BAILA CUMBIA. SI OYES POR LAS NOCHES SUS PASOS EN LA ARENA, ES QUE VA A LA FIESTA MUEVE SUS TENAZAS Y PATAS VA MARCANDO EL RITMO CON QUE EMPIEZA ÉSTA BAILA, CUMBIA, BAILA CUMBIA. MUEVE TODAS SUS PATAS DE ACÁ PARA ALLÁ MUEVE SUS GRANDES OJOS DE ALLÁ PARA AC SONANDO SUS TENAZAS DE ACÁ PARA ALLÁ REGRESA DE MADRUGADA Y EN LA ARENA MOJADA TIENE SU MORADA, SI VES UN AGUJERO EN LA PLAYA TEN CUIDAD DE METER EL DEDO CUMBIA, BAILA CUMBIA. SI ACERCA A TU NARIZ SU TENAZA ES UNA AMENAZA NO TE ACERQUES MUCHO AL CANGREJO, ESE ES MI CONSEJO. CUMBIA, BAILA CUMBIA. CUMBIA DEL CANGREJO.",ESPAÑOL_ESTANDAR
CORRE TRENECITO,El chipichipi,CORRE TRENECITO ||| El chipichipi,,"CUANDO COMIENCE A LLOVER Y NO PUEDAS SALIR A JUGAR MIRA LA LLUVIA AL CAER CÓMO ENTONA UNA ALEGRE CANCIÓN. NO DESESPERES, CANTA CON ELLA MUCHO PODRÁS APRENDER. CUANDO COMIENZA A LLOVER TODO SE LLENA DE MÚSICA UN CHIPICHIPI, UN TAPATAP CON EL QUE PUEDES BAILAR UN CHIPICHIPI, LARALARÁ CON EL QUE PUEDAS CANTAR. CUANDO DEJE DE LLOVER MUCHOS JUEGOS PODRÁS INVENTAR HAZ UN BARCO DE PAPEL Y MIL MARES SAL A NAVEGAR SI HAY ARCO ÍRIS MIL Y UN TESOROS PUEDES SALIR A BUSCAR. CUANDO DEJA DE LLOVER TODO SE VUELVE ALEGRÍA OYE A LOS GRILLOS Y A LAS RANITAS CUÁN ENTONADOS ESTÁN, CANTAN DE GUSTO PORQUE LA LLUVIA LES ENSEÑÓ LA CANCIÓN EL CHIPICHIPI, EL TAPATAP CON EL QUE PUEDES BAILAR UN CHIPICHIPI, LARALARÁ CON EL QUE PUEDES CANTAR.",ESPAÑOL_REGIONAL
CORRE TRENECITO,El sapo panzón,CORRE TRENECITO ||| El sapo panzón,,"El sapo panzón EN UN GRAN CHARCO, CERCA DE AQUÍ VIVÍA UN SAPO GORDO, ASÍ, UN SAPO PANZÓN PATOS Y RANAS, GRILLOS Y ARAÑAS YA NO TENÍAN QUÉ COMER SE LO ACABABA EL SAPO PANZÓN. MOSCAS, MOSQUITOS, CUALQUIER BICHITO LO DEVORABA EL GRAN TRAGÓN, SAPO PANZÓN NO RESPETABA NADA ESE SAPO NO DEJÓ VIVO NI UN GUSARAPO SE LOS COMIÓ EL SAPO PANZÓN UNA MAÑANA DESPUÉS QUE COMIÓ TODO EL SAPO SU GRAN BARRIGA SE FUE INFLANDO COMO UN SACO FUE COMO POMPA DE JABÓN, QUE ENTRE LAS NUBES SE PERDIÓ Y POR EL VIENTO SÓLO SU CROAR SE ESCUCHÓ. PATAS Y RANAS, GRILLOS Y ARAÑAS YA TODOS TIENEN QUÉ COMER, VIVEN EN PAZ AHORA EN EL CHARCO VIVEN MÁS SAPOS PERO NO SON COMO EL TRAGÓN, SAPO PANZÓN SÍ, SEÑOR, DEL SAPO PANZÓN, NADIE OLVIDÓ LA LECCIÓN SÍ, SEÑOR, DEL SAPO PANZÓN",ESPAÑOL_ESTANDAR
CORRE TRENECITO,GATO CONCIERTO,CORRE TRENECITO ||| GATO CONCIERTO,,VIENE POR LOS TEJADOS CANTA CON LAS ESTRELLAS CUANDO EL GATO COMIENZA A MAULLAR ES QUE EL GATO NO QUIERE CAZAR RATONES CANTA A LA LUNA CANTA A LA LUNA Y LOS RATONES CORREN LIBRES MIENTRAS QUE EL GATO DA UN CONCIERTO CANTA A LA LUNA CANTA A LUNA,ESPAÑOL_ESTANDAR
CORRE TRENECITO,HISTORIAS DEL ABUELO,CORRE TRENECITO ||| HISTORIAS DEL ABUELO,,"UNA TARDE QUE ESTABA YO PESCANDO QUE ESTABA YO PESCANDO A LA ORILLA DEL MAR RECORDÉ HISTORIAS QUE MI ABUELO CONTABA DE SIRENAS, VIVIENDO EN ALTA MAR CON PECES DE MIL FORMAS, CORTEJOS DE DELFINES, CORALES, ESTRELLITAS, CABALLITOS DE CRISTAL EN UN MUNDO DE COLORES, DE ALEGRÍA Y MUCHO AMOR EN UN MUNDO DE COLORES, DE ALEGRÍA Y MUCHO AMOR DE PRONTO SENTÍ, QUE EL CORDEL MI CAÑA LO JALABAN BRUSCAMENTE, Y UN FUERTE MOVIMIENTO POR POCO Y ME TIRÓ NO PUDE REACCIONAR, ME ENCONTRÉ POR UN LINDO CABALLO, CABALLITO DE MAR NO PUDE REACCIONAR, ME ENCONTRÉ POR UN LINDO CABALLO, CABALLITO DE MAR ME LLEVÓ POR LAS OLAS, HASTA EL FONDO DEL MAR ME SENTÓ EN UNA TORTUGA QUE AL MIRARME ME SONRIO Y ME PREGUNTÓ: MUCHACHA, ¿QUIERES VER A LA SIRENA REINA DE ESTE LUGAR? Y ME PREGUNTÓ: MUCHACHA, ¿QUIERES VER A LA SIRENA REINA DE ESTE LUGAR? SIN SALIR TODAVÍA DE MI ASOMBRO ESCUCHÉ A LAS CARACOLAS CON SONIDOS DEL MAR Y APARECIÓ EN SEGUIDA UNA BELLA SIRENITA CON ROSTRO DE BONDAD. ESTABA POR TOCARLA, POR TOMARLE LA MANO Y OFRECERLE MI AMISTAD PERO UN NUEVO MOVIMIENTO ME VOLVIÓ A LA REALIDAD ME ENCONTRÉ SOBRE LAS OLAS CON MI CAÑA DE PESCAR, Y UN PESCADO EN EL ANZUELO QUE A LAS OLAS REGRESÉ. Y ASÍ VIVO RECORDANDO ESE SUEÑO EN ALTAMAR LAS HISTORIAS DE MI ABUELO, DE ALEGRÍA Y MUCHO AMOR EN UN MUNDO DE COLORES, DE ALEGRÍA Y MUCHO AMOR.",ESPAÑOL_ESTANDAR
CORRE TRENECITO,LUNA CARACOLITO,CORRE TRENECITO ||| LUNA CARACOLITO,,"CUANDO CAE LA NOCHE SI TODO ESTÁ OSCURO, PODRÁS MIRAR UN CAMINITO DE PLATA POR EL MAR QUE UN CARACOLITO DEJÓ EN UNA OLA SUBIENDO HASTA EL CIELO EN LUNA RADIANTE SE CONVIRTIÓ. LUNA CARACOLITO LLÉVAME HASTA EL CIELO, QUIERO SER ESTRELLA, BRILLANDO JUNTO A TI, MIRAR EL MUNDO, JUGAR CON EL VIENTO, Y DAR A LOS NIÑOS AMOR CON MI LUZ. SI LLEGA LA NOCHE, Y NO VES LA LUNA EL CARACOL SE FUE A BUSCAR ESTRELLAS EN EL MAR. LAS BAÑA DE ESPUMA DE ESPUMA PLATEADA QUE EL CARACOL LUNA DEJA EN SU ANDAR. LUNA CARACOLITO LLÉVAME HASTA EL CIELO, QUIERO SER ESTRELLA, BRILLANDO JUNTO A TI, MIRAR EL MUNDO, JUGAR CON EL VIENTO, Y DAR A LOS NIÑOS AMOR CON MI LUZ.",ESPAÑOL_REGIONAL
CORRE TRENECITO,Lluviecita,CORRE TRENECITO ||| Lluviecita,,"MIRA, MI NIÑA, EL CIELO ESTÁ AZUL Y EN UNA NUBE TE FORMAS TÚ. MIRA LA LLUVIA, GOTITAS DE CRISTAL, Y EN TODAS ELLAS RELUCES TÚ. LOS PAJARITOS QUE ANDABAN POR ACÁ ESPERAN QUE LA LLUVIA TERMINE DE PASAR, Y CUANDO PASA SE PONEN A CANTAR, Y YA CUANDO ANOCHECE SE VAN A DESCANTAR. DUERME, NI NIÑA, YA ES HORA DE SOÑAR CON TU GATITA, JUNTAS VAN A JUGAR. MIENTRAS LA LLUVIA NO DEJE DE MOJAR, TÚ Y YO, MI NIÑA, NOS AMAREMOS MÁS. LOS PAJARITOS QUE ANDABAN POR ACÁ ESPERAN QUE LA LLUVIA TERMINE DE PASAR, Y CUANDO PASA SE PONEN A CANTAR, Y YA CUANDO ANOCHECE SE VAN A DESCANTAR.",ESPAÑOL_REGIONAL
CORRE TRENECITO,Los cien pies del ciempiés,CORRE TRENECITO ||| Los cien pies del ciempiés,,"Los cien pies del ciempiés UN CIEMPIÉS SE ME SUBIÓ A LA NARIZ+ QUERÍA QUE LE CONTARA TODAS LAS PATAS QUE TIENE ÉL. PERO CON TANTAS, TANTAS PATITAS ME HIZO REÍR. DE UN ESTORNUDO EL POBRE CIEMPIÉS CAYÓ DIRECTITO HASTA MIS PIES. CUANDO EL PATUDO VIO MIS ZAPATOS SE ECHÓ A REÍR NO HABÍA AMARRADO MIS AGUJETAS Y ASÍ A LA ESCUELA NO PUEDO IR. SI EN LAS MAÑANAS ME DA FLOJERA CALZAR MIS PIES POBRE PATUDO, CUÁNTOS ZAPATOS DÍA TRAS DÍA SE PONDRÍA ÉL. POR ESA CAUSA NO USA ZAPATOS EL BUEN CIEMPIÉS: NO HAY DÍA QUE ALCANCE PARA CALZARSE TODOS SUS PIES NO HAY DÍA QUE ALCANCE PARA CALZARSE TODOS SUS PIES NO HAY DÍA QUE ALCANCE PARA CALZARSE TODOS SUS PIES.",ESPAÑOL_ESTANDAR
CORRE TRENECITO,SOL CHARALITO SAL,CORRE TRENECITO ||| SOL CHARALITO SAL,,"UN PESCADOR EN EL LAGO, ANDABA BUSCANDO UN CHARAL, UN DUENDECILLO LE DIJO QUE EL CHARALITO GUARDABA VIEJOS SECRETOS DE LUZ Y COLOR. EL PESCADOR LO BUSCABA CON ANGUSTIANTE TEMOR PORQUE LA NOCHE ERA OSCURA NO LE MOSTRABA LA LUNA NI UN LIGERO RESPLANDOR. SAL, CHARALITO, SAL, SAL, ILUMINA EL LAGO VIVE DORMIDA LA GENTE PORQUE NADA LES ALUMBRA NI HAY NADA QUE LES CALIENTE ENTONCES UN REMOLINO EN EL LAGO SE FORMÓ PARA EL CHARAL FUE QUE CAMINO QUE LO LLEVABA HASTA EL CIELO Y EN UN SOL SE CONVIRTIÓ. EL CHARAL SOL MUY SONRIENTE AL LAGO LE AGRADECIÓ, CON LA MIRADA CALIENTE Y DESPERTÓ ASÍ A LA GENTE, PORQUE EL SOL YA AMANECIÓ. SOL, CHARALITO, SAL, SOL, ILUMINA EL LAGO VIVE CONTENTA LA GENTE BAJO TU MIRADA CALIENTE, SOL, CHARALITO SAL",ESPAÑOL_REGIONAL
CORRE TRENECITO,"Vuela papalote, vuela","CORRE TRENECITO ||| Vuela papalote, vuela",,"UN DÍA LE PEDÍ A MAMÁ QUE ME HICIERA UN PAPALOTE UN PAPALOTE GRANDE QUE VOLARA COMO EL VIENTO Y BRILLARA COMO EL SOL, QUE SE ELEVE A LAS NUBES Y SE ADORNE CON ESTRELLAS Y UN COMETE COMO COLA QUE LO PUEDA REMOLCAR. VUELA, PAPALOTE, VUELA. TOMA COLORES DE ARCOIRIS DALE UN BESO A UNA NUBE Y QUE CONVIERTA EN GATO Y ASÍ JUNTOS, CORRETEANDO NOS PODAMOS DIVERTIR. VUELA PAPALOTE, ALEGRE QUE ME SIENTO MUY CONTENTA MUEVE CON VIGOR TU COLA QUE PARECES PESCADITO PESCADITO MUSICAL. CAMTA ESTA CANCIÓN CONMIGO QUIERO DISFRUTAR LATARDE Y AL RATITO SOBRE EL PASTO NUESTROS CUERPOS DESCANSAR. VUELA PAPALOTE, VUELA, QUIERO CONSERVARTE SIEMPRE ERES MI MEJOR AMIGO. EL QUE SIEMPRE VA CONMIGO POR LOS CERROS Y LAS CALLES Y ME HACE SONREPIR VUELA PAPALOTE VUELA TRATA DE ALCANZAR LA LUNA DALE A UNA ESTRELLA DILE QUE LE DIGA AL VIENTO QUE MAÑANA VOLVEREMOS PUES YA ES HORA DE DORMIR VUELA PAPALOTE, VUELA.",ESPAÑOL_ESTANDAR
EL DUENDE DE LOS CAMINOS,CANCIÓN PARA ARRULLAR A UN GRILLO,EL DUENDE DE LOS CAMINOS ||| CANCIÓN PARA ARRULLAR A UN GRILLO,,"CANCIÓN PARA ARRULLAR A UN GRILLO El grillito cantor que arrulla mis sueños se fue a dormir, al país de los cuentos y de los cantos a descansar, la patita, el chearaña, el negro sandía lo harán reír, mientras que cada niño con sus canciones será feliz, grillito cantor, dulce crícrí dejame que te cante y que te cuente como tú a mi, quiero arrullarte con mi canción, negrito bailarín que hoy tiene cuerda baila para ti. Dejame oír tus cuentos con otros niños mi buen crícrí porque aún en estos tiempos los mismos cuentos nos gusta oír, jicote aguamielero con la abejita se va a casar y hasta el chivo ciclista por ti su barba se va a cortar, duerme grillito debes descansar, aunque tu estes dormido tu hermoso canto me arrullará, y Juan pestañas ya vino aquí, cucurumbé bailando con los muñecos te cuidarán. Vienen ya los palomos, las guacamayas para entonar, todas esas canciones que nos contabas y así soñar, vinieron los cochinitos y la abuelita para pedir, que el canto de los niños sea el que te arrulle y puedas dormir, cierra tus ojos, hora de descansar, porque nadie un sueño tu bello canto podrá olvidar, gracias crícrí grillito cantor, porque en todo momento ese tu canto es el que anda ahí. ¿Quién es ese quien anda ahí? es crícrí, es crícrí y quién es ese señor, el grillo cantor.",ESPAÑOL_REGIONAL
EL DUENDE DE LOS CAMINOS,DON GALLO,EL DUENDE DE LOS CAMINOS ||| DON GALLO,,"¡Ay! Qué bonito es mi rancho cantaba Don gallo por todo el lugar, su canto llega a los cerros y el sol muy curioso se viene asomar, ilumina los senderos, por donde los burros ya cargados van, los guajolotes, las vacas, el perro y el gato dormiendo estan. Ki, kiri, ki, kiriiii kikiri, kiii, despiertan todos ya estoy aquí. La labor del campo, ya va a empezar porque aquí toditos saben madrugar. Con el canto de don gallo, doña lagartija se empezó a enojar, aún no calientan las piedras el sol con sus rayos y usted alborotar, don gato dió muchas vueltas en su petate mejor se paró, el flojo nunca madruga pues canta de noche y también se enojó. ¡Oigame don Gallo! dejema dormir, vayase a otro lado, lejos de aquí. Andele don gato parece a almorzar, que acabo de ratos puede descansar. Al sol le gusta pasearse entre los ranchos bajo el cielo azul, debes en cuando una nube le limpia la frente , lo viste de cul, don gallo en el gallinero, con doña gallina se fue a platicar, esta empollando en los huevos en una semana serán papás. Ki, kiri, ki, kiriiii kikiri, kiii, voy hacer papá, de unos diez pollitos, que felicidad. Para hacer buen padre les debo enseñar a cantar a todos y así al sol llamar, se esta despidiendo, mañana vendrá ya me estoy durmiendo, voy a madrugar.",ESPAÑOL_REGIONAL
EL DUENDE DE LOS CAMINOS,DOÑA LAGARTIJA,EL DUENDE DE LOS CAMINOS ||| DOÑA LAGARTIJA,,"DOÑA LAGARTIJA Doña lagartija salió una mañana subió por las paredes por una que otra rama busacando el sol, buscando el sol, se tendió panza abajo, se tendió panza arriba, asoliando su piel, patas y cola, y se queda dormida con el calor encima. Soñó lagartijo y lagartijititos, soñaba piedras grandes calientes por el sol, cuando un resorterazó la cola le arranco, era un muchaco que las clases se salió, se sentía cazador de grandes elefantes, de tigres y leones, pero nada encontró, y a la pobre lagartija sin cola dejó. A la mañana siguiente salió listo el muchacho para ir a la escuela, cargando sus libros; cuando una lagartija al paso le salió, era la lagartija que sin cola dejó, sorprendido quedó pues esta le hablo, muy triste reclamaba: ¿Mi cola dónde quedó?. El pobre muchacho a penado quedó, pues doña lagartija un mal le causó, decidido le dijo: que él la cuidaría hasta que una nueva cola le volviera a salir, y doña lagartija contenta aceptó. Doña lagartija ta tiene nueva cola, correr por la paredes, por una que otra rama busacndo el sol, buscando el sol, se tendió panza abajo, se tendió panza arriba, asoliando su piel, patas y cola, y se queda dormida con el calor encima. Se despierta asustada cuando oye unos pasos, reconoce a su amigo y se vuelve a dormir pues corriendo de nuevo no de tendrá que ir, y doña lagartija ya tuvo lagartijitos.",ESPAÑOL_REGIONAL
EL DUENDE DE LOS CAMINOS,EL DUENDE DE LOS CAMINOS,EL DUENDE DE LOS CAMINOS ||| EL DUENDE DE LOS CAMINOS,,"Hay un duende en los caminos cuenta cuentos, cuentos canta y si un cuento tu le cuentas lo mete en su gran costal para llevar a otros niños que se encuentran en los caminos. Viejo duende tenga un cuento que yo se, te va a gustar, te lo cambio por alguno, que guardase en tu costal. Estaba un grillito sin poder tocar, porque sus alitas no sonaban más, pero vino el viento y se las arreglo, la señora luna lo solicitó y el grillo de nuevo toca sin parar. El duende de los caminos quiere conocer tus cuentos, y si un cuento tu le cuentas lo mete en su gran costal, para contar a otros niños cuando se encuentran dormidos. Viejo duende tenga un cuento que yo se, te va a gustar, te lo cambio por alguno, que guardase en tu costal. Los ratones en el campo jugando carreras van, con el toro Caralampio, el más manso del corral, la ratona dulce amor se gana el primer lugar porque el toro vió una flor y se detuvo a saludar. El duende de los caminos quiere conocer tus sueños y si te encuentra dormido, te los cambia de lugar, te deja los de otros niños que conocen los caminos. Viejo duende tenga un cuento que yo se, te va a gustar, te lo cambio por alguno, que guardase en tu costal. Estaba una araña tejiendo con cuatro arañitas corriendo, treita y dos patitas saltando, brincando y la telaraña se fue destrozando de nuevo fue el viento quien aquí ayudo, soplando, soplando se la reparo. Al duende de los caminos le han contado muchos cuentos solamente faltas tú, cuenta el que te guste más para que cuente a los niños que se encuentra en los caminos.",ESPAÑOL_ESTANDAR
EL DUENDE DE LOS CAMINOS,EL GRILLO MÚSICO,EL DUENDE DE LOS CAMINOS ||| EL GRILLO MÚSICO,,"EL GRILLO MÚSICO El grillo que entró a mi casita, con una alegre musiquita frotando sus alas tocaba contento, la música que hoy traigo yo. Al verme movió sus antenas y pidió que pusiera atención y en uno, dos, tres, cuatro, con sus alas listas su música me enseñó. Puedes bailar si tu quieres, hazlo rapido si puedes moviendo tus piernas sonando las palmas, la música la haces tú. Sigue el ritmo con la boca, barre el piso con los pies la música crece si vamos palmeando siguiendo. El grillo toca satisfecho al ver que me puse en acción si todo mi cuerpo es un instrumento, el grillo me lo mostró. Él hace la música fuerte, frotando sus alas y ya, y tú con tus manos, tus pies y tu boca, qué orquesta podrás formar. Haz sonidos con tu boca, los dedos tronando así, si buscas pareja, y los dos hacen ruido, buen baile podrán seguir. Utiliza otros recursos, los cerillos y el comal, los palos cualquiera en ritmo de clave tu hermano no lo hará mal. El grillo bailando se fue, en otro lugar va a tocar, busqué a mi hermanita formamos un dueto y empezamos a jugar. Vamos hacer una orquesta, canciones y muchas fiestas, el grillo bailando, sus alas sonando, regresa para auxiliar, si, si, regresa para ayudar, si, si, regresa para tocar, si, si, y siempre para jugar.",ESPAÑOL_ESTANDAR
EL DUENDE DE LOS CAMINOS,MORELIA,EL DUENDE DE LOS CAMINOS ||| MORELIA,,"En mi ciudad hay jardines hermosos donde las bancas de cantera azul, y en cada uno, una fuente redonda, como si de ellos fuera el corazón, es mi Morelia princesa tarasca, de piel morana rostro señorial, torres muy altas en sus campanarios alegres palomas, ciudad colonial. Es mi ciudad un remanzo risueño donde la aves cantan al amor, ven a Morelia te espera un amigo, lindos rincones te voy a mostrar, ven a Morelia y disfruta conmigo de su belleza y su grata quietud, arcos muy grandes de rosa cantera son las que cuidan mi linda ciudad.",ESPAÑOL_ESTANDAR
EL DUENDE DE LOS CAMINOS,PERICO MARCEÑO,EL DUENDE DE LOS CAMINOS ||| PERICO MARCEÑO,,"PERICO MARCEÑO Letra y música: Elba Rodriguez    Está una linda perica Muchas promesas perico  tendiendo sus alas al sol, a cuantas se las haras,  lavandose en un arroyo ni porque fueras muy rico,  para calmar el calor, a mi me convenderas,  cuando un perico marceño desde chica me enseñaron  que de paso la miró que desconfiara de aquel  se detuvo de repente que con una vez de verme  pues de ella se enamoró. me declare su querer.     ¡Hay! perica, perica, perica, ¡Hay! perica, perica, perica,  periquita de mi amor, periquita de mi amor,  ¡Hay! perica, perica, perica, ¡Hay! perica, perica, perica,  te regalo mi corazón. te regalo mi corazón.     Sin conocerme siquiera Nunca ni novia he tenido  ya esta sujeto mi amor, tu lo pudes preguntar,  esperas que yo te quiera mi corazón ha latido  que te de mi corazón, hasta que te vi pasar,  ni una pluma te regalo te llevaré con mis padres  perico vacilador, te los quiero presentar  has de a ver nacido en marzo eres linda periquita  saliste muy hablador. contigo me he de casar.     ¡Hay! perica, perica, perica, ¡Hay! perica, perica, perica,  periquita de mi amor, periquita de mi amor,  ¡Hay! perica, perica, perica, ¡Hay! perica, perica, perica,  te regalo mi corazón. te regalo mi corazón.     Si porque en marzo naciera Te ves sincero perico  tú no me puedes querer, me empiezas a convencer,  bastaría que lo pidieras pero cierra un poco el pico  para volver a nacer para poderte creer,  si no te gusta que te hable mi corazón también late  de plano me callaré, creo que ya te quieroigual,  pero quiereme perica que te conoscan mis padres  y nunca te dejaré. si nos vamos a casar.     ¡Hay! perica, perica, perica, ¡Hay! perica, perica, perica,  periquita de mi amor, periquita de mi amor,  ¡Hay! perica, perica, perica, ¡Hay! perica, perica, perica,  te regalo mi corazón. te regalo mi corazón.      Al fin se casaron los novios   ni el cocodrilo faltó,   el perico siguió hablando   mientras el tiempo pasó,   tuvieron diez periquitos   cada uno en marzo nació,   hablaron desde chiquitos,   este cuento se acabo. ",ESPAÑOL_ESTANDAR
EL DUENDE DE LOS CAMINOS,PROTESTA DE LOS VILLANOS,EL DUENDE DE LOS CAMINOS ||| PROTESTA DE LOS VILLANOS,,"Brujas, monstruos, ogros muchas brujas con los mostruos y los ogros de un lugar, se juntaron cierta noche para todos protestar, por los cuentos y maldades que les suelen inventar, para asustar a los niños con patrañas de verdad. Me gusta verlos jugar y a la luna contemplar, decía una bruja muy vieja, un rostro extraño y aterrador. Son amigos de la luna, de las flores y del sol, también ellos fueron niños y por eso su mal humor, de ser siempre villanos pues los pintan de lo peor cuando existen varios tontos que rechazan el amor. Fue cuento de algún mayor y adulto que fue lo peor, me pone de mal humor, me reveló quiero ser bueno no importa de que color y una obra de bondad; no pierdan así la calma les dijo un ogro conocedor. En los cuentos para niños nunca deben de faltar los valientes, los cobardes, la aventura, la emoción, pero yo les recomiendo que debemos advertir, que los cuentos son sólo eso y son para divertir, Que no los asusten más, los cuentos deben seguir que inventen otros villanos, ¡Buena idea! que hagan más cuentos. Que no dejen de existir pero vamos a insistir que no asusten a los niños que cuentan cuentos con sus papas. Y con todos los demás que el villano que seas ahora tu, o tú, o tú.",ESPAÑOL_ESTANDAR
EL DUENDE DE LOS CAMINOS,TZINTZUN,EL DUENDE DE LOS CAMINOS ||| TZINTZUN,,"Vino el colibrí de madrugada para invitar al Guatzapichu, niño pequeño mi morenito al valle corretear. En el eraldi amanecer, cuando sus brazos el sol estira y empieza a cariciar tzintzunpichi la florecita a sus amigos suele esperar, mil travesuras inventará. ¡Ay! el más travieso es colibrí tzintzun que con su largo pico hace cosquillas sin dejar de aletear la florecita suelta su polen los hace estornudar. El sol bostezó llegó la noche al valle, tzintzunpichu ya se durmió, el guatzapichu ya regresó tzintzun mañana volvera, duerme mi guatzapichu deja libre tu sueño, libre como el tzintzun.",LENGUA_INDIGENA
EL DUENDE DE LOS CAMINOS,UN CUENTO,EL DUENDE DE LOS CAMINOS ||| UN CUENTO,,"Contaba mi abuela historias muy lindas de brujas, princesas, sapos encantados, pensando en sus cuentos feliz sonreía, más una mañana que el patio barría, un sapo muy gordo se vino asomar, príncipe encantado te voy a besar, en una princesa me he de convertir así mis amigas podre presumir. Usaré corona ya no estudiaré, tendré mil sirvientes ya no barreré, feliz cenicienta todas me dirán seré una princesa y me admirarán, el príncipe sapo dejate alcanzar de esa bruja mala te voy a salvar, romper el hechizo si un beso te doy, quiero hacerlo pronto que no pase de hoy. Raspe mis rodillas del gran azotón, de ir siguiendo al sapo panzón, por fin de un gran salto al sapo atrapé, en la cabezota un beso le sampe, siguió siendo sapo no se transformo, sólo de saliba mi cara embarro, me sente muy triste ha reflexionar y el sapo en un charco se puso a cantar. Le conte a mi abuela lo que me pasó ¡Si sólo son cuentos! ah cómo se rió, por creer que un cuento se haría realidad, la tarea y la escoba dejé a la mitad, soñarme princesa para no estudiar, bonito remedio, ahora trabajar, a la escuela, por cierto tengo que llegar hay un nuevo cuento me voy a inventar.",ESPAÑOL_REGIONAL
EL DUENDE DE LOS CAMINOS,VAMOS A CANTAR,EL DUENDE DE LOS CAMINOS ||| VAMOS A CANTAR,,"Te vengo a invitar a jugar y a reír te quiero ofrecer, un momento feliz. Toma la mano del niño, de la niña, del señor, de la señora, señorita, compañero, amiguito o changuito a tu lado, mueve tu cabeza y tu cuerpo para un lado, y para el otro como barco en alta mar, no te distraigas con nada, ponte listo para jugar, llena el lugar de alegres risas nos queremos contagiar. Tu sabes reír, tu sabes soñar, te invito a venir vamos a cantar. Toma la mano del niño, de la niña, del señor, de la señora, señorita, compañero, amiguito o changuito a tu lado, mueve tu cabeza y tu cuerpo para un lado, y para el otro como barco en alta mar, no te distraigas con nada, ponte listo para jugar, llena el lugar de alegres risas nos queremos contagiar. Tu sabes reír, tu sabes jugar te invito a cantar, vamos a empezar.",ESPAÑOL_ESTANDAR
EL RINCÓN DE LOS NIÑOS VOL. 2,,EL RINCÓN DE LOS NIÑOS VOL. 2 ||| ,,"APELOTONADITOS Duermete conejito duermete ya, apelotonadito junto a mamá. Conejito gris de pelaje hermoso, duermete la perdiz y también el oso. Conejito tan tierno se ha de dormir, hasta que no haya invierno vuelve a salir. Duermete gazapo apelotonado, con papá te tapo ve muy bien tapado. Duermete gazapito blanco y oscuro de verde hierba hito tibio y seguro. Duermete conejo entre la camada, bajo el tronco viejo apelotonado. Duermete conejito duermete ya, apelotonadito junto a mamá.",LENGUA_INDIGENA
EL RINCÓN DE LOS NIÑOS VOL. 2,EL COLUMPIO,EL RINCÓN DE LOS NIÑOS VOL. 2 ||| EL COLUMPIO,,"Una rama fuerte y alta una cuerda y una tabla los columpios son mejores si en la rama hay muchas flores. Y más agusto se mece si abajo la hierba crece, mece y mece yo me voy el cabello al viento en flor. En el viento mece y mece sombra y luz sobre la frente, meciéndome estoy sentado cielo arriba, cielo abajo. Con las piernas encogidas cielo abajo, cielo arriba, con las piernas estiradas, cielo toda la mañana. Verde arriba, verde abajo y mis zapatos colgando, meciéndome voy meciendo y la rama floreciendo. Soñando que estoy soñando y la rama verdeando, cielo arriba, verde abajo y flores por todo el campo.",ESPAÑOL_REGIONAL
EL RINCÓN DE LOS NIÑOS VOL. 2,EL NIÑO ROBOT,EL RINCÓN DE LOS NIÑOS VOL. 2 ||| EL NIÑO ROBOT,,"EL NIÑO ROBOT El niño robot le dijo a la abuela que le diera cuerda para ir a la escuela. La abuela le dijo que estuviera quieto, la cuerda le daba cosquillas al nieto. La abuela robot antes que se fuera le puso aceitito con una aceitera, le beso la frente de acero pulido, le peino los rizos de alambre torcido. Se fue caminando con paso marcial derecho a la escuela alegre y formal, llevando en el pecho de terso metal una maquinita que hace chac, chac, chac.",ESPAÑOL_REGIONAL
EL RINCÓN DE LOS NIÑOS VOL. 2,EL ORNITORRINCO,EL RINCÓN DE LOS NIÑOS VOL. 2 ||| EL ORNITORRINCO,,"Domi, domi, domi, domi, re, re, sire, sire, sire, sire, mi, mi, domi, domi, domi, domi, re, re, sire, sire, sire, sire, mi, mi. Está es la canción del ornitorrinco que corre en la yerba y nada en el río. Que es un monotrema dicen los letrados, nace de un huevito y tiene pies palmeados. Toma el sol y al agua pega el brinco, cuando sientas que el calor te quema. Pega el brinco al agua ornitorrinco, mono, mono, mono, monotrema. Y que es un mamífero come de mamá, y que es un oviparo, qué barbaridad. Es muy peluditi y con trompa de pato, han oído ustedes que bicho tan raro.",ESPAÑOL_REGIONAL
EL RINCÓN DE LOS NIÑOS VOL. 2,EL ROCK DEL CHANGUITO,EL RINCÓN DE LOS NIÑOS VOL. 2 ||| EL ROCK DEL CHANGUITO,,"Este era un changuito que bailaba el rock en un cocotero lejos del smog, se levantaba con el arrebol del horizonte al salir el sol y se lavaba su carita en un claro manatial y se peinaba mirandose en ese terso cristal. Si se acaba de desayunar platanitos en el platar, este rock alegre baila así: y su carita arruga muy feliz con su cola de interrogación pregunta:¿quién se sabe otra canción?. Este era un changuito que bailaba el rock en un cocotero lejos del smog, se contoneaba sin ningún temor, en las alturas llenas de verdor y con peligro de caer, sin buscar ningún sostén en su sabroso vaivén. Si se acaba de desayunar platanitos en el platar, este rock alegre baila y tiene en su carita arruga muy feliz con su cola de interrogación pregunta:¿quién se sabe otra canción?. pregunta:¿quién se sabe otra canción?.",ESPAÑOL_ESTANDAR
EL RINCÓN DE LOS NIÑOS VOL. 2,EL SEMBRADOR,EL RINCÓN DE LOS NIÑOS VOL. 2 ||| EL SEMBRADOR,,"Ayúdame lapicito a hacer limpia mi tarea, ya te saque buena punta tengo abierta la libreta. En ella cada cuadrito es un hoyo de sembrar, cada letra una semilla que el lápiz plantando va. Ayúdame lapicito las planas son mi labor, los renglones son los surcos y yo soy el sembrador. Cuando acabe el primer año tengo que saber leer, esa será mi cosecha y quiero que se dé bien, y quiero que se dé bien.",ESPAÑOL_REGIONAL
EL RINCÓN DE LOS NIÑOS VOL. 2,EL TRENECITO,EL RINCÓN DE LOS NIÑOS VOL. 2 ||| EL TRENECITO,,"Cójete de mí vamos a jugar que eramos un tren chaca, chaca, cha. Coje mi cintura cojo la de Juan todos enganchados que este tren se vá. A dónde va el tren dígame señor va corre que corre hasta Champotón. Toca la campana tin, tilín, tilín que este trenecito pronto vá a salir. Uuh, uuh, uuh, chucu, chucu, chu, va para Laredo, no lo sabes tú, no lo sabes tú, dónde va este tren vá por sus carriles hasta Monterrey. Todos los vagones apretados van, llevan pasajeros para la ciudad. Es un trenecito viejo de vapor, y el que va adelante es el conductor. Uuh, uuh...",LENGUA_INDIGENA
EL RINCÓN DE LOS NIÑOS VOL. 2,LA CAMPANA NIÑA,EL RINCÓN DE LOS NIÑOS VOL. 2 ||| LA CAMPANA NIÑA,,LA CAMPANA NIÑA La campana mas chica del carrillon de plata y de cristales tiene la voz. Por sobre el bordoneo de las otras campanas se oye cantar su nota delgada y clara. La campanita niña del carrillon desgrana sus repiques en do menor. Los rebaños de nubes guía su esquila que pasten lentamente cielos arriba. Los rebaños de nubes ella apacienta que en los lagos de luz despacio beban. Por entre campanarios vuela el gorrión a su amiga campana trae una flor.,ESPAÑOL_REGIONAL
EL RINCÓN DE LOS NIÑOS VOL. 2,LA CLASE DE MÚSICA,EL RINCÓN DE LOS NIÑOS VOL. 2 ||| LA CLASE DE MÚSICA,,"LA CLASE DE MÚSICA La Melodía y la Armonía Yo soy parte de la música y me llamo melodía, también me dicen tonada soy graciosa y saltarina. Yo soy la alegre melodía y muy cambiante soy puedes chiflarme, tararearme, la tonada yo soy. Somos la armonía, somos los acordes, vamos parejitas, somos varias voces Somos la armonía, somos los acordes, acompañamiento simultáneas voces. Tra la la ... Bom, bom... Las Dos Voces y el Contrapunto. Cantaremos a dos voces parejitas y a compás no tenemos contrapunto simultáneas nos oíras. Contra punto ya vamos a cantar disparejas vamos ya. Contra punto ya vamos a cantar disparejas vamos ya. Ya tenemos contrapunto disparejas vamos ya. Ya tenemos contrapunto disparejas vamos ya. Canon del Reloj Cantaremos todos unos primeros y otros después. Cantaremos así el canon del reloj. Din, don, din, don, din, don, din, don, din, don, din, dan, don. (Se repite varias veces)",ESPAÑOL_ESTANDAR
EL RINCÓN DE LOS NIÑOS VOL. 2,LA GATITA PINTA,EL RINCÓN DE LOS NIÑOS VOL. 2 ||| LA GATITA PINTA,,"Gatita de tres colores, blanca, negra y amarilla, a mi casa me la traje porque la encontre perdida. Gatita de tres colores, blanca, negra y amarilla, a mi casa me la traje porque la encontre perdida. La bañe con agua tibia, luego le di de comer, se hecho a dormir en el sol, ronroneando de clase. Una oreja negra, la otra amarilla, para oír de noche, para oír de día, con la oreja negra oye los ratones y con la amarilla oye los gorreones. Tigre de bolsillo, mi mansa gatita, con su cuello blanco y su cola pinta. Gatita de tres colores, blanca, negra y amarilla, a mi casa me la traje porque la encontre perdida. La bañe con agua tibia, luego le di de comer, se hecho a dormir en el sol, ronroneando de clase. Una oreja negra, la otra amarilla, para oír de noche, para oír de día, con la oreja negra oye los ratones y con la amarilla oye los gorreones.",ESPAÑOL_ESTANDAR
EL RINCÓN DE LOS NIÑOS VOL. 2,LA MÁQUINA DE ESCRIBIR,EL RINCÓN DE LOS NIÑOS VOL. 2 ||| LA MÁQUINA DE ESCRIBIR,,"LA MÁQUINA DE ESCRIBIR Yo ya se escribir en máquina igualito que papá taca, tiqui, tiqui, taca, taca, tatiqui, tatiqui, ta. Le escribo a todos los niños, que conmigo quieran ir a comer arroz con leche a la banca del jardín. Traca, traca, traca, traca, tatiqui, tiqui, tatiqui, tan, a comer fresas con crema a tomar café con pan. Suena la campana ¡tin! rueda el carro: rin, ran, ron, y taca, taca, tatiqui, el sobre y la derección. Traca, traca. treque, treque, tatiqui taca, tariqui ton, tataca, taca tereque teque, treque taraca teque teton.",LENGUA_INDIGENA
EL RINCÓN DE LOS NIÑOS VOL. 2,La infantina esta enfadada,EL RINCÓN DE LOS NIÑOS VOL. 2 ||| La infantina esta enfadada,,Letra y música de Gilda Rincón .Música de Valentín Rincón Esta sentada la infanta en un labrado escalón La reina en silla de plata y silla de oro el rey En plato de porcelana un paje trae un pastel La infantina esta enfadada no se lo quiere comer Ya no quiere más pasteles que se lleven el turrón. La infantina sólo quiere brincar en el corredor. La infantina esta en el prado y en un balcón,ESPAÑOL_REGIONAL
EL RINCÓN DE LOS NIÑOS VOL. 3,ARRULLO DE LAS PALOMES,EL RINCÓN DE LOS NIÑOS VOL. 3 ||| ARRULLO DE LAS PALOMES,,"Arrullo de las palomas, arrullo de las palomas. Los pichones en el nido las palomas en la rama, y el niño que yo quiero en los brazos de su mamá. a a a currucutu... Las palomas ya no caben, los pichones van creciendo, y a este niño chiquito el sueño lo va venciendo. Los pichones cuando crecen se van volando en el aire, y este niño dormidito adónde se irá de grande. e e e currucutu... Los pichones en el nido, las palomas en el viento, y el niñito de mis ojos en las alas de su sueño. Las palomas un buen día vuelan a cielos lejanos, dónde tenderá las alas el niñito de mis brazos. o o o currucutu... Hay en la montaña un árbol, en el árbol hay un nido, y en los brazos de su mamá hay un niñito dormido.",ESPAÑOL_REGIONAL
EL RINCÓN DE LOS NIÑOS VOL. 3,"AY, AY, AY","EL RINCÓN DE LOS NIÑOS VOL. 3 ||| AY, AY, AY",,"Papá me compró tambor, y mamá me lo escondió. Papá me compró tambor, y mamá me lo escondió. Ay, ay, ay, con qué voy a tocar, ay, ay, ay, pam, pam, pam. Mi amigo me dió una rana, la escondí bajo la cama. Mi amigo me dió una rana, la escondí bajo la cama. Ay, ay, ay, quién me la barrió, ay, ay, ay, cro, cro, cro. Papá me compró corneta y me la guardó la abuela. Papá me compró corneta y me la guardó la abuela. Ay, ay, ay, y ahora qué voy a tocar, ay, ay, ay, tari rará. Mi mamá me dió papel, pero pinté en la pared. Mi mamá me dió papel, pero pinté en la pared. Ay, ay, ay, tres coscorrones me dió, ay, ay, ay, pom, pom, pom.",ESPAÑOL_ESTANDAR
EL RINCÓN DE LOS NIÑOS VOL. 3,BLUES DE LA CIGÜEÑA,EL RINCÓN DE LOS NIÑOS VOL. 3 ||| BLUES DE LA CIGÜEÑA,,"BLUES DE LA CIGÜEÑA Cigüeña coqueta soy linda y discreta, esbelta, picuda, tra la ra lá. Ligera, sedeña, las alas extiendo, levanto una pata, y a descansar. Cuando la llaman aquí y allá, ave zancuda, qué más le dá. Es la cigüeña quiere volar cerca de un lago, junto al mar. Quiere volar al ras del mar mírala bien cómo se va. Quiere volar al ras del mar mírala bien cómo se va. Cuando la llaman... Cigüeña coqueta aquí y allá... Soy linada y discreta, ave zancuda... Esbelta, picuda, qué más le dá... Tra la ra lá. Es la cigüeña... Ligera, sedeña, quiere volar... Las alas extendiendo, cerca de un lago levanto una pata, junto del mar... y a descansar Quiere volar...",ESPAÑOL_REGIONAL
EL RINCÓN DE LOS NIÑOS VOL. 3,CABALLITOS DE MAR,EL RINCÓN DE LOS NIÑOS VOL. 3 ||| CABALLITOS DE MAR,,"Esta es la canción del caballo de mar, que no tiene montura ni sabe relinchar. que cabalga en su cola de caracol, y sabe hacer burbújas sin agua de jabón. Esta es la rona de los hipocampos, que en la llanura azul van cabalgando, que en la llanura azul van cabalgando. Caballitos de mar de todos los colores, con la crin almenada y los ojos saltones. Esta es la ronda del caballo marino, que aunque se beba el mar sigue chiquito, y en prados de coral cabalga erguido. Ven a ver el desfile de los caballitos, ven a ver el desfile de los caballitos. Caballitos de mar...",ESPAÑOL_ESTANDAR
EL RINCÓN DE LOS NIÑOS VOL. 3,CUENTAME MAMÁ,EL RINCÓN DE LOS NIÑOS VOL. 3 ||| CUENTAME MAMÁ,,"CUENTAME MAMÁ Cuéntame, cuéntame, cuéntame, mamá: cuando la lámpara termina de brillar, ¿dónde guarda su luz, dónde la esconderá? Cuéntame, cuéntame, cuéntame, mamá. Mira, si mis ojos cierro, mamá, puedo yo a los astros todos borrar, y también, pensándolos dentro de esa oscuridad, todos los astros, todos los soles, vuelven a brillar, porque en mi frente, tras de mis ojos, otro mundo hay. Cuéntame, cuéntame, cuéntame, mamá, quién fabrica la luz y quién la oscuridad, si la lumbre del sol es de leña o de gas, cuéntame, cuéntame, cuéntame, mamá. Dí si el agua que la lluvia nos dá de las nubes o de la luna vendrá, porque cuando va a llover, veo la luna oscurecer, como si sola, como si triste, quisiera llorar. Cuéntame, cuéntame, cuéntame, mamá, cuando yo soy feliz y tú cerquita estás, dentro del corazón quien cantándome está, cuéntame, cuéntame, cuéntame, mamá.",ESPAÑOL_ESTANDAR
EL RINCÓN DE LOS NIÑOS VOL. 3,EL DOCTOR,EL RINCÓN DE LOS NIÑOS VOL. 3 ||| EL DOCTOR,,"Cuando yo sea grande voy a ser doctor, te daré jarabe sí te da tos, muy de bata blanca iré por allí con mi estetoscopio y mi maletín. Si te duele el dedo te pondré un trapito, si te llora el ojo, un algodoncito, si estás decaída te he de aplicar cien mil unidades de felicidad.",ESPAÑOL_ESTANDAR
EL RINCÓN DE LOS NIÑOS VOL. 3,EL TROMPO,EL RINCÓN DE LOS NIÑOS VOL. 3 ||| EL TROMPO,,"La panza rayada y el pie de metal, cabeza chiquita y sabe bailar. Al trompo le gusta dar vueltas y vueltas, mirar como bailan tantas cosas quietas. Póngale la cuerda que quiere bailar, el trompo mamita tan loco que está. Zumba como avión, corre como tren, ronca y ronronea sí se duerme bien. Girando, girando, se pone borracho luego panza arriba se queda tirado. Póngale la cuerda que quiere bailar, el trompo mamita tan loco que está.",ESPAÑOL_ESTANDAR
EL RINCÓN DE LOS NIÑOS VOL. 3,LA PELOTA,EL RINCÓN DE LOS NIÑOS VOL. 3 ||| LA PELOTA,,"Soy una gorda muy ágil, camino bota que bota espiando sobre bardas, soy la pelota. Redonda soy como el mundo, pero si el mundo yo fuera, sería un mundo de colores, en primavera. Brincando por todos lados con alegre ligereza, si fuera el mundo, andaría de cabeza. Porque así, loca y feliz, sea grande o pequeñina, soy la pelota, pelota, pelota, pelota, saltarina.",ESPAÑOL_ESTANDAR
EL RINCÓN DE LOS NIÑOS VOL. 3,LAS ESDRÚJULAS,EL RINCÓN DE LOS NIÑOS VOL. 3 ||| LAS ESDRÚJULAS,,"LAS ESDRÚJULAS Son als esdrújulas simpáticas y fáciles. Para aprendértelas cantándolas lo harás, porque diciéndolas con un poco de música, acomodándose al ritmo van de un vals. Escúchalas: son ritmícas, son dóciles, versátiles, anímate y apréndelas y luego me dirás. Cuando es tónica la antepenúltima, voces esdrújulas se formarán, siempre recuérdalo: en esa sílaba acento gráfico deben llevar.",LENGUA_INDIGENA
EL RINCÓN DE LOS NIÑOS VOL. 3,LOS PUERQUITOS,EL RINCÓN DE LOS NIÑOS VOL. 3 ||| LOS PUERQUITOS,,"¡Oinc, oinc! Los puerquitos son rosados, sacacorchos son sus rabos. Gruñe y gruñe a toda hora, alcancías gruñidoras. Qué gorditos, qué rosados, jamoncillos almendrados. ¡Oinc, oinc! Gruñe y gruñe, ronca y ronca, tienen enchufe en la trompa. ¡Qué rosados, qué gorditos, qué chistosos los puerquitos! Ronca y ronca noche y día, gruñidoras alcancías. ¡Oinc, oinc!",LENGUA_INDIGENA
EL RINCÓN DE LOS NIÑOS VOL. 3,PAJARITO COLA BLANCA,EL RINCÓN DE LOS NIÑOS VOL. 3 ||| PAJARITO COLA BLANCA,,"Un peruanito andino puso una trampa y cazó un pajarito de cola blanca, de cola blanca. En su caballa orillas del Titicaca el pajarito preso cómo lloraba, cómo lloraba. Tanto lloraba el ave, tanto lloraba en su jaulita orillas del Titicaca, del Titicaca. que el corazón del niño pudo ablandar le abrió la jaula y lo dejó volar, dejó volar. Un pajarito pardo de cola blanca volaba por encima del Titicaca, del Titicaca. Su linda estampa se recorta en el cielo, se dibuja en el agua su pardo vuelo, su pardo vuelo.",ESPAÑOL_ESTANDAR
EL RINCÓN DE LOS NIÑOS VOL. 3,RE-LA-MI-DO,EL RINCÓN DE LOS NIÑOS VOL. 3 ||| RE-LA-MI-DO,,"Mi profesor me solfeo es un señor muy singular. Tiene apariencia de antigüedad salida de una bazar Su pelo untado se ve brillar. Tan bien peinado esta, que al verlo así le gritan: ¡señor, que relamido va! Con su traje gris, su corbata de moñito, del siglo pasado parece el buen señor. Muy acicalado, chapado a la antigua y muy relamido se ve mi profesor. Muy bien peinadito, siempre cepillado y muy relamido se ve mi profesor. RE LA MI DO RE LA MI DO RE LA MI DO SOL FA MI.",ESPAÑOL_ESTANDAR
EL RINCÓN DE LOS NIÑOS VOL. 3,SAPITO VERDE,EL RINCÓN DE LOS NIÑOS VOL. 3 ||| SAPITO VERDE,,"Qué lindo sapito verde cantando goré goré, salpicada de confeti su dura y lustrosa piel. Con sus ojos de canica y abanicos en las patas, con su boca de buzón y un fuelle blando la panza. Quién fuera sapito verde sentado en el limo oscuro con sus cantos gregorianos en voz de bajo profundo. Quién elástico y ahulado como una suave pelota que contra el suelo se achata, se estira, salta, rebota. Quién pudiera deshacer la luna en gajos de plata como el sapito asustado que se zambulle en la charca. Quién fuera sapito verde y buscara bajo el agua cortinas de verdes flecos para sus verdes ventanas, para sus verdes ventanas. Quién fuera...",ESPAÑOL_REGIONAL
EL RINCÓN DE LOS NIÑOS VOL. 6,AVESTRUZ,EL RINCÓN DE LOS NIÑOS VOL. 6 ||| AVESTRUZ,,"Truz, truz, avestruz, truz, truz, avestruz, truz, truz, avestruz. Ave desmensurada grosería de ave, ave tanta que apenas entre las aves cabe. Sin vuelo que sin trino toda muslos de atleta, guíñame con tus bellos párpados de coqueta. Gallina amplificada, inflada gallareta mete en tu agujero tu cabecita hueca. Tangos de siete leguas, elegante plumón, avestruz de las aves cuánta exageración. Por tu mirada exótica déjame que te alabe, ave tan estrambótica esconderse no sabe. Truz, truz, avestruz, truz, truz, avestruz, truz, truz, avestruz. Tangos de siete leguas, elegante plumón, avestruz de las aves cuánta exageración. Por tu mirada exótica déjame que te alabe, ave tan estrambótica esconderse no sabe.",LENGUA_INDIGENA
EL RINCÓN DE LOS NIÑOS VOL. 6,CANCIÓN DEL RELOJITO,EL RINCÓN DE LOS NIÑOS VOL. 6 ||| CANCIÓN DEL RELOJITO,,"CANCIÓN DEL RELOJITO Relojito de mi casa si te doy, ¿tú que me das? dame cuerda y te doy horas, yo te doy si tu me das. Te doy horas de dormir y horas para despertar, te doy horas de trabajo y te doy horas de jugar. Relojito de mi casa si te doy, ¿tú que me das? dame cuerda y te doy horas, yo te doy si tu me das. Relojito de mi casa si te doy, ¿tú que me das? dame cuerda y te doy horas, yo te doy si tu me das. Te doy horas de dormir y horas para despertar, te doy horas de trabajo y te doy horas de jugar. Relojito de mi casa si te doy, ¿tú que me das? dame cuerda y te doy horas, yo te doy si tu me das.",ESPAÑOL_ESTANDAR
EL RINCÓN DE LOS NIÑOS VOL. 6,CANCIÓN PARA DORMIR A UNA GARZA,EL RINCÓN DE LOS NIÑOS VOL. 6 ||| CANCIÓN PARA DORMIR A UNA GARZA,,"CANCIÓN PARA DORMIR A UNA GARZA Ay garza peina tu plumón cuando el manglar se cuelga, de lagartos en vela sobre las amazonas, las garzas vuelan ya se caen de sueño las más pequeñas. Ay garza peina tu plumón sonbre el manglar oscuro, duermen las garzas con un ojito abierto y en una pata, cójete fuerte para que no te caigas. Ay garza peina tu plumón sobre el manglar dormido, un florecer de garzas hasta que las deshoje, vientón del alba, cójete fuerte, fuerte porque te cansas. Ay garza peina tu plumón sonbre el manglar oscuro, duermen las garzas con un ojito abierto y en una pata, cójete fuerte para que no te caigas.",ESPAÑOL_REGIONAL
EL RINCÓN DE LOS NIÑOS VOL. 6,LA ARAÑA,EL RINCÓN DE LOS NIÑOS VOL. 6 ||| LA ARAÑA,,"LA ARAÑA Una casa de seda hizo la araña, que no tiene paredes sólo ventanas. Ventanas sin cristales y sin postillos cuando se cuela el viento señor ¡que frío! Una casa de seda hizo la araña, que no tiene paredes sólo ventanas. Úntele de esta miel de que te araña, cuatro pares de medias de pura lana. Hizo la araña un castillo de seda que el rocío le borda de plata y perlas. Tiene el tereque, teque, la castellana asoman al balcón de sus mil ventanas Hizo la araña un castillo de seda que el rocío le borda de plata y perlas. Hizo la araña un castillo de seda que el rocío le borda de plata y perlas. No vayas al castillo de Doña araña, no sea que entrando en él luego no salgas.",ESPAÑOL_REGIONAL
EL RINCÓN DE LOS NIÑOS VOL. 6,MARCHA DE LOS LAPICES,EL RINCÓN DE LOS NIÑOS VOL. 6 ||| MARCHA DE LOS LAPICES,,"Los lápices azules, los lápices morados, con su quepí de plata son valientes soldados. Derechitos avanzan sin salir del renglón, los ponen de cabeza si hacen algún tachón. Qué raros soldaditos porque al revés que yo, se vuelven más chiquitos mientras más viejos son. Por el cuaderno avanzan un dos, un dos, los bravos lapicitos que saben la lección. (Se repite 3 veces)",ESPAÑOL_REGIONAL
EL RINCÓN DE LOS NIÑOS VOL. 6,MIRA QUE PRECIOSA ESTRELLA,EL RINCÓN DE LOS NIÑOS VOL. 6 ||| MIRA QUE PRECIOSA ESTRELLA,,"Mira qué preciosa estrella, por el oriente ha salido dicen que esta señalando a un niño recién nacido y por eso estamos todos tan alegres y felices y por eso cenaremos todos, buñuelos y codornices y por eso cenaremos todos, buñuelos y codornices. Naviadad, Navidad, Navidad, hoy es noche de amor y de paz todos juntos queremos estar, al calor del hogar, todos juntos queremos estar, al calor del hogar. Mira que sobre el establo blanca la Luna se asoma, y junto al niñito Dios, se ha posado una paloma, más al niño que ha nacido en el pesebre, traigan los pastores queso, traigan los pastores leche. Naviadad, Navidad, Navidad, hoy es noche de amor y de paz todos juntos queremos estar, al calor del hogar, todos juntos queremos estar, al calor del hogar. Hay que romper la piñata porque adentro tiene nueces, si no se rompe a la una dale, dale muchas veces, hay que pedir la posada y cantar la letanía, con los santos peregrinos, San José y Santa María, con los santos peregrinos, San José y Santa María. Naviadad, Navidad, Navidad, hoy es noche de amor y de paz todos juntos queremos estar, al calor del hogar, todos juntos queremos estar, al calor del hogar.",ESPAÑOL_ESTANDAR
EL RINCÓN DE LOS NIÑOS VOL. 6,MUÑECA DE VERDAD,EL RINCÓN DE LOS NIÑOS VOL. 6 ||| MUÑECA DE VERDAD,,"MUÑECA DE VERDAD Tengo una muñeca que usa delantal, que come sopita y llora de verdad. El pelo le crece la debo peinar, gasta los zapatos pues sabe caminar. Tengo una muñeca que cierra los ojos, se sienta, se para, ríe de gozo. La baño, la duermo, anda en la andadera pues es mi hermanita muñeca de veras. Tengo una muñeca que usa delantal, que come sopita y llora de verdad. El pelo le crece la debo peinar, gasta los zapatos pues sabe caminar. Cuatro palabritas ya sabe decir, ríe y parlotea si me ve venir. Cuatro dientecitos enseña al reir, la niña muñeca que me quiere a mi, que me quiere a mi.",ESPAÑOL_ESTANDAR
EL RINCÓN DE LOS NIÑOS VOL. 6,OSO PELUDO,EL RINCÓN DE LOS NIÑOS VOL. 6 ||| OSO PELUDO,,"Oso peludo ya tienes sueño, oso grandote su papá. Osa mediana cuida al pequeño, osa mediana y es la mamá. Osos peludos ya tienen sueño, se acerca el tiempo de dormir. Mañana empieza el frío invierno, buscan su cueva cerca de allí. Dormir, dormir, dormir, dormir, dormir calientito, como osote, osa y osito. Dormir, dormir, dormir, dormir, dormir calientito, como osote, osa y osito. Los osos tíenen su tibia casa, en donde pasan todo el invierno. Ronca que ronca y así descansan, oso grandote, oso pequeño. Duerme osito, duerme tranquilo y cuando el sol funda la nieve; y el duro invierno, ya se haya ido, sal de tu cueva duerme en el césped. Dormir, dormir, dormir, dormir, dormir calientito, como osote, osa y osito. Dormir, dormir, dormir, dormir, dormir calientito, como osote, osa y osito.",ESPAÑOL_REGIONAL
EL RINCÓN DE LOS NIÑOS VOL. 6,PAYASO DE CIRCO,EL RINCÓN DE LOS NIÑOS VOL. 6 ||| PAYASO DE CIRCO,,"Este payaso todo sonoro, todo colores, todo jolgorio. Sale corriendo, sale pitando, siempre rumiendo casi estorbando. Otro payaso le hace bromas también, pesadas e inesperadas, ¡Ay! y algunas veces con un mazo le dan y tan, tan, tan, tan, tan, tan. Es un chistoso y sorpresivo es saltimbanqui y muy llamativo. Es una chispa de llamarada, una cascada de carcajadas. La viva imágen del circo eterno, estrafalario, absurdo y tierno. Nariz de bola y zapatotes es como un cuadro de mil colores. Otro payaso le hace bromas más bien, pesadas e inesperadas, ¡Ay! y algunas veces con un mazo le dan y tan, tan, tan, tan, tan, tan.",ESPAÑOL_ESTANDAR
EL RINCÓN DE LOS NIÑOS VOL. 6,PÁJARO CARPINTERO,EL RINCÓN DE LOS NIÑOS VOL. 6 ||| PÁJARO CARPINTERO,,"PÁJARO CARPINTERO Pájaro carpintero pinta madero, cuánto me cobra usted por un librero. Maestro carpintero copete rojo, labrador de cortezas come gorgojo. ¿Cuánto por una cama de buen encíno? ¿Cuánto por una silla de puro pino? Pájaro carpintero saca bocado, ¿Cuánto por un trastero ? Diga cuánto maestro pico de acero, porque me cante cuánto, buen carpintero. Porque me cante cuánto carpinterillo, al compás de los golpes de su martillo. Pájaro carpintero saca bocado, ¿Cuánto por un trastero ? Diga cuánto maestro pico de acero, porque me cante cuánto, buen carpintero. Porque me cante cuánto carpinterillo, al compás de los golpes de su martillo.",ESPAÑOL_REGIONAL
EL RINCÓN DE LOS NIÑOS VOL. 6,TERRÓN DE AZÚCAR,EL RINCÓN DE LOS NIÑOS VOL. 6 ||| TERRÓN DE AZÚCAR,,"TERRÓN DE AZÚCAR Una niña encantadora con pestañas muy rizadas, gime y gime a toda hora, aunque nadie le haga nada. Mírame y no me toques ella parece decir, si me tocas me derrito, que me voy a derretir. Que si ya la ví muy feo, que si no la saludé, que si ya le duele un dedo, que si ya le duele un pie. Que si amaneció enojada, no la pases a traer, niña que es terrón de azúcar, no se vaya a deshacer. Que si cae la llovizna, ella no quiere salir, ni que afuera de acuarela, que se pueda desteñir. Que si el sol calienta mucho, ya no quiere ir a jugar, ni que fuera gota de agua que se fuera a evaporar. Que si el viento despeina, que si el frío le hace mal, que le pongan cuatro abrigos, que si no se va a resfriar. A botar voy en tu llanto mís barquitos de papel, terroncito azucarado, no te vayas a hacer miel, terroncito azucarado, no te vayas a hacer miel.",ESPAÑOL_ESTANDAR
EL RINCÓN DE LOS NIÑOS VOL. 6,TORTOLAS EN LA CONCHITA,EL RINCÓN DE LOS NIÑOS VOL. 6 ||| TORTOLAS EN LA CONCHITA,,"Siguiendo las cadenitas en el polvo dibujadas, encontré unas tortolitas como la calle empedradas. En “La Conchita” cuando hay casorio, echan arroz sobre los novios. Al día siguiente de mañanita, llenan de buche las tortolitas. Siguiendo las cadenitas en el polvo dibujadas, encontré unas tortolitas como la calle empedradas. En “La Conchita” cuando hay casorio, echan arroz sobre los bovios. Al día siguiente de mañanita, llenan de buche las tortolitas. No se asusten tortolita, ¿Qué buscas tan ocupada? sigue arrullando afanosa, que no te voy hacer nada. Sigue diciendo que sí que si, buscando un grano de ajonjolí, sigue diciendo que sí que si, buscando un grano de ajonjolí.",ESPAÑOL_REGIONAL
EL RINCÓN DE LOS NIÑOS VOL. 6,YO QUIERO SER MILLONARIO,EL RINCÓN DE LOS NIÑOS VOL. 6 ||| YO QUIERO SER MILLONARIO,,"Yo de ser un millonario, tengo tantas, tantas ganas que millonario he de ser antes que me salgan canas. Tendré para mis regalos millones de olas de mar, millones de cosas bellas sin tenerlas que comprar. Todas las gotas de lluvia sus diamantes me han de dar, millonarios de diamantes, mis ojos se volverán. Millonario de montañas desde ahora me declaro millonario de luceros y de amaneceres claros. Los caminos de la tierra para mi se prenderán, millonario de caminos que vuelva la libertad. Muchos millones de hermanos por el mundo he de tener, todos los seres humanos mis hermanos han de ser. Los caminos de la tierra para mi se prenderán, millonario de caminos que vuelva la libertad. Muchos millones de hermanos por el mundo he de tener, todos los seres humanos mis hermanos han de ser. Los caminos de la tierra para mi se prenderán, millonario de caminos que vuelva la libertad. Muchos millones de hermanos por el mundo he de tener, todos los seres humanos mis hermanos han de ser.",ESPAÑOL_ESTANDAR
EL RINCÓN DE LOS NIÑOS VOL. 6,"YO TE QUIERO, TU ME QUIERES","EL RINCÓN DE LOS NIÑOS VOL. 6 ||| YO TE QUIERO, TU ME QUIERES",,"Yo te quiero, tu me quieres, eso está muy bien y si todos se quisieran pues requetebien. El amor es algo natural, que a la vida le da intensidad, y mientras tu lo regalas más, más amor tendrás. Yo te quiero, tu me quieres, eso está muy bien y si todos se quisieran pues requetebien. Yo te quiero, tu me quieres, eso está muy bien y si todos se quisieran pues requetebien. Si estas tríste o te sientes mal, este canto vas a recordar, y a tus penas tu las mandarás lejos a volar. Yo te quiero, tu me quieres, eso está muy bien y si todos se quisieran pues requetebien. Yo te quiero, tu me quieres, eso está muy bien y si todos se quisieran pues requetebien. En el mundo hay desigualdad y las guerras hacen tanto mal, procuremos todos la equidad y también la paz. Yo te quiero, tu me quieres, eso está muy bien y si todos se quisieran pues requetebien.",ESPAÑOL_ESTANDAR
EL RINCÓN DE LOS NIÑOS VOL.4,ADIVINANZA DE LA E,EL RINCÓN DE LOS NIÑOS VOL.4 ||| ADIVINANZA DE LA E,,"Adivina niño que letra soy que no estoy en casa y en coche voy. Soy una vocal y, fijate bien: en avión no vengo, siempre voy en tren. Soy trinche sin rabo, soy tres al revés, si ya me conoces, que requete bien. Escribeme a mano sobre del renglón, en fila formamos un tirabuzón. Tu a veces me nombras cuando no oyes bien ¡Ya lo adivinaste! mi nombre es E. Pelele y peneque llevan muchas es, decente, reseque, merengue y bebé.",ESPAÑOL_ESTANDAR
EL RINCÓN DE LOS NIÑOS VOL.4,CHACARERA DE LA M,EL RINCÓN DE LOS NIÑOS VOL.4 ||| CHACARERA DE LA M,,"La M es una montaña con un tajo a la mitad, manuscrita, tres montañas, ni una menos, ni una más. Parece un camello flaco con las jorobas al aire, con el pescuezo empinado en el agua de un oasis. Con M te pones MONO, con M dices MAMÁ, a la P siempre antecede igual que a la B labial. Vamos a escribir la M con sus crestas empinadas, vamos a poner MERENGUE, en cima de MERMELADA.",ESPAÑOL_ESTANDAR
EL RINCÓN DE LOS NIÑOS VOL.4,"D, DE DEDO","EL RINCÓN DE LOS NIÑOS VOL.4 ||| D, DE DEDO",,"D de dedo, D de dado, de domingo, de dorado. La minúscula parece una nota musical. Ha de ser la nota do o un palito para golf la mayúscula una luna rebanada a la mitad, si te pongo maricita se parece a Caridad. D de diente y delantal, D de dedo con dedal.",ESPAÑOL_REGIONAL
EL RINCÓN DE LOS NIÑOS VOL.4,FANFARINFAS VA CON F,EL RINCÓN DE LOS NIÑOS VOL.4 ||| FANFARINFAS VA CON F,,"Fanfarinfas es un bufo fanfarrón y fufurufo, se enfurruña y se le engrifa su melena de alijofifa. Pero si se pone eufórico y se siente filarmónico. Fanfarinfas va con F que es una letra de FRESA fijate qué forma tiene: parece una llave inglesa. Parece una llave inglesa, déjala que lo parezca, es la F de FRAMBUESA, de ALFORFON y FRUTA FRESCA.",LENGUA_INDIGENA
EL RINCÓN DE LOS NIÑOS VOL.4,H Y CH,EL RINCÓN DE LOS NIÑOS VOL.4 ||| H Y CH,,"Vamos a escribir la H con sus brazos paralelos que se mira y no se dice como si fuera un secreto. En silencio va la H escrita con las demás, su amiga la letra C a la H hace cantar. Letra que es para los ojos y no para los oídos, quien sabe dónde ponerla debe ser muy entendido. Escribo con H hora, hora de las del reloj, escribo con H ahora, ahora sí pero ora no. Aprende a poner las haches adonde deben estar, que la CH te avisa dónde con su sonoro chistar. Cuando con la CH y cállate con la H mira cómo se dao oita, en la palabra huarache.",ESPAÑOL_ESTANDAR
EL RINCÓN DE LOS NIÑOS VOL.4,L Y LL,EL RINCÓN DE LOS NIÑOS VOL.4 ||| L Y LL,,"La L es un ángulo, la L es doblez, palito quebrado la letra L es, en ángulo recto se dobla la L se parte y se quiebra pero no le duele, L de lengua, L de luna, L de lunes y de una laguna. Con doble L se pone lluvia con una sola se pone alubia. Si tu pones dos eles suena lla lle lli dos patitas flacas que andan por allí. En una llanura una llama va, en dos dobles elles parece trotar L de Lengua",ESPAÑOL_ESTANDAR
EL RINCÓN DE LOS NIÑOS VOL.4,LA B GRANDE Y LA V CHICA,EL RINCÓN DE LOS NIÑOS VOL.4 ||| LA B GRANDE Y LA V CHICA,,"La B grande y la V chica se empezaron a pelear, por meterse en las palabras que veían al pasar; su mamá la Ortografía las palabras repetía: le tocó a la B de burro buzo, bonito y baturro. A la V de vaca, vino, verdolaga y adivino. La B grande usarás tú siempre en bra bre bri bro bru pero “vino vió y venció” con uvé lo pongo yo. A Bolivia y a volaba unu y una les tocaba.",ESPAÑOL_ESTANDAR
EL RINCÓN DE LOS NIÑOS VOL.4,LA BRUJA A,EL RINCÓN DE LOS NIÑOS VOL.4 ||| LA BRUJA A,,"Es una bruja buena La A muchas palabras sabe formar con su varita de encantar fijate bien que trucos hará. Abracadabra que venga la A para que el sol se vuelva sal y por la magia de la A, hasta la col se vuelva cal. Abra la boca ábrala ya para que salga esta vocal. Y que la lupa se vuelva lapa y que la pipa se vuelva papa. Que sin la A no puedes cantar pedir auxilio ni agua ni pan. Que sin la A no pudes llamar a tu papá ni a tu mamá, porque es una bruja buena la A, abracadabra que venga la A. Que es una amiga sabia y fiel igualitita a la torre Eiffel.",ESPAÑOL_ESTANDAR
EL RINCÓN DE LOS NIÑOS VOL.4,LA C,EL RINCÓN DE LOS NIÑOS VOL.4 ||| LA C,,"A media ruedita la C se parece, y tiene sonido de K y de S. Con la U, la O y la A suena cu y co y ca, pero con la E y la I suena ce y suena ci. Con la C ponemos canción, cuna, cobre y adición, con la C escribimos cienpiés, ceniza, cena y ciprés.",ESPAÑOL_REGIONAL
EL RINCÓN DE LOS NIÑOS VOL.4,LA G Y LA J,EL RINCÓN DE LOS NIÑOS VOL.4 ||| LA G Y LA J,,"Cuando sale Juan García con bastón y muy galante, lleva la J en las manos y la G lleva en los guantes. Cuando vuelve Juan García muy urfano y bien vestido la J trae en el nombre y la G lleva en el apellido. La Jota con G de gota el gusto con J es justo en gorjeo hay G y hay J lo mismo que en agujota. La G con J se ríe porque dice je je je, para poner gasolina tienes que poner la G, para poner gasolina tienes que poner la G, para poner gasolina tienes que tener con que.",ESPAÑOL_REGIONAL
EL RINCÓN DE LOS NIÑOS VOL.4,LA I,EL RINCÓN DE LOS NIÑOS VOL.4 ||| LA I,,"Un tallo de salsifí es la raya de la I, semilla de anjonjolí es el punto de la I. Dibuja rayas, ponle sus puntos, que formán íes cuando van juntos. Ponle su punto a cada i agujeritos de berbiquí. Un palo de pirulí es la raya de la i, ojito de colibrí es el punto de la i. Ponle dos íes a colibrí, ponle su acento a la última i. Ponle su punto a ca da I, con una S dice que sí. Un palo de pirulí",ESPAÑOL_REGIONAL
EL RINCÓN DE LOS NIÑOS VOL.4,LA K Y LA W,EL RINCÓN DE LOS NIÑOS VOL.4 ||| LA K Y LA W,,"El KIWI es ave rara que no es de aquí, no tiene cola ni alas pero pico sí. En la palabra KIWI dos letras raras hay, la K y la W como tu verás. La W se lle como V o U; en V o en U mudamos a la W. En la palabra KIWI dos letras raras, la K y la W que son importadas. La K se va cambiando a C o a Q, griega es la K y sajona la W. En la palabra KIWI tan raras letras caben, apréndetelas antes de que se acaben.",ESPAÑOL_ESTANDAR
EL RINCÓN DE LOS NIÑOS VOL.4,LA N Y LA Ñ,EL RINCÓN DE LOS NIÑOS VOL.4 ||| LA N Y LA Ñ,,"LA N Y LA Ñ Ña, ña, ña... Si te aprietas la nariz no puedes decir la N, ni puedes decir nariz si no puedes decir N, si acaso te da catarro N no puedes decir, porque la N y la M se dicen con la rariz. Ña, ña, ña... Después de N va F, se escribe antes de uvé, en triunfo viene la N, en envase y en envés. El uno tiene una N dos enes lleva anona, una N lleva nueve y la novena es la nona Ña, ña, ña... Nana se escribe con N que es una letra nasal, si encima lleva palito Ñ de niño tendrás. El palito de la Ñ el ojo al niño le guiña, con Ñ se escribe puño, muñeca, añicos y piña. Ña, ña, ña...",ESPAÑOL_REGIONAL
EL RINCÓN DE LOS NIÑOS VOL.4,LA O,EL RINCÓN DE LOS NIÑOS VOL.4 ||| LA O,,"La O parece una rosca, un anillo de oro una voluta de humo, es como el aro de un loro, si, si, no, no, que si, que no, un aro de loro es la letra O La boca redonda en forma de O, se pone, se mira y se oye la O. si, si, no, no, que si, que no, es un anillito de oro la O. La O parece una rosca, un anillo de oro una voluta de humo, es como el aro de un loro, si, si, no, no, que si, que no, un aro de loro es la letra O La palabra ojo se escribe con O cada O me mira y la miro yo, si, si, no, no, que si, que no, ojo desvelado es la letra O.",ESPAÑOL_ESTANDAR
EL RINCÓN DE LOS NIÑOS VOL.4,LA P,EL RINCÓN DE LOS NIÑOS VOL.4 ||| LA P,,"Mira la P paradita de puntillas en un pie, la P parece una pipa, el pecho saca la P. Hay dos pes en PAPALOTE, y va una P en PATINES, viene la P con ZAPATOS pero no con CALCETINES. Es una pompa en popote, una peral desparramado, una paleta de piña, un pabellón desplegado. Con la P se pone PLUMA, con la pluma pngo P, pregúntame cuántas veces escribo la P en PAPEL.",ESPAÑOL_ESTANDAR
EL RINCÓN DE LOS NIÑOS VOL.4,LA Q,EL RINCÓN DE LOS NIÑOS VOL.4 ||| LA Q,,"Es una letra coja la letra Q: necesita apoyarse siempre de la U, y así, no va muy lejos, se queda aquí, sólo hasta donde lleguen la e y la i. Y dice QUI y dice QUE; con QUI, QUIZA, con QUE, PANQUE. Que no es con C, que no es con K, con Q sí es QUINQUE y QUIZA. Con Q QUEBEC, QUINTAL también, con Q QUETZAL, con Q de QUIEN. Quizá con Q con Q quedar quizá ya tú la sabes usar.",ESPAÑOL_ESTANDAR
EL RINCÓN DE LOS NIÑOS VOL.4,LA R Y LA RR,EL RINCÓN DE LOS NIÑOS VOL.4 ||| LA R Y LA RR,,"Erre es la letra que ruge, óyela en fauces del león, ronronrea con el gato y roe con el ratón. Al principio de palabra una R bastará, vamos a echarle una porra a la R: RA; RA; RA. En medio de las palabras tienes tú que poner dos, una sola, suena ere y no ruge como león. Con ere, aro y avaro con erre, rosa y arroz, con erre, rápido y raro con ere, duro y feroz",ESPAÑOL_REGIONAL
EL RINCÓN DE LOS NIÑOS VOL.4,LA S,EL RINCÓN DE LOS NIÑOS VOL.4 ||| LA S,,"Ese gas que escapa pronuncia la S, el viento que sopla y el globo que crece. La S musita: ¡silencio! ¡reposo! con S respiras si duermes sabroso. Serpiente sinuosa es la letra S, se estira, se tuerce y brava parece. Su cola se arrastra, su panza se enrosca, sílba y serpentea, sisea y se amosca, esa es la S de USO y de ASA, de ESA y de USO, de NESA y de MASA; esa es la S, la S es así, hace los plurales y dice que sí. Usa esa S, así la usarás: tres en SALSIPUEDES tres en SASAFRAS.",ESPAÑOL_REGIONAL
EL RINCÓN DE LOS NIÑOS VOL.4,LA T,EL RINCÓN DE LOS NIÑOS VOL.4 ||| LA T,,"El poste de luz es una letra T; si pintas una cruz es una letra T. Si pongo BOTAS, T pongo, si digo PATO, T digo, T pongo con CAMISETA, en ESTA CARTA, T escribo. TATUAJE va con T, con T TITIRITERO, con T se pone TINTA, con T también TINTERO. Con la T yo te tuteo, con la T te hablo de usted, y a las cinco de la tarde esperando té estaré.",ESPAÑOL_ESTANDAR
EL RINCÓN DE LOS NIÑOS VOL.4,LA U,EL RINCÓN DE LOS NIÑOS VOL.4 ||| LA U,,"Ululua el viento, uh, uh, no le tengas miedo, amigo, viene a enseñarte la U por eso viene conmigo. Los labios abarquillados como cuando silbas tú, como un túnel estirados, soplas y sale la U. Con la U pones colunpio y es un columpio la U ¡mira qué graciosa boca cuando dices TRUCUTU! Con la U dices burbuja cucurucho y caribú y esté es sus cuernos dibuja una extravagante U.",ESPAÑOL_REGIONAL
EL RINCÓN DE LOS NIÑOS VOL.4,LA X,EL RINCÓN DE LOS NIÑOS VOL.4 ||| LA X,,"La X es una letra difícil de comprender: empiezas a hacerte cruces cuando le quieres poner. X es lo que no sabes, es incógnita y cuestión, plantada es sus dos patitas es una interrogación. plantada... Sobre un viejo pergamino una X busco yo que marcando está el tesoro que un pirata allí enterró. Cabalgando en cacomixtle una X ví pasar que aunque esté en el extranjero en México siempre está. que aunque: Crucecita reclinada, mucho tengo qué estudiar para ver en qué palabras se te debe colocar. para ver...",ESPAÑOL_ESTANDAR
EL RINCÓN DE LOS NIÑOS VOL.4,LA Y Y LA LL,EL RINCÓN DE LOS NIÑOS VOL.4 ||| LA Y Y LA LL,,"La Y griega es un arbolito con una rama nomás, es un camino con una desviación a la mitad; La Y griega es copa vacía que siempre pide algo más: y esto, y esto, y esto y lo otro, juntando palabras va. La Y griega y la doble L a veces suenan igual; con Y griega escribo yoyo y con doble L allá. Con doble L va llama, con Y griega yema va, bulla va con doble L, con Y griega Paraguay. La Y griega y la doble L.",ESPAÑOL_ESTANDAR
EL RINCÓN DE LOS NIÑOS VOL.4,LA Z,EL RINCÓN DE LOS NIÑOS VOL.4 ||| LA Z,,"La abeja viene zumbando mareada de tanta luz, al volar hace la Z, zum, zum, zum y zum, zum, zum. Abejita zumbadora, viene volando en zig, zag, porque pasa visitando esta flor y la de allá. La abeja zumba y rezumba canta la Z al zumbar, como si en lugar de néctar cargara electricidad. Abejita...",ESPAÑOL_REGIONAL
HUACHITO,EL CORRIDO DEL MURCIÉLAGO,HUACHITO ||| EL CORRIDO DEL MURCIÉLAGO,,"EL CORRIDO DEL MURCIÉLAGO SALIÓ DE NOCHE UN RATÓN BUSCANDO UNA MADRUGUERA EN EL INTERIOR SE HALLABA UNA RATITA HECHICERA. EL RATONCITO TEMBLANDO SE PUSO A LA DEFENSIVA AL MIRAR SUS OJOS ROJOS SÓLO TRAGABA SALIBA DIJO INTRIGADA LA RATA ¿QUÉ ANDAS HACIENDO TAN NOCHE? DEBERÍAS DE ESTAR DURMIENDO DESPUÉS DE TOMAR TU LECHE. DIJO CON MIEDO EL RATÓN: “VENGO A BUSCARLA, SEÑORA, SÉ QUE USTED ES HECHICERA Y AYUDARME PUEDE AHORA”. “POR DONDEQUIRA ME SIGUEN ME CORREN CON LAS ESCOBAS LOS FLOJOS GATOS AL VERME ME ACOMODAN UNAS SOBAS AUQUE QUIERO ANDAR DE DÍA, SÓLO DE NOCHE ME ASOMO QUIERO VOLAR SIN PELIGRO AUN VIVIENDO EN LO MÁS HONDO” LA RATA, AUNQUE ERA UNA BRUJA TENÍA MUY BUEN CORAZÓN QUISO CALMAR AL PEQUEÑO CANTÁNDOLE UNA CANCIÓN PERO ANTES, EL RATONCITO, LE ROGÓ POR UN HECHIZO “SÉ QUE USTED LOGRÓ VOLAR, DÍGAME CÓMO LO HIZO” LA RATA SE PUSO SERIA, PARA CONTESTAR, DUDÓ. MIRÓ AL RATÓN CON CARIÑO DE ESTA MANERA LE HABLÓ: “NO SÉ QUÉ TANTO TE GUSTE VOLARÁS, SI ASÍ LO QUIERES, DEJARÁS DE SER RATÓN, ARREPIÉNTETE, SI PUEDES” EL RATONCITO CONTENTO, CERRÓ CON FUERZA LOS OJOS, CON SU MAGIA, DOÑA RATA, LO TRANSFORMÓ SIN ENOJOS. UN NUEVO SER AHÍ SURGIÓ CON UNAS ALAS ENORMES COMO UN RATÓN, PERO CIEGO, CON LAS OREJAS DEFORMES. NACIÓ EL MURCIÉLAGO ENTONCES, POR LAS NOCHES SE PASEA, CON SU RADAR PODEROSO PUEDE VOLAR A ONDE SEA AUNQUE DICEN QUE ES MUY FEO, ÉL SE SIENTE MUY HERMOSO Y ASÍ VOLANDO SE SALVA DE LOS GATOS PEREZOSOS.",ESPAÑOL_ESTANDAR
HUACHITO,EL GALLO MADRUGADOR,HUACHITO ||| EL GALLO MADRUGADOR,,"EL GALLO MADRUGADOR CON LA GALLINA SE HALLABA EL SIEMPRE PLATICADOR LAS NOTICIAS COMENTABA: QUE EL MARRANITO MANUEL DEL CHIQUERO SE HA ESCAPADO SU MAMA, DOÑA ISABEL POR HUETAMO LO HA BUSCADO. ¡AY, DON GALLO, NO ME DIGA! POBRE DE MI COMADRITA, VOY A VER QUÉ SE LE OFRECE, COMO SEA, ME VOY AHORITA. GALLITO QUE CANTA Y CANTA CUANDO EL SOL AÚN NO HA SALIDO NO PARAS DE DÍA Y DE NOCHE, YA ME TIENES ABURRIDO. AL MEDIODÍA LAS NOTICIAS DE CUARÁCUARO A HUETAMO YA NO ESTÁN TAN FRESQUECITAS PASARON DE MANO EN MANO. A SAN LUCAS HAN PASADO Y TODOS SE HAN PREOCUADO POR EL CERDITO MANUEL QUE NADIE LO HABÍA ENCONTRADO. POBRE DE LA MARRANITA CHILLA Y CHILLA EN EL CHIQUERO LOS VECINOS LO CONSUELAN: ¡YA LLEGÓ, VENGAN USTÉ A VERLO! GALLITO QUE CANTA… YA DE TARDE DON GALLO SIGUE PLATICA CON LOS BECERROS LES CUENTA CUANDO A LA VACA LE PUSIERON EL CENCERRO DE NOCHE NO CIERRA EL PICO CANTA Y CANTA LOS NOTICIAS YA TODOS QUIEREN DORMIR Y EL GALLITO DICE ¡ALBRICIAS! ¡YA CÁLLESE, POR FAVOR! LE PIDIERON LAS GALLINAS MAÑANA VA A MADRUGAR VENGA Y CIERRE LAS CORTINAS. GALLITO QUE CANTA Y CANTA… EL GALLO NO TIENE SUEÑO VA EN BUSCA DEL GUAJOLOTE LE INVITA UNOS FRIJOLITOS Y UNOS SABROSOS ELOTES. EL GUAJOLOTE SE ENOJA POR DOQUIER SE PAVONEA “SI NO SE VA DE INMEDIATO, COMENZARÉ UNA PELEA” GALLITO QUE CANTA Y CANTA… GALLITO QUE CANTA Y CANTA…",ESPAÑOL_REGIONAL
HUACHITO,EL PERICO MARCEÑO,HUACHITO ||| EL PERICO MARCEÑO,,"EL PERICO MARCEÑO ESTABA UNA LINDA PERICA TENDIENDO LAS ALAS AL SOL LAVÁNDOSE EN UN ARROYO PARA CALMAR EL CALOR CUANDO UN PERICO MARCEÑO QUE DE PASO LA MIRÓ SE DETUVO DE REPENTE PUES DE ELLA SE ENAMORÓ. ¡AY, PERICA, PERICA, PERICA! ¡PERIQUITA DE MI AMOR! ¡AY, PERICA, PERICA, PERICA! ¡REGÁLAME EL CORAZÓN! SIN CONOCERME SIQUIERA, ¿YA HASTA RESULTÉ TU AMOR? ¿ESPERAS QUE YO TE QUIERA, QUE TE DÉ MI CORAZÓN? ¡NI UNA PLUMA TE REGALO, PERICO VACILADOR! HAS DE HABER NACIDO EN MARZO, SALISTE MUY HABLADOR. ¡AY, PERICA, PERICA, PERICA! ¡PERIQUITA DE MI AMOR!.. SI PORQUE EN MARZO NACIERA TÚ NO ME PUEDES QUERES BASTARÍA QUE LO PIDIERAS PARA VOLVER A NACER SI NO TE GUSTA QUE TE HABLE, DE PLANO ME CALLARÉ PERO QUIÉREME, PERICA, Y NUNCA TE DEJARÉ. ¡AY, PERICA, PERICA, PERICA! ¡PERIQUITA DE MI AMOR!.. ¡MUCHAS PROMESAS, PERICO! ¿A CUÁNTAS SE LAS HARÁS? NI PORQUE FUERAS MUY RICO, A MÍ ME CONVENCERÁS DESDE CHICA ME ENSEÑARON QUE DESCONFIARA DE AQUÉL QUE CON UNA VEZ DE VERME, ME DECLARE SU QUERER. ¡AY, PERICA, PERICA, PERICA! ¡PERIQUITA DE MI AMOR!.. NUNCA NI NOVIA HE TENIDO, TÚ LO PUEDES PREGUNTAR MI CORAZÓN HA LATIDO HASTA QUE TE VI, AL PASAR TE LLEVARÉ CON MIS PADRES, TE LOS QUIERO PRESENTAR ERES LINDA, PERIQUITA, CONTIGO ME HE DE CASAR. ¡AY, PERICA, PERICA, PERICA! ¡PERIQUITA DE MI AMOR!.. TE VES SINCERO, PERICO, ME EMPIEZAS A CONVENCER PERO, ¡CIERRA UN POCO PERICO! PARA PODERTE CREER MI CORAZÓN TAMBIÉN LATE, CREO QUE YA TE QUIERO IGUAL QUE TE CONOZCAN MIS PADRES, SI NOS VAMOS A CASAR. ¡AY, PERICA, PERICA, PERICA! ¡PERIQUITA DE MI AMOR!.. ¡AY, PERICA, PERICA, PERICA! ¡TE REGALO EL CORAZÓN! AL FIN SE CASARON LOS NOVIOS, NI EL COCODRILO FALTÓ EL PERICO SIGUIÓ HABLANDO, MIENTRAS EL TIEMPO PASÓ TUVIERON DIEZ PERIQUITOS, CADA UNO EN MARZO NACIÓ HABLARON DESDE CHIQUITOS, Y ESTE CUENTO SE ACABÓ.",ESPAÑOL_ESTANDAR
HUACHITO,EL TORO Y EL BURRO,HUACHITO ||| EL TORO Y EL BURRO,,"EL BURRO BUSCABA AL TORO PA’ QUE LE FUERA A AYUDAR PORQUE NO LE HALLABA EL MODO A LA YUNTA PARA ARAR. DIJO EL TORO: “NO LA AMUELES, ESO NO SE VA A PODER, LA YUNTA ES PARA LOS BUEYES, NO ME VENGAS A MOLER”. “¡AY, TORO! NO SEAS INGRATO, —LE DIJO EL BURRITO AQUÉL— ES NOMÁS POR ESTE RATO, NADA VAMOS A PERDER. TÚ JÁLALE POR UN LADO, POR EL OTRO, VOY A VER, NO TE PONGAS DELICADO, JUNTOS VAMOS A PODER.” SE FUERON POR LOS MAGUEYES Y EL TORO SE TROPEZÓ “ESTO NO ES VIDA DE REYES, DIME, ¿QUIÉN SE LA INVENTÓ?” EL BURRO ESTABA JADEANDO, MOLESTÓ LE CONTESTÓ: “DE TODO TE ESTÁS QUEJANDO Y EL TRABAJO LO HAGO YO.” “TORITO NO SEAS INGRATO, TE NECESITO EN VERDAD VÁMONOS HACIENDO UN TRATO ¿DÓNDE QUEDÓ LA AMISTAD? TORITO TEN MÁS CUIDADO, PUES TE VAS, TE VAS, TE VAS ¿QUÉ ESTÁS HACIENDO TIRADO? AHÍ TE VOY A LEVANTAR.” POR EL CAMPO ANDA LABRANDO EL TORO PINTO Y AUDAZ CON EL BURRITO JALANDO UNA YUNTA DE VERDAD EL BURRITO, REBUZNANDO, CONTENTO DE TRABAJAR MIENTRAS EL TORO, BRAMANDO, NO SE DEJA DE QUEJAR. SI AL CAMPO VAS DE PASEO, LA YUNTA PODRÁS MIRAR Y A UN TORO GORDO Y NO FEO, CON UN BURRO, TRABAJAR JUNTO A ELLOS CORRE UN POTRILLO, BAJO UN CIELO MUY AZUL, ENTRE EL VERDE Y AMARILLO, DONDE SÓLO FALTAS TÚ.",ESPAÑOL_ESTANDAR
HUACHITO,El kuinique y la lagartija,HUACHITO ||| El kuinique y la lagartija,,"¡Ay!, niños voy a relatar De lo que yo me enteré ¡Ay!, yo misma lo presencié, Nadie me vino a contar. ¡Ay!, andaba en tierra caliente Cuando devisé un kuinique ¡Ay!, supe que su nombre es Quique, El pequeñito valiente En todo sobresaliente ¡Ay!, se encontró una lagartija, Tramposa la muy canija ¡Ay!, lo invitó a jugar carreras, Mentirosa y marrullera, Le prometió una cobija. ¡Ay!, el kuinique emocionado Por nunca pasar más frío ¡Ay!, la correteó por el río Contento e ilusionado Inocente y muy confiadu ¡Ay!, la lagartija tramposa Cual si fuera mariposa ¡Ay!, se trepó en unos nopales Juntito a los matorrales Muy cerquita de una rosa ¡Ay!, el kuinique la siguió Y no la perdió de vista ¡Ay!, comprobó que era muy lista Cuando un sonido escuchó Una kuinica llegó ¡Ay!, se miraron hechizados El juego quedó olvidado ¡Ay!, la lagartija enojada Quedó en la trampa enredada Y el kuinique enamorado. ¡Ay!, la lagartija, mosqueada, Quiso alcanzarlo en seguida ¡Ay!, pero la kuinica erguida Le dio una buena arrastrada Que la dejó atarantada ¡Ay!, sin cola, la lagartija Dejó de ser una jija ¡Ay!, riéndome de ahí me fui Porque yo mismita vi Derrotada a la canija. ¡Ay!, esta es la despedida Más les podría yo contar ¡Ay!, aunque estoy casi dormida Contigo voy a bailar.",ESPAÑOL_REGIONAL
HUACHITO,El vaquerito,HUACHITO ||| El vaquerito,,"Vaquerito, vaquerito Dale paso al mayoral Que’l caballo se le cansa Y el ganado se le va. Tan, tan, que cantaba la rana Que debajo del agua Yo soy un pobre vaquero Que no tiene ni sombrero Pero se lo van a hacer De pellejos de becerro. Tan, tan… Yo soy un pobre vaquero Que no tiene ni camisa Pero se la van a hacer De tripas de longaniza Tan, tan… Yo soy un pobre vaquero Que no tiene ni alpargatas Pero se las van a hacer De pellejo ‘e garrapatas Tan, tan… Yo soy un pobre vaquero Que no tiene ni calzones Pero se los van a hacer De pellejos de ratones Tan, tan… Ende que te vi venir Le dije a mi corazón ‘Qué bonita piedrecita Para darme un tropezón’. Tan, tan… Vaquerito, vaqueró Bajo el agua y bajo el sol Cintura de cuerda prima Y pecho de guitarrón.",ESPAÑOL_REGIONAL
HUACHITO,GATO LADINO,HUACHITO ||| GATO LADINO,,"EL RATÓN LE DIJO AL GATO: DÉJATE DE IR A CHISMEAR QUE NO SOY TU AMIGO, INGRATO SI CONMIGO HAS DE JUGAR. ESCONDES TU COBARDÍA SABES BIEN DISIMULAR TU CARIÑO A MÍ, EN EL DÍA, DE NOCHE ME HAS DE ROGAR. ¡AY, GATO LADINO! ¿DÓNDE ESTÁ TU DIGNIDAD? SÓLO ERES UN COMODINO QUE ESCONDES NUESTRA AMISTAD ¿DÓNDE ESTÁ TU DIGNIDAD? ¡AY, AY, AY, AY, AY! EL GATO SE HACÍA EL DORMIDO PUES NO LO QUERÍA ESCUCHAR SE SENTÍA MUY ABURRIDO Y NO SE QUERÍA PELEAR RELAMIENDO SUS BIGOTES COMENZABA A BOSTEZAR PEGABA UNOS RONQUIDOTES PARA AL RATÓN ALEJAR. ¡AY, GATO LADINO!.. EL RATÓN, MUY ENOJADO, NO HACÍA MÁS QUE RECLAMAR, EL MININO SEGUÍA ECHADO NO SE QUERÍA LEVANTAR ESTIRÓ LENTO UNA PATA CON SUS GARRAS LO ATRAPÓ NO QUERÍA MÁS ESTA LATA Y HACIA UN RINCÓN LO AVENTÓ. ¡AY, GATO LADINO!.. LE RESPONDIÓ: “SOY TU AMIGO PERO QUÉ LE VOY A HACER, ME TRAEN COMO TU ENEMIGO Y ESE ES TODO MI QUEHACER. EL RATÓN, MUY INDIGNADO SOBRE EL GATO SE ARROJÓ PERO TERMINÓ ATRAPADO Y ESTE CUENTO SE ACABÓ Y ESTE CUENTO SE ACABÓ ¡AY, AY, AY, AY!",ESPAÑOL_ESTANDAR
HUACHITO,La iguana feliz,HUACHITO ||| La iguana feliz,,"¡Ay!, soy una iguana feliz Niños les voy a cantar ¡Ay!, del merito Apatzingán La tierra donde nací. ¡Ay!, me la paso a la carrera Jugando entre los mangares ¡Ay!, entre olorosos pinzanes Me siento a gusto, deveras Ven pronto, no sé qué esperas ¡Ay!, en mi Apatzingán querido Tú serás muy bienvenido ¡Ay!, conocerás las parotas Que son como paraguotas P’al que se queda dormido. ¡Ay!, un paseíto me eché Pa’ conocer a Morelia, ¡Ay!, me enamoré pronto de ella Mas luego me regresé Para nada lo pensé ¡Ay!, ahí supe lo que era el frío En medio de él no me río ¡Ay!, me gusta más la calor Aquí me siento mejor Porque sudando me enfrío. ¡Ay!, no hay cielo más colorido Que el del mero Apatzingán ¡Ay!, aunque grande es Michoacán Yo nunca aquí me he aburrido. Te lo digo convencido ¡Ay!, La calor es lo de menos Acá hay arroyos muy buenos ¡Ay!, ven a echarte un chapuzón Te alegrará el corazón Pasar ratitos amenos. ¡Ay!, cómo disfruto los sones De la tierra calenteña ¡Ay!, con esta gente tan buena Donde se dan los melones Sabrosos comelitones ¡Ay!, vente a probar los pinzanes Tamarindos y arrayanes ¡Ay!, mientras nos vamos de pesca Yo invito una agüita fresca Niños vengan por montones. ¡Ay!, aquí los voy a esperar Despedida no les doy ¡Ay! con l’arpa pa’ bailar De aquí yo ya no me voy.",ESPAÑOL_REGIONAL
HUACHITO,Pobres perros gatos,HUACHITO ||| Pobres perros gatos,,"Tres perritos se escaparon Para irse a chambear al norte Los pasaron de ‘mojados’ En un tráiler, apretados. Continuaron la aventura Corriendo por la llanura Al llegar iban cansados Pobres perritos mojados. Pobres de los perros gatos Que viven lavando trastos Sólo consiguen fregadas Y viven de la patada. Extrañan las nopaleras Aunque tengan novias güeras Los esperan sus morenas Acá en su tierra tan buena Corrían entre los maizales Con todos los animales Mientras comían su pinole Y los domingos, buen mole. Pobres de los perros gatos Que viven lavando trastos Sólo consiguen fregadas Y viven de la patada. Ya por fin se decidieron Y a su tierra se volvieron A cuidar de su chinchorro Aunque trabajen un chorro. Suben y bajan los cerros Cuidando de sus becerros Aprendieron la lección Y viven de corazón. Aquí se acaba el corrido De seres inteligentes Que, como otros que se han ido Regresaron con sus gentes.",ESPAÑOL_REGIONAL
HUACHITO,SON DEL POLLITO,HUACHITO ||| SON DEL POLLITO,,CUANDO EL POLLITO NACIÓ LO PRIMERO QUE MIRÓ FUE UN PAJARITO RAYADO QUE A LAS NUBES SE ELEVÓ. EL POLLITO VIO SUS PLUMAS SUS ALAS Y SE ALEGRÓ “SOY TAMBIÉN UN PAJARITO Y LOS CIELOS SURCARÉ” CON MIS ALITAS DORADAS HASTA EL CIELO SUBIRÉ Y DESDE EL SOL A LOS NIÑOS TEMPRANO LES CANTARÉ. POR MÁS QUE ESTIRÓ SUS ALAS NUNCA SE PUDO ELEVAR SU MAMA QUE LO MIRABA SONRIENTE LO CONSOLÓ. LE DIJO CON GRAN TERNURA UN GALLITO TÚ SERÁS TU CANTO SERÁ TU VUELO Y HASTA EL SOL TE ESCUCHARA EL POLLO ENSAYA SU CANTO PA’ QUEL SOL PUEDA SALIR EL POLLITO YA ES UN GALLO Y A TODOS DESPERTARÁ.,ESPAÑOL_ESTANDAR
LOS RINCÓN Y DON PULPO,ARRULLO,LOS RINCÓN Y DON PULPO ||| ARRULLO,,"Niños, y con mi arrullo no te quieres dormir, que vengan a cantarte las flores del jardín niñito que no cierras con mi cantó los ojos que vengan a cantarle, que vengan a cantarle, mares y arroyos. En mis brazos cansados duermete niño como si te cantaran los gorrioncillos, niño que si te duermes te daré pan, cuando ya estes dormido volando un pajarito te lo trairá.",ESPAÑOL_REGIONAL
LOS RINCÓN Y DON PULPO,CUENTAME MAMÁ,LOS RINCÓN Y DON PULPO ||| CUENTAME MAMÁ,,"CUENTAME MAMÁ Cuéntame, cuéntame, cuéntame, mamá: cuando la lámpara termina de brillar, ¿dónde guarda su luz, dónde la esconderá? Cuéntame, cuéntame, cuéntame, mamá. Mira, si mis ojos cierro, mamá, puedo yo a los astros todos borrar, y también, pensándolos dentro de esa oscuridad, todos los astros, todos los soles, vuelven a brillar, porque en mi frente, tras de mis ojos, otro mundo hay. Cuéntame, cuéntame, cuéntame, mamá, quién fabrica la luz y quién la oscuridad, si la lumbre del sol es de leña o de gas, cuéntame, cuéntame, cuéntame, mamá. Dí si el agua que la lluvia nos dá de las nubes o de la luna vendrá, porque cuando va a llover, veo la luna oscurecer, como si sola, como si triste, quisiera llorar. Cuéntame, cuéntame, cuéntame, mamá, cuando yo soy feliz y tú cerquita estás, dentro del corazón quien cantándome está, cuéntame, cuéntame, cuéntame, mamá.",ESPAÑOL_ESTANDAR
LOS RINCÓN Y DON PULPO,DON PULPO,LOS RINCÓN Y DON PULPO ||| DON PULPO,,"Uua, uua, uua, uua, gua,gua, uua, uua, uua, uua, gua,gua, gua, gua, gua, gua,gua, gua, gua, gua, gua,gua, gua, gua, gua, gua,gua, Si no me escribe Don Pulpo, tendré que escribirle yo, y eso porque lo disculpo, la tinta se le acabo. Don Pulpo, mira la carta, lo invito a usted a mi quinta, brindaremos yo con vino, y usted con pomos de tinta. Mostrare la carta al mar en una botella verde y mandaré un telegrama por sí la carta se pierde. Don Pulpo con ligereza a la orilla del trotar, de los pies a la cabeza los lavo de agua de mar. Uua, uua, uua, uua, gua,gua, uua, uua, uua, uua, gua,gua, gua, gua, gua, gua,gua, gua, gua, gua, gua,gua, gua, gua, gua, gua,gua, Cubierto de sal y de espuma de la cabeza a los pies, ya que otra cosa no tiene además si bien no ve porque Don Pulpo no escribe mira, cubierto de espuma y ahora que tiene tinta se le ha perdido la pluma. Uua, uua, uua, uua, gua,gua, uua, uua, uua, uua, gua,gua, gua, gua, gua, gua,gua, gua, gua, gua, gua,gua, gua, gua, gua, gua,gua, Cubierto de sal y de espuma de la cabeza a los pies, ya que otra cosa no tiene además si bien no ve porque Don Pulpo no escribe mira, cubierto de espuma y ahora que tiene tinta se le ha perdido la pluma. Uua, uua, uua, uua, gua,gua, uua, uua, uua, uua, gua,gua, gua, gua, gua, gua,gua, gua, gua, gua, gua,gua, gua, gua, gua, gua,gua,",ESPAÑOL_ESTANDAR
LOS RINCÓN Y DON PULPO,EL BAILE GRIEGO,LOS RINCÓN Y DON PULPO ||| EL BAILE GRIEGO,,"Todos con amor bailemos este baile griego, y sintamos en el corazón sus abejuegos y sigamos alegremente todos este ritmo, compartiendo el amoroso bailinianikos, baila melinda sí. Ellos, son unos amigos que conocimos a penas que nacieron en la clásica ciudad de Atenas y nos enseñaron éste baile bullanejo, que también lo bailan los niños, en el mundo entero. Más rápido, más. Todos con amor bailemos este baile griego, y sintamos en el corazón sus abejuegos y sigamos alegremente todos este ritmo, compartiendo el amoroso bailinianikos, baila melinda sí. Ellos, son unos amigos que conocimos a penas que nacieron en la clásica ciudad de Atenas y nos enseñaron éste baile bullanejo, que también lo bailan los niños, en el mundo entero. Más rápido, más. Todos con amor bailemos este baile griego, y sintamos en el corazón sus abejuegos y sigamos alegremente todos este ritmo, compartiendo el amoroso bailinianikos, baila melinda sí. Ellos, son unos amigos que conocimos a penas que nacieron en la clásica ciudad de Atenas y nos enseñaron éste baile bullanejo, que también lo bailan los niños, en el mundo entero.",ESPAÑOL_REGIONAL
LOS RINCÓN Y DON PULPO,EL TROMPO,LOS RINCÓN Y DON PULPO ||| EL TROMPO,,"La panza rayada y el pie de metal, cabeza chiquita y sabe bailar. Al trompo le gusta dar vueltas y vueltas, mirar como bailan tantas cosas quietas. Póngale la cuerda que quiere bailar, el trompo mamita tan loco que está. Zumba como avión, corre como tren, ronca y ronronea sí se duerme bien. Girando, girando, se pone borracho luego panza arriba se queda tirado. Póngale la cuerda que quiere bailar, el trompo mamita tan loco que está.",ESPAÑOL_ESTANDAR
LOS RINCÓN Y DON PULPO,LA COMIDITA,LOS RINCÓN Y DON PULPO ||| LA COMIDITA,,"Buenos días, comadrita voy llegando del mandado traigo pimienta molida para hacer un pato asado. Buenos días, tenga usted, yo voy a comer bistec, ensalada de hierbitas y un buen trozo de pastel. Si usted presta las casitas yo los platos y la mesa, como sobran cuatro sillas sentaremos las muñecas. La de pasta queda grande, la de trapo se recuesta y esta comerá parada pues la pobre no se sienta. Buenos días, comadrita voy llegando del mandado traigo pimienta molida para hacer un pato asado. Buenos días, tenga usted, yo voy a comer bistec, ensalada de hierbitas y un buen trozo de pastel. Si usted presta las casitas yo los platos y la mesa, como sobran cuatro sillas sentaremos las muñecas. La de pasta queda grande, la de trapo se recuesta y esta comerá parada pues la pobre no se sienta, y esta comerá parada pues la pobre no se sienta.",ESPAÑOL_REGIONAL
LOS RINCÓN Y DON PULPO,LA MÁQUINA DE ESCRIBIR,LOS RINCÓN Y DON PULPO ||| LA MÁQUINA DE ESCRIBIR,,"LA MÁQUINA DE ESCRIBIR Yo ya se escribir en máquina igualito que papá taca, tiqui, tiqui, taca, taca, tatiqui, tatiqui, ta. Le escribo a todos los niños, que conmigo quieran ir a comer arroz con leche a la banca del jardín. Traca, traca, traca, traca, tatiqui, tiqui, tatiqui, tan, a comer fresas con crema a tomar café con pan. Suena la campana ¡tin! rueda el carro: rin, ran, ron, y taca, taca, tatiqui, el sobre y la derección. Traca, traca. treque, treque, tatiqui taca, tariqui ton, tataca, taca tereque teque, treque taraca teque teton.",LENGUA_INDIGENA
LOS RINCÓN Y DON PULPO,LAS ESDRÚJULAS,LOS RINCÓN Y DON PULPO ||| LAS ESDRÚJULAS,,"LAS ESDRÚJULAS Son las esdrújulas simpáticas y fáciles. Para aprendértelas cantándolas lo harás, porque diciéndolas con un poco de música, acomodándose al ritmo van de un vals. Escúchalas: son ritmícas, son dóciles, versátiles, anímate y apréndelas y luego me dirás. Cuando es tónica la antepenúltima, voces esdrújulas se formarán, siempre recuérdalo: en esa sílaba acento gráfico deben llevar.",LENGUA_INDIGENA
LOS RINCÓN Y DON PULPO,LOS CANGREJITOS,LOS RINCÓN Y DON PULPO ||| LOS CANGREJITOS,,"Caminando de lado en puntitas de pie, bailan los cangrejitos, un extraño ballet, bailan los cangrejitos a la orilla del mar, levantando la panza no se quieren mojar pero viene una ola, a las demás los revuelca en espuma y riendo se va. Se te acercan dudosas caminando de lado y te quedan mirando con sus ojos pelados, juegan bajo la luna toman baños de sol, hacen casas rodantas con algún caracol, sus ojosd desojados, si los quieres coger uval pega todos lados y arrancan a correr. Hayan un agujero y se clavan en él, calopando de lado en puntitas de pie, pero viene una ola y les moja la alcoba echando burbujitas ellos la llaman boba. Y cuando tienen miedo levantan las tenazas, pelliscarte los dedos con ellas te amenazan, bailan los cangrejitos a la orilla del mar con sus ojos saltones, van llevando el compás.",ESPAÑOL_REGIONAL
LOS RINCÓN Y DON PULPO,LOS PINGÜINOS,LOS RINCÓN Y DON PULPO ||| LOS PINGÜINOS,,"LOS PINGÜINOS En el círculo polar, que es un club muy distinguido no se admiten a los pingüinos que no vallan bien vestidos. En el círculo polar, que es un club muy destacado sólo pingüinos con frac, elegantes y educados. Señor pingüino, buen día, buen día tenga su merced le presento a mi padrino, gusto en conocer a usted, por aquí su señoría, con el permiso de usted por favor, gracias, de nada, señora estoy a sus pies. Los pingüinos en la nieve hicieron un tobogan, y se deslizan y se juntaron uno por uno hasta el mar, las pingüinas en el nido de nieve se quedan quietas, quién ha visto cosa igual empollando y de etiqueta. Señor pingüino, buen día, buen día tenga su merced le presento a mi padrino, gusto en conocer a usted, por aquí su señoría, con el permiso de usted por favor, gracias, de nada, señora estoy a sus pies.",ESPAÑOL_ESTANDAR
LOS RINCÓN Y DON PULPO,"NAVIDAD, NAVIDAD","LOS RINCÓN Y DON PULPO ||| NAVIDAD, NAVIDAD",,"Mira que preciosa estrella por el oriente ha salido, dicen que esta señalando a un niño recién nacido y por eso cenaré con buñuelos y codornices, y por eso cenaré con buñuelos y codornices. Navidad, navidad, navidad, hoy es noche de amor y de paz todos juntos queremos estar al calor del hogar, todos juntos queremos estar al calor del hogar. Mira sobre el establo, la clara luna se asoma y junto al niñito Dios se ha posado una paloma, porque le palsa al niño que ha nacido en el pecebre traigan los pastores queso, traigan las pastoras leche, traigan los pastores queso, traigan las pastoras leche. Navidad, navidad, navidad, hoy es noche de amor y de paz todos juntos queremos estar al calor del hogar, todos juntos queremos estar al calor del hogar. Ay que romper la piñata porque dentro tiene nueces si no se rompe a la una hay que darle muchas veces, hay que pedir la posada y cantar la letanía por los santos peregrinos San Jóse y Santa María, por los santos peregrinos San Jóse y Santa María. Navidad, navidad, navidad, hoy es noche de amor y de paz todos juntos queremos estar al calor del hogar, todos juntos queremos estar al calor del hogar.",ESPAÑOL_ESTANDAR
LOS RINCÓN Y DON PULPO,RE-LA-MI-DO,LOS RINCÓN Y DON PULPO ||| RE-LA-MI-DO,,"Mi profesor me solfeo es un señor muy singular. Tiene apariencia de antigüedad salida de una bazar Su pelo untado se ve brillar. Tan bien peinado esta, que al verlo así le gritan: ¡señor, que relamido va! Con su traje gris, su corbata de moñito, del siglo pasado parece el buen señor. Muy acicalado, chapado a la antigua y muy relamido se ve mi profesor. Muy bien peinadito, siempre cepillado y muy relamido se ve mi profesor. RE LA MI DO RE LA MI DO RE LA MI DO SOL FA MI.",ESPAÑOL_ESTANDAR
LOS RINCÓN Y DON PULPO,SIETE VIDAS,LOS RINCÓN Y DON PULPO ||| SIETE VIDAS,,"Si como el gato yo, tuviera siete vidas, siete niños distintos en mí cabrían; uno sería bombero de casco rojo, otro sería marino, otro sería piloto, el cuarto pues el cuarto fuera inventor, inventaría helados de mágico sabor; el quinto que sería ¡Ah! Equilibrista, el más osado y ducho de la pista, sería mi sexta vida la de un poeta, pintor que lleva versos en la paleta, con la última vida si yo pudiera, viajar por todo el mundo eso quisiera. Si como el gato yo, tuviera siete vidas, siete niños distintos en mí cabrían; uno sería bombero de casco rojo, otro sería marino, otro sería piloto, el cuarto pues el cuarto fuera inventor, inventaría helados de mágico sabor; el quinto que sería ¡Ah! Equilibrista, el más osado y ducho de la pista, sería mi sexta vida la de un poeta, pintor que lleva versos en la paleta, con la última vida si yo pudiera, viajar por todo el mundo eso quisiera.",ESPAÑOL_ESTANDAR
LOS RINCÓN Y DON PULPO,TRES HIPOPOTAMOS,LOS RINCÓN Y DON PULPO ||| TRES HIPOPOTAMOS,,"Un hipopotamo, dos hipopotamos, tres hipopotamos al río van, vienen del llano de pase en la sombra bajo las ramas de los baus, baus. Tú no te asustes aunque abran la boca cómo diciendo te puedo tragar porque sus colmillos chuecos y amarillos, sólo en señan abostezar, no te de cuidado pasa por un lado, dejalos tranquilos, estan. Un hipopotamo, dos hipopotamos, tres hipopotamos en fila van el de adelante pesa resto toneladas el más chiquito uno no más, nada les gusta, poco sambullirse, sólo narices y ojos sacar, mira que graciosa cola estropajosa luce por la parte de atras, ve en los dormidos hecha tres escupidos y se vuelven a revolcar.",LENGUA_INDIGENA
SON DE LA CIUDAD,ABRIL,SON DE LA CIUDAD ||| ABRIL,Gabriel Sanvicente,Instrumental.,ESPAÑOL_ESTANDAR
SON DE LA CIUDAD,BLANCA FLOR,SON DE LA CIUDAD ||| BLANCA FLOR,A. Mediz Bolio / Gabriel Sanvicente,"Ella era como la luna serena y alta, que mira con tranquilo amor, como la luna que se baña en el agua quieta en la que puedes beber su luz. Vamos a decirlo cantando para adornar la tristeza y para que el corazón no te olvide blanca flor. Ella era como paloma que cuando canta suspira el monte, y era como el rocío con su frescura sobre las hojas. Vamos a decirlo cantando para adornar la tristeza y para que el corazón no te olvide blanca flor. Ella era como algodón que el viento lleva, que adorna el aire y como el resplandor del gran sol que hace nueva la vida. Vamos a decirlo cantando para adornar la tristeza y para que el corazón no te olvide blanca flor. Ella era la alegría y del campo, el suave perfume, el color y la canción y al corazón por siempre el amor. Vamos a decirlo cantando para adornar la tristeza y para que el corazón no te olvide blanca flor. Vamos a decirlo cantando para adornar la tristeza y para que el corazón no te olvide blanca flor, que no te olvide blanca flor, que no te olvide blanca flor.",ESPAÑOL_ESTANDAR
SON DE LA CIUDAD,EL BAILE DE LAS BRUJAS,SON DE LA CIUDAD ||| EL BAILE DE LAS BRUJAS,Gabriel Sanvicente,"(Ranchera Tamaulipas) Los campesinos así lo cuentan, el camino a sus potreras o por arriba de los maizales, salían bolas de lumbre bailando suavemente, y si quieres que haya más había que chiflarles fuerte. Salen en las noches a pasear, se juntan bailando por el cielo, es el baile de las brujas, salen en las noches a pasear, se juntan bailando por el cielo, es el baile de las brujas. Algunos aseguran, y así lo cuentan que rezando las brujas bajan y se convierten en animales y sino les tienes miedo, ya no te espantarán el hechizo se termina y la bruja lo baila más. Salen en las noches a pasear, se juntan bailando por el cielo, es el baile de las brujas, salen en las noches a pasear, se juntan bailando por el cielo, es el baile de las brujas, salen en las noches a pasear, se juntan bailando por el cielo, es el baile de las brujas, salen en las noches a pasear, se juntan bailando por el cielo, es el baile de las brujas.",ESPAÑOL_ESTANDAR
SON DE LA CIUDAD,EL CARACOL,SON DE LA CIUDAD ||| EL CARACOL,Gilda y Valentín Rincón,"Caracol, caracol, tu sí que de curioso con cuatro cuernecitos y en cada cuerno un ojo. La boca no sé donde y los pies por panza y en lugar de sombrero una montaña. Caracolito, en lugar de paraguas, si ve que va a llover, si ve que va a llover, carga toda la casa. Caracol, caracol, con tu casa remolque puedes ir a pasear a donde se te antoje, al país de las hojas, hierbas y grandes que te den buena sombra, que te den buena sombra, que te quiten el hambre. Caracolito, con tu casa en la espalda, cómo le hará el cartero para encontrarla, cómo le hará el cartero para darte las cartas que le digan que sigan, que le digan que sigan el camino de plantas.",ESPAÑOL_ESTANDAR
SON DE LA CIUDAD,EL COLIBRÍ,SON DE LA CIUDAD ||| EL COLIBRÍ,,"EL COLIBRÍ Autor: Gabriel Sanvicente Vuela colibrí búscate tus flores, vuela por el campo con tu brillo de colores, zumba ligerito vuela flor de pluma, busca mi amorcito que se lo llevo la luna. Vuela para atrás vuela hacia adelante, vuela de flor en flor como pajarito errante, vuela de flor en flor como pajarito errante. Vuela colibrí búscate tus flores, vuela por el campo con tu brillo de colores, zumba ligerito vuela flor de pluma, busca mi amorcito que se lo llevo la luna. Vuela para atrás vuela hacia adelante, vuela de flor en flor como pajarito errante, vuela de flor en flor como pajarito errante.",ESPAÑOL_ESTANDAR
SON DE LA CIUDAD,EL ENGAÑO ¡AH ESPANTAPÁJAROS!,SON DE LA CIUDAD ||| EL ENGAÑO ¡AH ESPANTAPÁJAROS!,,"EL ENGAÑO ¡AH ESPANTAPÁJAROS! Autor: Gabriel Sanvicente Lara, lara, lai, lai, larai, lai, lai, la, lara, lara, lai, lai, larai, lai, lai, la, lara, lara, lai, lai, larai, lai, lai, la, lara, lara, lai, lai, larai, lai, lai, la. El cuervo vuela y se asombra se posa sobre el maizal, toda su comida ahí la tiene no se puede ni acercar, poco a poco está sintiendo que no resiste ya a volar, un último recurso es el que piensa y grita pidiendo: ¡ten piedad!, el cuervo lleva día ronda y ronda y sigue el guardián en su lugar. El grito llega y recorre todos los dominios del guardián, y Buico parecido le responde: ¡toma diez elotes y te vas! ¡Ah que espantapájaros tan tonto! ya se ha dejado engañar, uno por uno van llagando, dos por dos multiplicando los elotes terminando y el espantapájaros llorando ¡Ah que espantapájaros tan tonto! ya no puede espantar. Con un sentimiento bondadoso, engañó, el cuervo al fiel guardián y ahora se encuentra muy gustoso disfrutando de todo el maizal, ya no sirve para nada, ya lo llevan a quemar un sentimiento fue la causa y ya no se hizo respetar, ¡Ah que espantapájaros tan tonto! ya lo llevan a quemar, ¡Ah que espantapájaros tan tonto! con la muerte lo pagará.",ESPAÑOL_REGIONAL
SON DE LA CIUDAD,EL GALLITO,SON DE LA CIUDAD ||| EL GALLITO,,"D.P (Son Tradicional Nayarit) ¡Gallo! Kikiriki. ¡Gallo! Kikiriki, kikiriki. ¡Gallo! Kikiriki, kikiriki, kikiriki. ¡Gallo! Kikiriki, kikiriki, kikiriki, kikiriki.",LENGUA_INDIGENA
SON DE LA CIUDAD,EL GUSANITO MEDIDOR,SON DE LA CIUDAD ||| EL GUSANITO MEDIDOR,Gilda y Valentín Rincón,"(Canción Son Arribeño) Gusanito medidor dime cuánto mido yo, mídeme desde el zapato por la pierna, por el brazo. ¡Ay! ji ji, ¡ay! jo jo que cosquillas tengo yo, ¡ay! ji ji, ¡ay! jo jo gusanito medidor. Mido uno, mido dos, mido veinte y un montón, cuatrocientos gusanitos está cuenta ya ha salido. ¡Ay! ji ji, ¡ay! jo jo que cosquillas tengo yo, ¡ay! ji ji, ¡ay! jo jo gusanito medidor. Gusanito medidor dime cuánto mido yo, mídeme desde el zapato por la pierna, por el brazo. ¡Ay! ji ji, ¡ay! jo jo que cosquillas tengo yo, ¡ay! ji ji, ¡ay! jo jo gusanito medidor. Cuando estaba muy chiquito no sabía como medirme, pero con el gusanito prisa, risa y divertirme. Se me sube por la pierna, se desliza por el brazo después llega a la cabeza y se baja hasta el zapato. Mide, mide gusanito mídeme con mucho gusto, aunque sea poco a poquito pa’ que no me des un susto. Mide, mide gusanito. Gusanito medidor no me midas tan aprisa, que con tantas cosquillas me estoy muriendo de risa.",ESPAÑOL_REGIONAL
SON DE LA CIUDAD,EL TROMPO,SON DE LA CIUDAD ||| EL TROMPO,Gilda y Valentin Rincón,"La panza rayada y el pie de metal, la panza rayada y el pie de metal, cabeza chiquita y sabe bailar, cabeza chiquita y sabe bailar. Al trompo le gusta dar vueltas y vueltas mirar como bailan tantas cosas quietas, póngale la cuerda que quiere bailar, el trompo mamita tan loco que está, póngale la cuerda vuélvala a quitar miren éste trompo que bailando está. Zumba como avión, zumba como tren, zumba como avión, zumba como tren, ronca y ronronea sí se duerme bien, ronca y ronronea sí se duerme bien. Girando, girando, se pone borracho luego panza arriba se queda tirado, póngale la cuerda que quiere bailar, el trompo mamita tan loco que está, póngale la cuerda vuélvala a quitar miren éste trompo que bailando está. Zumba como avión, zumba como tren, zumba como avión, zumba como tren, ronca y ronronea, si se mueve bien, ronca y ronronea, si se mueve bien, Girando, girando, se pone borracho luego panza arriba se queda tirado, póngale la cuerda que quiere bailar, el trompo mamita tan loco que está, póngale la cuerda vuélvala a quitar miren éste trompo que bailando está.",ESPAÑOL_ESTANDAR
SON DE LA CIUDAD,LA BOLA DE NIÑOS,SON DE LA CIUDAD ||| LA BOLA DE NIÑOS,,"LA BOLA DE NIÑOS Autor: Valentín Rincón A la escuela van en tropel y los niños van en camión, otros muchos van a pincel y otros cuantos van de aventón. En el coche van con papá, unos viajan en autobús, otros en la parte de atrás van colgando del trolebús. Niños morenos, niños güeritos, flacos y gordos, altos, bajitos; niños de dulce, niños de sol, niños de chicle de nixtamal. Caleidoscopio rico en verdad la bola de niños de mi ciudad, caleidoscopio tan singular la bola de niños de mi ciudad. Unos estudian, otros chambean, unos descansan o talonean, unos mendigan, venden, bolean y con la vida se cachetean. Caleidoscopio rico en verdad la bola de niños de mi ciudad, caleidoscopio tan singular la bola de niños de mi ciudad. Unos niños van por el pan, unos niños juegan pingpong, otros aplastados están viendo mucha televisión, unos niños quieren jugar al avión, la riata o las traes, otros le hacen al malabar en la esquina del eje vial. Rojo el semáforo y con mucha prisa limpian que limpian los parabrisas, ofrecen chicles en los cruceros, esquivan coches como toreros. Caleidoscopio rico en verdad la bola de niños de mi ciudad, caleidoscopio tan singular la bola de niños de mi ciudad. Unos de cuna duermen jocosos, otros colgando en un rebozo, mientras la madre muestra y ofrece los chicles, chicles a los choferes. Caleidoscopio rico en verdad la bola de niños de mi ciudad, caleidoscopio tan singular la bola de niños de mi ciudad. Caleidoscopio rico en verdad la bola de niños de mi ciudad, caleidoscopio tan singular la bola de niños de mi ciudad. Niños morenos, niños güeritos, flacos y gordos, altos, bajitos; niños de dulce, niños de sol, niños de chicle de nixtamal. Caleidoscopio rico en verdad la bola de niños de mi ciudad, caleidoscopio tan singular la bola de niños de mi ciudad. Caleidoscopio rico en verdad la bola de niños de mi ciudad, caleidoscopio tan singular la bola de niños de mi ciudad.",ESPAÑOL_ESTANDAR
SON DE LA CIUDAD,LA LAGARTIJA,SON DE LA CIUDAD ||| LA LAGARTIJA,Gilda y Valentín Rincón,"(Son de Tarima de Guerrero) Ten cuidado si te encuentras, si baledor ha una lagartija así, ha una lagartija así, sí baledor ten cuidado si te encuentras, si. Pero que te fijes muy bien, sí baledor si le falta la colita, si le falta la colita, sí baledor pero que te fijes muy bien, si. Lagartija, lagartija quién te comió la colita lagartija, lagartija quién te comió la colita el gato sí, el gato no, porque sólita se me cayó, el gato no, el gato sí, para escaparme yo, se la di si viene el gato te quedas quieta y entre las hojas te haces la muerta, viene la mosca y te despierta no pierdas tiempo si pasa cerca. Lagartija ya verás tu colita crecerá, lagartija ya verás tu colita crecerá, el gato sí, el gato no, porque solita se me cayó, el gato no, el gato sí, para escaparme yo, se la di si viene el gato te quedas quieta y entre las hojas te haces la muerta, viene la mosca y te despierta no pierdas tiempo si pasa cerca. Lagartija, lagartija quién te comió la colita lagartija, lagartija quién te comió la colita el gato sí, el gato no, porque solita se me cayó, el gato no, el gato sí, para escaparme yo, se la di si viene el gato te quedas quieta y entre las hojas te haces la muerta, viene la mosca y te despierta no pierdas tiempo si pasa cerca.",ESPAÑOL_ESTANDAR
SON DE LA CIUDAD,LAS DANZAS Y EL SOL,SON DE LA CIUDAD ||| LAS DANZAS Y EL SOL,Gabriel Sanvicente,"(Danza de Concheros) Donde está el sol donde se escondió, donde está el sol donde se escondió, tras de una piedra la lagartija lo vio, tras de una piedra la lagartija lo vio. Llamen y llamen al pájaro carpintero, llamen y llamen al pájaro carpintero, para que la rompa con un picotazo, para que la rompa con un picotazo. El sol no quiso salir y trajeron a los danzantes, y con esa condición salió de que siempre hubiera baile. Bailen danzantes bailen hay que bailarle al sol, bailen danzantes bailen hay que bailarle al sol, bailen danzantes bailen hay que bailarle al sol, bailen danzantes bailen hay que bailarle al sol.",ESPAÑOL_ESTANDAR
TODO CABE EN UN JUEGO SI LO SABES ACOMODAR,,TODO CABE EN UN JUEGO SI LO SABES ACOMODAR ||| ,,"JUAN PACO PEDRO DE LA MAR Popular Juan, Paco, Pedro de la mar es mi nombre así y cuando yo me voy me dicen al pasar Juan,Paco, Pedro de la mar. La, ra, la... Juan, Paco, Pedro de la mar es mi nombre así y cuando yo me voy me dicen al pasar Juan,Paco, Pedro de la mar. La, ra, la... Juan, Paco, Pedro de la mar es mi nombre así y cuando yo me voy me dicen al pasar Juan,Paco, Pedro de la mar. La, ra, la... Juan, Paco, Pedro de la mar es mi nombre así y cuando yo me voy me dicen al pasar Juan,Paco, Pedro de la mar. La, ra, la... Juan, Paco, Pedro de la mar es mi nombre así y cuando yo me voy me dicen al pasar Juan,Paco, Pedro de la mar. La, ra, la...",ESPAÑOL_ESTANDAR
TODO CABE EN UN JUEGO SI LO SABES ACOMODAR,CANCIÓN PARA ARREGLAR UN DESORDEN,TODO CABE EN UN JUEGO SI LO SABES ACOMODAR ||| CANCIÓN PARA ARREGLAR UN DESORDEN,,CANCIÓN PARA ARREGLAR UN DESORDEN L.Negrete Siempre que haya todo un desorden o que sea mucho lo que haya que arreglar. Aunque te de rabia o una gran flojera el mayor problema siempre es empezar. El trabajo es como un juego nos tienen que ayudar les resulta divertido si aprenden a jugar. respira hondo y observa todo sonríe un poco y a trbajar. Siempre que haya todo un desorden o que sea mucho lo que haya que arreglar. Aunque te de rabia o una gran flojera el mayor problema siempre es empezar. respira hondo y observa todo sonríe un poco y a trbajar. Y cuando hayas terminado y esté todo reluciente piensa que seguramente lo vas a volver a hacer. ¡Ach! respira hondo y observa todo sonríe un poco y a trbajar.,ESPAÑOL_REGIONAL
TODO CABE EN UN JUEGO SI LO SABES ACOMODAR,CANCIÓN PARA SER FELIZ,TODO CABE EN UN JUEGO SI LO SABES ACOMODAR ||| CANCIÓN PARA SER FELIZ,,CANCIÓN PARA SER FELIZ L.Negrete Ser feliz es darte cuenta de que puedes caminar que tus manos acarician y no solo saben contar. Es hacer mil travesuras con la imaginación es también de vez en cuando inventar una canción. Es hacer mil travesuras con la imaginación es también de vez en cuando inventar una canción. El secreto está aquí adentro y se llama corazón y se da marometas cuando escucha mi canción. Resbálate en el arco iris y baila con una flor pregúntale a las estrellas quién tan lindas las pintó. Es hacer mil travesuras con la imaginación es ponerle a cada cosa el sabor de la ilusión. Es hacer mil travesuras con la imaginación es también de vez en cuando inventar una canción. Resbálate en el arco iris y baila con una flor pregúntale a las estrellas quién tan lindas las pintó. Resbálate en el arco iris y baila con una flor pregúntale a las estrellas quién tan lindas las pintó.,ESPAÑOL_REGIONAL
TODO CABE EN UN JUEGO SI LO SABES ACOMODAR,EL RANCHITO DE PASCUAL,TODO CABE EN UN JUEGO SI LO SABES ACOMODAR ||| EL RANCHITO DE PASCUAL,,"Popular ¡Arre! caballito a galopar corre muy contento sin cesar vamos al ranchito de Pascual mis tres hermanitas mi papá y mi mamá. En el rancho tu te encontrarás muchos caballitos con quien platicar un negro uno bayo uno pinto uno blanco que es el que me gusta mucho más. un negro uno bayo uno pinto uno blanco que es el que me gusta mucho más. “Si señor! nos vamos al ranchito de Pascual” ¡claro! donde hay muchos caballos “Mira, mira una gallina con sus pollitos” Ay, ay, ay, ese perro está muy grande “No te apures es el perro que cuida el rancho” ”Mire no’ mas, mire no’ mas hartos puerquitos” No podía faltar el burro “Se salen, se salen los guajolotes” Ay que’ barbaridad hombre, éste Pascual hasta una foca tenía. ¡Arre! caballito a galopar corre muy contento sin cesar vamos al ranchito de Pascual mis tres hermanitas mi papá y mi mamá. En el rancho tu te encontrarás muchos caballitos con quien platicar un negro uno bayo uno pinto uno blanco que es el que me gusta mucho más. un negro uno bayo uno pinto uno blanco que es el que me gusta mucho más. “Si señor! nos vamos al ranchito de Pascual” ¡claro! donde hay muchos caballos “Mira, mira una gallina con sus pollitos” Ay, ay, ay, ese perro está muy grande “No te apures es el perro que cuida el rancho” ”Mire no’ mas, mire no’ mas hartos puerquitos” No podía faltar el burro “Se salen, se salen los guajolotes” Ay que’ barbaridad hombre, éste Pascual hasta una foca tenía.",ESPAÑOL_ESTANDAR
TODO CABE EN UN JUEGO SI LO SABES ACOMODAR,ERASE UNA VIEJECITA,TODO CABE EN UN JUEGO SI LO SABES ACOMODAR ||| ERASE UNA VIEJECITA,,"Popular Erase una viejecita sin nadita que comer sino carnes, frutas, dulces, tortas, huevos, pan y pez. Siempre tuvo chocolates, leche, vino, té y café y la pobre no encontraba qué comer ni qué beber. Apetito nunca tuvo si acababa de comer ni gozó salud complicada cuando no se hayaba bien. Se murió de mal arrugas mas encorvada que un seis y jamás volvió a quejarse ni de hambre ni de sed. Erase una viejecita sin nadita que comer sino carnes, frutas, dulces, tortas, huevos, pan y pez. Siempre tuvo chocolates, leche, vino, té y café y la pobre no encontraba qué comer ni qué beber. Apetito nunca tuvo si acababa de comer ni gozó salud complicada cuando no se hayaba bien. Se murió de mal arrugas mas encorvada que un seis y jamás volvió a quejarse ni de hambre ni de sed.",ESPAÑOL_ESTANDAR
TODO CABE EN UN JUEGO SI LO SABES ACOMODAR,GUSANITO MEDIDOR,TODO CABE EN UN JUEGO SI LO SABES ACOMODAR ||| GUSANITO MEDIDOR,,"J. Moss “Y tu quién eres ¿eh?” yo soy un gusanito medidor “¡ah! ¿qué mides ¿eh? Pues mido, las distancias “¡ah! ¿y cómo lo haces? ¿eh? así: Uno y uno dos dos y dos cuatro cuatro y cuatro ocho ocho y ocho dieciseis. Mide, mide gusanito medidor pues con tu aritmética muy lejos llegarás. Mide, mide gusanito medidor que hay cosas bellas que tu vas a disfrutar. Uno y uno dos Mide, mide dos y dos cuatro gusanito medidor cuatro y cuatro ocho pués con tu aritmética ocho y ocho dieciseis. muy lejos llegarás. Uno y uno dos Mide, mide dos y dos cuatro gusanito medidor cuatro y cuatro ocho que hay cosas bellas que ocho y ocho dieciseis tu vas a disfrutar.",ESPAÑOL_ESTANDAR
TODO CABE EN UN JUEGO SI LO SABES ACOMODAR,LA RANA BRINCONA,TODO CABE EN UN JUEGO SI LO SABES ACOMODAR ||| LA RANA BRINCONA,,"L. Gedovius Una ranita brincona se mudó al techo de mi casa salta que salta con ganas al techo de mi casa yo nunca se lo que le pasa. Y brinca por aquí y brinca por allá, el techo de mi casa siento que se cae. En las mañanas la rarana, baja y se apropia de mi tina, luego salpica la cama y moja toda la cocina. Nadando por aquí, nadando por allá, me moja las paredes y moja mi sofá. Nadando por aquí, nadando por allá, la rana nada y nada y yo me voy a ahogar. Siempre en las tardes la rana canta tan desafinada yo para no regañarla canto con ella en la ventana. Cantamos por aquí cantamos por allá, la rana mi vacina es mi amiga ya.",ESPAÑOL_REGIONAL
TODO CABE EN UN JUEGO SI LO SABES ACOMODAR,LOS VEINTE RATONES,TODO CABE EN UN JUEGO SI LO SABES ACOMODAR ||| LOS VEINTE RATONES,,"Popular La, ra, la... Arriba y abajo por los callejones pasó una ratita con veinte ratones unos sin orejas y otros orejones unos sin ojitos y otros ojones La, ra, la... Arriba y abajo por los callejones pasó una ratita con veinte ratones unos sin chipitos y otros muy chipones unos sin bigotes y otros bigotones. La, ra, la... Arriba y abajo por los callejones pasó una ratita con veinte ratones unos sin patitas y otros muy patones unos sin colita y otros muy colones. La, ra, la...",ESPAÑOL_REGIONAL
TODO CABE EN UN JUEGO SI LO SABES ACOMODAR,PARA QUE EL SOL...,TODO CABE EN UN JUEGO SI LO SABES ACOMODAR ||| PARA QUE EL SOL...,,L. Negrete Para que el sol empiece a girar y que nos llueva rayitos de luz que los colores de todos los peces formen rehiletes en el mar azul. Haremos castillos de arena que nadie podrá destruir y barcos voladores que alegres como flores sorprendan a las nubes y nos hagan reir. Para que el sol empiece a girar y que nos llueva rayitos de luz que los colores de todos los peces formen rehiletes en el mar azul. Para que el sol empiece a girar y que nos llueva rayitos de luz que los colores de todos los peces formen rehiletes en el mar azul.,ESPAÑOL_ESTANDAR
TODO CABE EN UN JUEGO SI LO SABES ACOMODAR,TEMA DE CÁNTARO,TODO CABE EN UN JUEGO SI LO SABES ACOMODAR ||| TEMA DE CÁNTARO,,"TEMA DE CÁNTARO Grupo Cántaro Cuando se te ocurra ver una avestruz que toca el violín platicar con elefantes o saltar con un chapulín. Ponte muy atento ya verás todo cabe en un juego si lo sabes acomodar. Cuando se te ocurra que puedes volar y el cielo alcanzar o conocer lugares mágicos donde jugarás. Canta con nosotros este es el lugar donde tu podrás soñar, soñar mil cosas harás mil cosas harás. Todo cabe en un juego si lo sabes acomodar. Cuando se te ocurra que puedes volar y el cielo alcanzar o conocer lugares mágicos donde jugarás. Canta con nosotros este es el lugar donde tu podrás soñar, soñar mil cosas haras mil cosas haras. Todo cabe en un juego si lo sabes acomodar. Cuando se te ocurra que puedes volar y el cielo alcanzar o conocer lugares mágicos donde jugarás. Canta con nosotros este es el lugar donde tu podrás soñar, soñar mil cosas harás mil cosas harás. Todo cabe en un juego si lo sabes acomodar.",ESPAÑOL_ESTANDAR
UATSI SAPICHU,AUANI SAPICHU BLANCO,UATSI SAPICHU ||| AUANI SAPICHU BLANCO,,"AUANI SAPICHU BLANCO AUANI SAPICHU BLANCO FLOR DE ALGODÓN, FLOR DE ALGODÓN DIME PARA DÓNDE VAS AUANI SAPICHU BLANCO AUANI SAPICHU BLANCO FLOR DE ALGODÓN FLOR DE ALGODÓN DIME PARA DONDE VAS. VOY AL JUATA POR COMIDA A MI JARHÁMUTA GRANDE DONDE PASARÉ ESTOS FRÍOS BAJO UN KANI ABRIGADOR. AUANI SAPICHU BLANCO AUANI SAPICHU BLANCO FLOR DE ALGODÓN, FLOR DE ALGODÓN DIME PARA DÓNDE VAS AUANI SAPICHU BLANCO AUANI SAPICHU BLANCO FLOR DE ALGODÓN, FLOR DE ALGODÓN DIME SI REGRESARÁS. VOY AL JUATA POR COMIDA A MI JARÁMUTA GRANDE DONDE PASARÉ ESTOS FRÍOS BAJO UN KANI ABRIGADOR.",LENGUA_INDIGENA
UATSI SAPICHU,AXUNI Y AKUITSE,UATSI SAPICHU ||| AXUNI Y AKUITSE,,"AXUANI ESTABA JUNTO AL ARROYO CUANDO DE PRONTO SE SORPRENDIÓ AKUITSE ESTA ENTRE A UNAS ROCAS Y EL, POR POQUITO, SE DESMAYÓ. MAS LA SERPIENTE DIJO AL VENADO “NO TE HARÉ DAÑO, VENGO A JUGAR PERO ME ESCONDO PUES SI ME MIRAN SÓLO POR MIEDO, ME MATARÁN” YO QUIERO SER TU AMIGA QUÉ TE PARECE AXUNI NO SOY VENENOSA, NO TE HARÉ NINGÚN MAL. EL VENADITO COMPADECIDO CON LA SERPIENTE VA A PLATICAR AL VERLOS JUNTOS OTROS SE ACERCAN PARA CONTENTOS TODOS JUGAR. HOY POR EL JUATA COMEN ACUMBA LOS ANIMALES DE ESE LUGAR MIENTRAS AXUNI Y ACUITSE CORREN JUEGAN Y JUEGAN SIN DESCANSAR. ¡AY! AXUNI Y ACUITSE NO PARAN DE JUGAR Y ENTRE EL VERDOR DEL CAMPO TÚ LOS PUEDES MIRAR.",LENGUA_INDIGENA
UATSI SAPICHU,DUERME MI UÁTSÏ SAPICHU,UATSI SAPICHU ||| DUERME MI UÁTSÏ SAPICHU,,"DUERME MI UÁTSÏ SAPICHU UÁTSI SAPICHU HERMOSO AXUNI, KUINI, TZINTZUN, KUARAKI SAPICHU TU SUEÑO ATENTA, VELARÁ MI KURHIKAUERI ERES, FLORECITA EL SOL DE MI CORAZÓN. UÁTSI SAPICHU HERMOSO AXUNI, KUINI, TZINTZUN, KUARAKI SAPICHU MI KURHIKAUERI ERES, FLORECITA EL SOL DE MI CORAZÓN. LA NANA KUTSI, VIENE YA TU SUEÑO ATENTA, VELARÁ DUERME CORAZÓN, DUERME MORENITO QUE TU MADRE AQUÍ, TE CUIDARÁ. LA NANA KUTSI, VIENE YA TU SUEÑO ATENTA, VELARÁ DUERME CORAZÓN, DUERME MORENITO QUE TU MADRE AQUÍ, TE CUIDARÁ.",LENGUA_INDIGENA
UATSI SAPICHU,EL KOKI Y LA KUANASI,UATSI SAPICHU ||| EL KOKI Y LA KUANASI,,EN LA JAPUNDA JUGABAN EL KOKI CON LA KUANASI CUANDO EL CUIRIS VOLANDO BAJÓ A NADAR DIJO LA RANA ENOJADA “PATO NO SEAS TAN GROSERO” VETE VOLANDO A TU JAPONDA VIENE LLEGANDO LA NANA KUTSI PORQUE ES LA HORA DE DESCANSAR. EL KUIRIS PARPÓ APENADO NO FUE MI INTENCIÓN MOJARLO KOKI QUIERO SER TU AMIGO TU AMIGO FIEL KUANI POR FAVOR CRÉEME SÍGANME PRONTO AL JAPONDA DEL JAPUS Y DEL AKUITSE LOS CUIDARÉ EL SAPO CROABA CON LA RANITA Y EL KUIRIS IBA FELIZ TAMBIÉN LA NANA KUTZI LOS CUIDA BIEN.,LENGUA_INDIGENA
UATSI SAPICHU,KUARAKI,UATSI SAPICHU ||| KUARAKI,,"PEQUEÑA ARDILLA TRAVIESA, ¿DÓNDE TE ENCUENTRAS? ¡BÁJATE PRONTO DE AHÍ! VI TU JARHÁMUTA SOLA, DIME, ARDILLITA, ¿POR QUÉ TE PORTAS ASÍ? SÉ QUE ELEVARTE TÚ QUIERES, SABES, ARDILLA, QUE TÚ NO PUEDE VOLAR, PUEDES BRINCAR POR LAS RAMAS PERO SIN ALAS, NO PODRÁS EL VUELO ALZAR SALTA ENTRE LOS PINOS, HUELE EL TORONJIL, PERO REGRESA A TU CUEVA, TEN MUCHO CUIDADO, TE PUEDES HERIR. MUEVE LAS OREJAS, ARRUGA LA NARIZ, CORRE CON GRACIA KUARAKI, ALZANDO TU COLA, HAZME SONREÍR.",LENGUA_INDIGENA
UATSI SAPICHU,LA TSÍKATA Y EL KÚKUNO,UATSI SAPICHU ||| LA TSÍKATA Y EL KÚKUNO,,"LA TSÍKATA Y EL KÚKUNO POR EL CORRAL LA GALLINA PUSO EN EL NIDO SUS HUEVOS CUANDO EL KÚKUNO, ENOJADO, EN ESTA FORMA LE HABLÓ: “TSÍKATA, VIEJA CHISMOSA VE A CACAREAR A OTRO LADO ESPANTASTE A LOS GUSANOS Y SIN ALMORZAR ESTOY.” TSÍKATA MUY ENOJADA AUNQUE ESTABA ECHADA SE PARÓ A PELEAR. LE RESPONDIÓ AL GUAJOLOTE: “VE A COMER ELOTES Y DÉJAME EN PAZ” ERES UN GRAN PRESUMIDO, CON TUS PLUMAS TAN INFLADAS DE QUÉ TE SIRVEN LAS ALAS SI NUNCA LGRAS VOLAR. LE CONTESTÓ EL GUAJOLOTE “CACAREAS HASTA SIN HUEVOS ERES, GALLINA, ARGÜENDERA, TAMPOCO PUEDES VOLAR. CUENTAN QUE EN EL GALLINERO SE ARMÓ LA PELEA Y VIERON VOLAR PLUMAS QUE LA GALLINITA LE ARRANCÓ EL GROSERO, QUE NO PUDO HABLAR. DESDE ESE DÍA, EL PELEONERO, LE SACA LA VUELTA, Y SE VUELVE A ESCUCHAR CACAREAR A LA GALLINA QUE A DIARIO SUS HUEVOS LOS VUELVE A CANTAR.",ESPAÑOL_REGIONAL
UATSI SAPICHU,MI UARECITA,UATSI SAPICHU ||| MI UARECITA,,"¡AY!, UARECITA VENTE CONMIGO A LOS CAMPOS PARA JUGAR. PEDÍA LA ARDILLA A LA PEQUEÑA QUE A DIARIO VA A ESE LUGAR. ERES, MORENA, NIÑA BONITA QUE ALUMBRA POR DONDE VAS CON TUS OJAZOS QUE COMO SOLES CALIENTAN CON SU MIRAR. QUÉDATE AQUÍ CONMIGO YO JUGARÉ CONTIGO VOY A CONTARTE LOS CUENTO. QUE YO ME SÉ… CUÉNTAME A LO QUE JUEGAS LES CONTARÉ A OTROS NIÑOS PARA QUE VENGAN PRONTO A MI MICHOACÁN. FLOR DE LOS VALLES, PARÁKATA YA ESTÁ LISTA PARA VOLAR. SOBRE SUS ALAS QUIERE LLEVARTE A OTROS RUMBOS DE MICHOACÁN. LA MARIPOSA TIENE COLORES QUE DARTE PARA ADORNAR TU PÍEL MORENA Y ASÍ EL CAMINO QUE ANDAMOS, ILUMINAR. NIÑA DE TRENZAS NEGRAS REBOZO ENAGUAS AMPLIAS CON TU UANENGO Y UARACHES DE SUAVE ANDAR. NIÑA, MI UARECITA VEN A CANTAR CONMIGO A INVITAR A OTROS NIÑOS. A MICHOACÁN",ESPAÑOL_REGIONAL
UATSI SAPICHU,"SOL CHARALITO, SOL","UATSI SAPICHU ||| SOL CHARALITO, SOL",,"UN PESCADOR EN EL LAGO ANDABA BUSCANDO UN CHARAL, UN DUENDECILLO LE DIJO QUE EL CHARALITO GUARDABA VIEJOS SECRETOS DEL SOL. EL PESCADOR LO BUSCABA CON ANGUSTIANTE TEMOR, PORQUE LA NOCHE ERA OSCURA NO LE MOSTRABA LA LUNA NI UN LIGERO RESPLANDOR. SAL CHARALITO, SAL, SAL, ILUMINA EL LAGO, VIVE DORMIDA LA GENTE PORQUE NADA LOS ALUMBRA NI HAY NADA QUE LOS CALIENTE. ENTONCES UN REMOLINO EN EL LAGO SE FORMÓ. PARA EL CHARAL FUE CAMINO QUE LO LLEVABA QUE LO LLEVABA HASTA EL CIELO ¡Y EN SOL SE CONVIRTIÓ! EL CHARALSOL MUY CONTENTO AL LAGO LE AGRADECIÓ CON LA MIRADA CALIENTE Y DESPERTÓ ASÍ A LA GENTE PORQUE EL SOL ¡YA AMANECIÓ! SAL CHARALITO, SOL. SAL, ILUMINA EL LAGO, VICE CONTENTE LA GENTE BAJO TU MIRADA ARDIENTE SOLCHARALITOSAL.",ESPAÑOL_REGIONAL
UATSI SAPICHU,TSINTSUNI,UATSI SAPICHU ||| TSINTSUNI,,"VINO EL COLIBRÍ DE MADRUGADA PARA INVITAR AL UÁTSÏ SAPICHU, NIÑO PEQUEÑO, MI MORENITO, AL VALLE A CORRETEAR. EN EL ERANDI, AMANECER CUANDO SUS BRAZOS EL SOL ESTIRA, Y EMPIEZA A ACARICIAR TSITSIKI SAPICHU, LA FLORECITA A SUS AMIGOS SUELE INVITAR, MIL TRAVESURAS INVENTARÁN. ¡AY! EL MÁS TRAVIESO ES COLIBRÍ TZINTZUNI QUE CON SU LARGO PICO HACE COSQUILLAS SIN DEJAR DE ALETEAR. LA FLORECITA SUELTA SU POLEN LOS HACE ESTORNUDAR. EL SOL BOSTEZÓ, LLEGÓ LA NOCHE AL VALLE, TSITSIKI SAPICHU YA SE DURMIÓ, EL UÁTSÏ SAPICHU YA SE REGRESPI TSINTSUNI MAÑANA VOLVERÁ. DUERME MI UÁTSÏ SAPICHU DEJA LIBRE TU SUEÑO, LIBRE, COMO EL TSINTSUNI.",LENGUA_INDIGENA
UATSI SAPICHU,UN OLOROSO AMIGO,UATSI SAPICHU ||| UN OLOROSO AMIGO,,"ENTRE PERALES, MAMEYES, GUAYABOS VIVO, Y EL AROMA DE LAS FLORES, GOZANDO ESTOY, PERO ENOJADO O CON MIEDO, SOY AGRESIVO, DEJO MIS FUERTES OLORES POR DONDE VOY. ¡AY! SOY UN ZORRILLO AMIGABLE, PERO ENOJADO O CON MIEDO SOY DE LO PEOR LANZO MI ALMIZCLE A CUALQUIERA QUE ME MALTRATE, AL VER QUE ALZO MI PATA, SE VA VELOZ. CORRO CONTENTO TEMPRANO ENTRE LOS TEJOCOTES, BAÑO MI CUERPO DE ATSIMU QUE EN EL KÓKU HAY LUEGO ME SECO TEMBLANDO FRENTE AL TARÍATA, A MI JARHÁMUTA NOCHE LLEGO A DORMIR. ¡AY! SOY UN ZORRILLO AMIGABLE…",LENGUA_INDIGENA
UN MAULLIDO EN LA AZOTEA,CHACARERA DE LOS GATOS,UN MAULLIDO EN LA AZOTEA ||| CHACARERA DE LOS GATOS,Ma. Elena Walsh,"Tres burrongos elegantes, de bastón, calera y guantes, dando muchas volteretas, prepararon sus maletas. Toda la ratonería, preguntó con picardía: misifusas dónde van, nos vamos a cucuman. Pues le han pasado el dato, que hay concurso para gatos; los tres bichis allá van, en tranvía cucuman. Con cautela muy gatuna, cruzan la bate de luna y se tiran de cabeza, al concurso de belleza, pues como el concurso era para gato mucho cgacarera, los hecharon del salón, sin ninguna explicación. Volvieron poco después, las caleras al revés, con labrojos en el pelo y las colas por el suelo. Le maullarón la verdad, a toda la vecindad, cucuman es feo y triste, porque el gato allá no existe; los ratones escucharon y en seguida se marcharon, los ratones allá van en tranvía cucuman.",LENGUA_INDIGENA
UN MAULLIDO EN LA AZOTEA,DRÁCULA,UN MAULLIDO EN LA AZOTEA ||| DRÁCULA,,"DRÁCULA Autor: Valentín Rincón Drácula es un cónde, que duerme de día en un ataúd de madera fina, y como murciélago viaja por la noche, él no necesita, para nada el coche, en vez de cenar en un restaurant, sangre de personas prefiere tomar, dieta balanceada no acostumbra no, y no le omedenta el colesterol. Que no, que no, que no tede el calambre, porque, porque, porque te chupa la sangre; que no, que no, que no tede el calambre, porque, porque, porque te chupa la sangre. Drácula elegante, drácula el vampiro, siempre cauteloso con mucho colmillo, pela bien el ojo y también el diente, porque le gusta la sangre caliente. Que no, que no, que no tede el calambre, porque, porque, porque te chupa la sangre; que no, que no, que no tede el calambre, porque, porque, porque te chupa la sangre; que no, que no, que no tede el calambre, porque, porque, porque te chupa la sangre; que no, que no, que no tede el calambre, porque, porque, porque te chupa la sangre. que no, que no, que no tede el calambre, porque, porque, porque te chupa la sangre; que no, que no, que no tede el calambre, porque, porque, porque te chupa la sangre.",ESPAÑOL_REGIONAL
UN MAULLIDO EN LA AZOTEA,GATITA PINTA,UN MAULLIDO EN LA AZOTEA ||| GATITA PINTA,Valentín y Gilda Rincón,"Gatita de tres colores, blanca, negra y amarilla, a mi casa me la traje porque la encontre perdida. Gatita de tres colores, blanca, negra y amarilla, a mi casa me la traje porque la encontre perdida. La bañe con agua tibia, luego le di de comer, se hecho a dormir en el sol, ronroneando de clase. Una oreja negra, la otra amarilla, para oír de noche, para oír de día, con la oreja negra oye los ratones y con la amarilla oye los gorreones. Tigre de bolsillo, mi mansa gatita, con su cuello blanco y su cola pinta. Gatita de tres colores, blanca, negra y amarilla, a mi casa me la traje porque la encontre perdida. La bañe con agua tibia, luego le di de comer, se hecho a dormir en el sol, ronroneando de clase. Una oreja negra, la otra amarilla, para oír de noche, para oír de día, con la oreja negra oye los ratones y con la amarilla oye los gorreones.",ESPAÑOL_ESTANDAR
UN MAULLIDO EN LA AZOTEA,GATO DE BARRIO,UN MAULLIDO EN LA AZOTEA ||| GATO DE BARRIO,Francisco Gabilondo,"Un gatito me decía: Yo soy de barrio, de un barrio pobre y trabajador, y me lavo la carita con saliba y luego salgo a echarme al sol. Qué bonito es mi barrio, sobre todo en las mañanas cuando pasa echando chispas el camión. Pa’ que’s más que la pura verdá, que me da de alazo mi canción, pa’ que’s más que la pura verdá, cuando toca el guitarrón. El gatito repitió: Es imposible que yo me juera de mi cantón, pos me untaron los bigotes con manteca para robarme el corazón. Qué bonito es mi barrio, sobre todo por la noche cuando enpiezan los cochinos a roncar. A lo lejos, por los cerros, ladran juntos veinte perros y no dejan las chicharras de cantar. Pa’ que’s más que la pura verdá, que me da de alazo mi canción, pa’ que’s más que la pura verdá, cuando toca el guitarrón.",ESPAÑOL_REGIONAL
UN MAULLIDO EN LA AZOTEA,GATO VIUDO,UN MAULLIDO EN LA AZOTEA ||| GATO VIUDO,Chava Flores,"Cuando la luna, se pone regrandota, como una pelotota y a lumbra el callejón. Se oye el maullido del triste gato viudo y su lomo peludo, se eriza con horror. Pero no falta, quién mande un zapataso, que salga hecho un balaso a quitarle lo chillón. Quien el alero, del místico tejado el gato se ha quejado, cantando está canción. Para cuarme el mal de amores, dijeron los doctores que no había salvación. Ahora me dicen gato viudo, porque una gata pudo quitarme lo chiquión. Antes sacaba del mandado, me daba pa’ mi helado, mi cine y futbol. Ahora con lo que me ha pasado, me tienen más que enfriado que el hielo de haibol. Con ésta triste, maullida serenata, la noche es una lata no duermen más gallón. Salió una vieja con cuetes, crema y bata y le pidió a la gata, tuviera compasión, pero la indina, se hace la remolona pues dice la patrona que ya no da jalón, y el pobre gato, está pagando el pato allá va otro zapato, allá va otra canción. Cuando la luna, se pone regrandota, como una pelotota y a lumbra el callejón. Se oye el maullido del triste gato viudo y su lomo peludo, se eriza con horror. Pero no falta, quién mande un zapataso, que salga hecho un balaso a quitarle lo chillón. Quien el alero, del místico tejado el gato se ha quejado, cantando está canción. Para cuarme el mal de amores, dijeron los doctores que no había salvación. Ahora me dicen gato viudo, porque una gata pudo quitarme lo chiquión. Antes sacaba del mandado, me daba pa’ mi helado, mi cine y futbol. Ahora con lo que me ha pasado, me tienen más que enfriado que el hielo de haibol.",ESPAÑOL_REGIONAL
UN MAULLIDO EN LA AZOTEA,LA BRUJA CIZAÑA,UN MAULLIDO EN LA AZOTEA ||| LA BRUJA CIZAÑA,,"LA BRUJA CIZAÑA Autor: Valentín Rincón La bruja cizaña, tiene muchas mañas, y tiene en vez de cesera, tiene telarañas, mete la discordía, contando de ti muchos chismes feos, allá y por aquí; junta diez arañas con lagañas, y de una alimaña, las pestañas, ella ten araña con patrañas y con artimañas, una y mil. Es muy truculenta, la bruja cizaña, y de ella se cuentan historias extrañas, puede convertirse en rana o en pez y a los que la miran, los deja de ha seis, junta diez arañas con lagañas, y de una alimaña, las pestañas, ella ten araña con patrañas y con artimañas, una y mil. Prepara brebajes, con fibras de caña, diciendo conjuros, palabras extrañas, abracadabrixis, patitas de res, betabel chilisis y dulce de nuez, junta diez arañas con lagañas, y de una alimaña, las pestañas, ella ten araña con patrañas y con artimañas, una y mil.",ESPAÑOL_REGIONAL
UN MAULLIDO EN LA AZOTEA,LA BRUJA,UN MAULLIDO EN LA AZOTEA ||| LA BRUJA,,"¡Ay! que bonito es volar, a las once de la noche, a las once de la noche, ¡Ay! que bonito es volar, ¡Ay! Mamá, para venir a quedar, en los tirantes del coche, en los tirantes del coche, tras cuche quisiera llevar. Me agarra la bruja y me lleva al cuartel, me vuelve maceta y me da de comer, me agarra la bruja y me lleva a su casa, me vuelve maceta y una calabaza, y digame, y digame, digame usted, cuantas criaturitas se a chupado usted, ninguna, ninguna, ninguna nosé, ando en pretenciones de chuparlo a usted. ¡Ay! que bonito es volar, a las dos de la mañana, a las dos de la mañana, ¡Ay! que bonito es volar, ¡Ay! Mamá, para venir a quedar en los bracitos de Juana, en los bracitos de Juana, y hasta quisiera llorar, ¡Ay! Mamá, Me agarra la bruja y me lleva al cuartel, me vuelve maceta y me da de comer, me agarra la bruja y me lleva a su casa, me vuelve maceta y una calabaza, y digame, y digame, digame usted, cuantas criaturitas se a chupado usted, ninguna, ninguna, ninguna nosé, ando en pretenciones de chuparlo a usted.",ESPAÑOL_ESTANDAR
UN MAULLIDO EN LA AZOTEA,LOS GATOS BANDA,UN MAULLIDO EN LA AZOTEA ||| LOS GATOS BANDA,Valentín Rincón,"Dicen que los gatos banda son muy malos, malos, malos, malos, uyu, yu, yu; te róban, te asaltan y te dan de palos uyu, yu, yu; pero eso no es cierto, son puras mentiras, chismes que se dejan de hacer, te sacan los periódicos, en amarigrafías, pero tú no vas a creer; dicen que los gatos banda son rebeldes, mucho muy horribles, uyu, yu, yu; que hacen reventones, y que son rockeros, y que son muy malos, uyu, yu, yu, yu, yu, yu, yu, yu. Dicen que los gatos banda son muy malos, malos, malos, malos, uyu, yu, yu; te róban, te asaltan y te dan de palos uyu, yu, yu; pero eso no es cierto, son puras mentiras, chismes que se dejan de hacer, te sacan los periódicos, en amarigrafías, pero tú no vas a creer; dicen que los gatos banda son rebeldes, mucho muy horribles, uyu, yu, yu; que hacen reventones, y que son rockeros, y que son muy malos, uyu, yu, yu, yu, yu, yu, yu, yu.",LENGUA_INDIGENA
UN MAULLIDO EN LA AZOTEA,LOS GATOS DE ROCÍO,UN MAULLIDO EN LA AZOTEA ||| LOS GATOS DE ROCÍO,,"LOS GATOS DE ROCÍO Autor: Valentín y Gilda Rincón En la casa de Rocío, todo es miau y mio, mio; porque tiene tantos gatos que los guarda en los zapatos, que los guarda en la alacena, por parejas, por docenas; cuando abre los balcones salen gatos a montones, pues en casa de Rocío, vieras tú que gaterio tiene tantos gatos tiene que los guarda en los cajones tiene un gato, muchos tiene, colilargos, bigotones, gatos grises, gatos blancos, gatos negros, gatos pardos. ¡Ay! Rocío miau y mio, gatos grandes, gatos crio, gatototes, gatititos, gatigrados amarillos, gatasos por la azotea, que maullando se pasean tiene gatos, gatos tiene, tiene cinco, tiene veinte, tantos gatos ¡Ay! Rocío, que cantan miau y mio, que a tres cuadras los ratones pasan con escalofrío, pasan con escalofrío.",ESPAÑOL_REGIONAL
UN MAULLIDO EN LA AZOTEA,LOS GATOS LOCOS,UN MAULLIDO EN LA AZOTEA ||| LOS GATOS LOCOS,Oscar Huerta,"Somos los gatos, los gatos locos que ha los ratones corretearan. Bom, bom, bom, bom, bom, bom, bom, bom, bom, bom, bom. Eh, para, para, eh, para, para, eh, para, para, eh. Si tienes novia, cuídala mucho porque los gatos te la quitaran. Somos gatos sin ratón, no tenemos corazón, no tenemos ni colchón donde dormir; siempre andamos en amor en eterno vacilón, más los gatos no me quieren a mí. Cuando voy muy decidido a mi gata enamorarme y se que ¡estas torcido! te has quedado sin cenar. Somos los gatos, los gatos locos que ha los ratones corretearan. Bom, bom, bom, bom, bom, bom, bom, bom, bom, bom, bom. Eh, para, para, eh, para, para, eh, para, para, eh. Eh, para, para, eh, para, para, eh, para, para, eh.",ESPAÑOL_ESTANDAR
UN MAULLIDO EN LA AZOTEA,MI GATITO,UN MAULLIDO EN LA AZOTEA ||| MI GATITO,Valentín y Gilda Rincón,"Mi gatito es negro, con las patas blancas, si es de mala suerte, es de buena pata; si es de mala suerte, no lo creo yo, es sólo un gatito negro y jugetón, alza las canicas y come pellejos, gato no es mojasa porque no tenemos; gatito, gatito, le digo si duerme, le abro una rendija de sus ojos verdes. Cuando sea grande yo se que será, por las azoteas a vagabundiar, dentro de las sombras, será su silueta, donde sobra tinta, de la noche negra, sus grandes pupilas redondas y abiertas, silenciosa sombra de las azoteas; pero con nosotros siempre ha de volver, a buscar su leche cuando tenga sed; gatito, gatito, pára bien la oreja, le paso la mano, lo dejo que duerma.",ESPAÑOL_REGIONAL
UN MAULLIDO EN LA AZOTEA,SIETE VIDAS,UN MAULLIDO EN LA AZOTEA ||| SIETE VIDAS,Valentín y Gilda Rincón,"Si como el gato yo, tuviera siete vidas, siete niños distintos en mí cabrían; uno sería bombero de casco rojo, otro sería marino, otro sería piloto, el cuarto pues el cuarto fuera inventor, inventaría helados de mágico sabor; el quinto que sería ¡Ah! Equilibrista, el más osado y ducho de la pista, sería mi sexta vida la de un poeta, pintor que lleva versos en la paleta, con la última vida si yo pudiera, viajar por todo el mundo eso quisiera. Si como el gato yo, tuviera siete vidas, siete niños distintos en mí cabrían; uno sería bombero de casco rojo, otro sería marino, otro sería piloto, el cuarto pues el cuarto fuera inventor, inventaría helados de mágico sabor; el quinto que sería ¡Ah! Equilibrista, el más osado y ducho de la pista, sería mi sexta vida la de un poeta, pintor que lleva versos en la paleta, con la última vida si yo pudiera, viajar por todo el mundo eso quisiera.",ESPAÑOL_ESTANDAR